rank	set_id	title	score	views	likes	id_rate	n_slots	audio_coverage	link	whitelist	url
1	261s43wt	Two Friends - Big Bootie Mix Volume 16	12.749	34300	12	0.996	227	0.833	soundcloud	1	https://w.soundcloud.com/player/?url=https://api.soundcloud.com/tracks/694265923&show_artwork=true&color=%23ff5500&hide_related=true&show_comments=false&show_user=true&show_reposts=false&show_teaser=false&visual=true
2	12krb3n1	Kygo @ Mainstage, Ultra Music Festival Miami, United States	12.679	36400	36	1.0	15	0.667	soundcloud	1	https://w.soundcloud.com/player/?url=https://api.soundcloud.com/tracks/254813618&show_artwork=true&color=%23ff5500&hide_related=true&show_comments=false&show_user=true&show_reposts=false&show_teaser=false&visual=true
3	11w6bq1k	John Summit @ circuitGROUNDS, EDC Las Vegas, United States	12.371	21200	22	1.0	22	0.682	soundcloud	1	https://w.soundcloud.com/player/?url=https://api.soundcloud.com/tracks/1275308353&show_artwork=true&color=%23ff5500&hide_related=true&show_comments=false&show_user=true&show_reposts=false&show_teaser=false&visual=true
4	2gcjv6vk	Alison Wonderland & Diplo & JAUZ @ kineticFIELD, EDC Las Vegas, United States	12.302	33600	18	1.0	88	0.568	soundcloud	1	https://w.soundcloud.com/player/?url=https://api.soundcloud.com/tracks/329402025&show_artwork=true&color=%23ff5500&hide_related=true&show_comments=false&show_user=true&show_reposts=false&show_teaser=false&visual=true
5	h0321c1	Galantis @ kineticFIELD, EDC Las Vegas, United States	12.085	9500	5	0.982	57	0.877	soundcloud	1	https://w.soundcloud.com/player/?url=https://api.soundcloud.com/tracks/271322055&show_artwork=true&color=%23ff5500&hide_related=true&show_comments=false&show_user=true&show_reposts=false&show_teaser=false&visual=true
6	8gtuvbt	Diplo @ Mad Decent Block Party Los Angeles, United States	12.026	9100	11	0.986	81	0.778	soundcloud	1	https://w.soundcloud.com/player/?url=https://api.soundcloud.com/tracks/224957345&show_artwork=true&color=%23ff5500&hide_related=true&show_comments=false&show_user=true&show_reposts=false&show_teaser=false&visual=true
7	184l2d3t	Diplo @ 7th Year Anniversary, XS Nightclub Las Vegas, United States	11.974	15800	14	1.0	182	0.593	soundcloud	1	https://w.soundcloud.com/player/?url=https://api.soundcloud.com/tracks/255605501&show_artwork=true&color=%23ff5500&hide_related=true&show_comments=false&show_user=true&show_reposts=false&show_teaser=false&visual=true
8	2yhswn9	Jack Ü (Diplo & Skrillex) & A-Trak & Ape Drums + More @ Beatport Marathon DJ Par	11.899	55800	67	0.966	361	0.402	youtube	1	https://www.youtube.com/watch?v=1wC2dGnmCCk
9	27ujm889	Getter & Valentino Khan - Diplo & Friends	11.882	24700	14	0.991	111	0.459	soundcloud	1	https://w.soundcloud.com/player/?url=https://api.soundcloud.com/tracks/301890963&show_artwork=true&color=%23ff5500&hide_related=true&show_comments=false&show_user=true&show_reposts=false&show_teaser=false&visual=true
10	6766pgk	Dillon Francis & DJ Hanzel - Diplo & Friends	11.868	21300	12	1.0	59	0.492	soundcloud	1	https://w.soundcloud.com/player/?url=https://api.soundcloud.com/tracks/222337015&show_artwork=true&color=%23ff5500&hide_related=true&show_comments=false&show_user=true&show_reposts=false&show_teaser=false&visual=true
11	qgzvqq1	Diplo @ Infinity Stage, Countdown NYE, NOS Events Center San Bernardino, United 	11.85	12700	7	1.0	119	0.647	soundcloud	1	https://w.soundcloud.com/player/?url=https://api.soundcloud.com/tracks/300838827&show_artwork=true&color=%23ff5500&hide_related=true&show_comments=false&show_user=true&show_reposts=false&show_teaser=false&visual=true
12	111sd47k	John Summit @ Pop Up Set, Vail Mountain Colorado, United States	11.836	8700	15	1.0	17	0.647	soundcloud	1	https://w.soundcloud.com/player/?url=https://api.soundcloud.com/tracks/1762279698&show_artwork=true&color=%23ff5500&hide_related=true&show_comments=false&show_user=true&show_reposts=false&show_teaser=false&visual=true
13	23cm31t	Diplo @ Mad Decent Stage, TomorrowWorld, United States	11.83	15200	12	0.97	69	0.826	youtube	1	https://www.youtube.com/watch?v=7MBxIx7eoUA
14	fgtn5c9	FISHER @ Sutro, Outside Lands San Francisco, United States	11.782	20400	23	0.957	23	0.435	soundcloud	1	https://w.soundcloud.com/player/?url=https://api.soundcloud.com/tracks/1597009461&show_artwork=true&color=%23ff5500&hide_related=true&show_comments=false&show_user=true&show_reposts=false&show_teaser=false&visual=true
15	5rhk44t	Diplo @ Diplo & Friends (Encore Beach Club, XS Nightclub Las Vegas, United State	11.742	10500	7	0.99	107	0.645	soundcloud	1	https://w.soundcloud.com/player/?url=https://api.soundcloud.com/tracks/172323561&show_artwork=true&color=%23ff5500&hide_related=true&show_comments=false&show_user=true&show_reposts=false&show_teaser=false&visual=true
16	1sxwt001	Diplo @ Perry's Stage, Lollapalooza Chile	11.731	13100	4	0.986	99	0.646	soundcloud	1	https://w.soundcloud.com/player/?url=https://api.soundcloud.com/tracks/315645103&show_artwork=true&color=%23ff5500&hide_related=true&show_comments=false&show_user=true&show_reposts=false&show_teaser=false&visual=true
17	nn5hzr1	Diplo & A-Trak @ kineticFIELD, EDC Orlando, United States	11.727	10700	9	1.0	137	0.599	soundcloud	1	https://w.soundcloud.com/player/?url=https://api.soundcloud.com/tracks/357200417&show_artwork=true&color=%23ff5500&hide_related=true&show_comments=false&show_user=true&show_reposts=false&show_teaser=false&visual=true
18	2wmfftwk	Chris Lake & FISHER @ Outdoor Theatre, Coachella Festival Weekend 1, United Stat	11.714	28700	38	0.963	29	0.517	youtube	1	https://www.youtube.com/watch?v=uNTHtzZ2BqY
19	16mv7g6t	FISHER & Chris Lake @ Under Construction, Hollywood Blvd Los Angeles, United Sta	11.703	22900	33	0.923	52	0.365	soundcloud	1	https://w.soundcloud.com/player/?url=https://api.soundcloud.com/tracks/1728912576&show_artwork=true&color=%23ff5500&hide_related=true&show_comments=false&show_user=true&show_reposts=false&show_teaser=false&visual=true
20	66wusst	Two Friends - Big Bootie Mix Volume 7	11.677	13400	9	1.0	101	0.525	soundcloud	1	https://w.soundcloud.com/player/?url=https://api.soundcloud.com/tracks/231905389&show_artwork=true&color=%23ff5500&hide_related=true&show_comments=false&show_user=true&show_reposts=false&show_teaser=false&visual=true
21	1ftlgsf9	Diplo & Dillon Francis @ Hard Stage, HARD Summer Festival, United States	11.673	39100	14	1.0	133	0.496	youtube	1	https://www.youtube.com/watch?v=zPSsXs8-6Qw
22	29fvvlk	Galantis @ Something Wicked Festival, United States	11.648	4400	3	1.0	27	0.852	soundcloud	1	https://w.soundcloud.com/player/?url=https://api.soundcloud.com/tracks/183131706&show_artwork=true&color=%23ff5500&hide_related=true&show_comments=false&show_user=true&show_reposts=false&show_teaser=false&visual=true
23	2jj57cn9	John Summit @ circuitGROUNDS, EDC Las Vegas, United States	11.648	7800	6	1.0	24	0.667	soundcloud	1	https://w.soundcloud.com/player/?url=https://api.soundcloud.com/tracks/1519116769&show_artwork=true&color=%23ff5500&hide_related=true&show_comments=false&show_user=true&show_reposts=false&show_teaser=false&visual=true
24	1100t1l9	John Summit & Nicole Moudaber @ Off The Grid, Factory Town, Miami Music Week	11.6	11800	21	0.976	42	0.452	soundcloud	1	https://w.soundcloud.com/player/?url=https://api.soundcloud.com/tracks/1486252633&show_artwork=true&color=%23ff5500&hide_related=true&show_comments=false&show_user=true&show_reposts=false&show_teaser=false&visual=true
25	1xyp9bjk	RÜFÜS DU SOL @ Mayan Warrior, Burning Man, United States	11.552	30100	64	0.958	24	0.125	soundcloud	1	https://w.soundcloud.com/player/?url=https://api.soundcloud.com/tracks/2010642907&show_artwork=true&color=%23ff5500&hide_related=true&show_comments=false&show_user=true&show_reposts=false&show_teaser=false&visual=true
26	1ply51dt	John Summit @ Experts Only, Art Basel Miami, Toejam Backlot, United States	11.544	13700	19	1.0	37	0.378	soundcloud	1	https://w.soundcloud.com/player/?url=https://api.soundcloud.com/tracks/1988609215&show_artwork=true&color=%23ff5500&hide_related=true&show_comments=false&show_user=true&show_reposts=false&show_teaser=false&visual=true
27	pyl5q01	John Summit @ Club Space Miami, United States	11.532	23100	41	0.961	161	0.217	soundcloud	1	https://w.soundcloud.com/player/?url=https://api.soundcloud.com/tracks/2096414688&show_artwork=true&color=%23ff5500&hide_related=true&show_comments=false&show_user=true&show_reposts=false&show_teaser=false&visual=true
28	2j6htr31	Kygo @ Main Stage, Ultra Music Festival Japan	11.527	7800	3	1.0	21	0.667	soundcloud	1	https://w.soundcloud.com/player/?url=https://api.soundcloud.com/tracks/342864585&show_artwork=true&color=%23ff5500&hide_related=true&show_comments=false&show_user=true&show_reposts=false&show_teaser=false&visual=true
29	pyzh66t	John Summit @ Freedom Stage, Tomorrowland Weekend 1, Belgium	11.504	13900	37	0.963	31	0.323	soundcloud	1	https://w.soundcloud.com/player/?url=https://api.soundcloud.com/tracks/2138349519&show_artwork=true&color=%23ff5500&hide_related=true&show_comments=false&show_user=true&show_reposts=false&show_teaser=false&visual=true
30	2vrrkr71	John Summit @ circuitGROUNDS, EDC Las Vegas, United States	11.483	12500	9	0.971	36	0.722	youtube	1	https://www.youtube.com/watch?v=iY8YK0Szpas
31	11vvyl3t	FISHER @ Mainstage, Ultra Music Festival Miami, United States	11.48	33000	46	0.938	16	0.375	youtube	1	https://www.youtube.com/watch?v=yaWVe4R55aY
32	1c5tyhm1	John Summit @ The Palms, CRSSD Festival, United States	11.474	9500	11	1.0	23	0.478	soundcloud	1	https://w.soundcloud.com/player/?url=https://api.soundcloud.com/tracks/1229398447&show_artwork=true&color=%23ff5500&hide_related=true&show_comments=false&show_user=true&show_reposts=false&show_teaser=false&visual=true
33	1mfhw9z9	FISHER @ Mainstage, Tomorrowland Weekend 2, Belgium	11.442	23400	13	1.0	14	0.5	youtube	1	https://www.youtube.com/watch?v=MW_eLPdhOLw
34	1xvqkc2k	John Summit - Radio 1's Essential Mix	11.432	11700	19	0.968	36	0.389	soundcloud	1	https://w.soundcloud.com/player/?url=https://api.soundcloud.com/tracks/1454356798&show_artwork=true&color=%23ff5500&hide_related=true&show_comments=false&show_user=true&show_reposts=false&show_teaser=false&visual=true
35	2hm37f8t	John Summit @ Savaya Bali, Indonesia	11.423	14500	26	1.0	22	0.273	soundcloud	1	https://w.soundcloud.com/player/?url=https://api.soundcloud.com/tracks/1636572873&show_artwork=true&color=%23ff5500&hide_related=true&show_comments=false&show_user=true&show_reposts=false&show_teaser=false&visual=true
36	17z0371	Diplo - Diplo & Friends Rounds Up	11.421	7700	9	1.0	58	0.517	soundcloud	1	https://w.soundcloud.com/player/?url=https://api.soundcloud.com/tracks/127437853&show_artwork=true&color=%23ff5500&hide_related=true&show_comments=false&show_user=true&show_reposts=false&show_teaser=false&visual=true
37	7zvtxd9	Diplo - Diplo & Friends	11.414	9800	6	1.0	64	0.5	soundcloud	1	https://w.soundcloud.com/player/?url=https://api.soundcloud.com/tracks/224018573&show_artwork=true&color=%23ff5500&hide_related=true&show_comments=false&show_user=true&show_reposts=false&show_teaser=false&visual=true
38	8ktvhkt	Two Friends - Big Bootie Mix Vol. 8	11.412	17400	3	0.984	124	0.452	soundcloud	1	https://w.soundcloud.com/player/?url=https://api.soundcloud.com/tracks/225978333&show_artwork=true&color=%23ff5500&hide_related=true&show_comments=false&show_user=true&show_reposts=false&show_teaser=false&visual=true
39	5y3sz0k	Diplo @ Encore Beach Club Las Vegas, United States	11.405	9400	6	0.98	111	0.775	youtube	1	https://www.youtube.com/watch?v=bQ8l76ZvYFY
40	2hkgvv3k	John Summit & Green Velvet & Dom Dolla @ neonGARDEN, EDC Orlando, United States	11.403	8000	9	0.955	22	0.545	soundcloud	1	https://w.soundcloud.com/player/?url=https://api.soundcloud.com/tracks/1385983546&show_artwork=true&color=%23ff5500&hide_related=true&show_comments=false&show_user=true&show_reposts=false&show_teaser=false&visual=true
41	8jqf8n9	Galantis @ Gobi Tent, Coachella Festival, United States	11.397	5400	3	1.0	22	0.682	soundcloud	1	https://w.soundcloud.com/player/?url=https://api.soundcloud.com/tracks/149229786&show_artwork=true&color=%23ff5500&hide_related=true&show_comments=false&show_user=true&show_reposts=false&show_teaser=false&visual=true
42	1guwhcxt	Kygo @ Sunnmøre Alps, Norway	11.394	5800	11	1.0	33	0.545	soundcloud	1	https://w.soundcloud.com/player/?url=https://api.soundcloud.com/tracks/1000200382&show_artwork=true&color=%23ff5500&hide_related=true&show_comments=false&show_user=true&show_reposts=false&show_teaser=false&visual=true
43	2wbmu8t	Ghastly - Diplo & Friends	11.367	16200	8	1.0	50	0.34	soundcloud	1	https://w.soundcloud.com/player/?url=https://api.soundcloud.com/tracks/247556557&show_artwork=true&color=%23ff5500&hide_related=true&show_comments=false&show_user=true&show_reposts=false&show_teaser=false&visual=true
44	936t6h9	Galantis @ Nassau Coco Cay, Bahamas, Holy Ship!, United States	11.362	2300	0	1.0	34	1.0	soundcloud	1	https://w.soundcloud.com/player/?url=https://api.soundcloud.com/tracks/192846919&show_artwork=true&color=%23ff5500&hide_related=true&show_comments=false&show_user=true&show_reposts=false&show_teaser=false&visual=true
45	92gnyl1	Diplo & DJ Snake @ Lucky Seattle, United States	11.351	6100	5	0.983	62	0.855	youtube	1	https://www.youtube.com/watch?v=o-lctN6kRgE
46	273z1j61	John Summit @ Resistance The Cove, Ultra Music Festival Miami, United States	11.329	10000	18	0.897	29	0.448	soundcloud	1	https://w.soundcloud.com/player/?url=https://api.soundcloud.com/tracks/1241741002&show_artwork=true&color=%23ff5500&hide_related=true&show_comments=false&show_user=true&show_reposts=false&show_teaser=false&visual=true
47	lz167f9	Kygo @ Mainstage, Ultra Music Festival Miami, United States	11.307	13100	23	1.0	38	0.5	youtube	1	https://www.youtube.com/watch?v=LLST0kvmKsg
48	1kh4dbd1	Two Friends - Big Bootie Mix Volume 1	11.306	5700	7	1.0	51	0.549	soundcloud	1	https://w.soundcloud.com/player/?url=https://api.soundcloud.com/tracks/231913011&show_artwork=true&color=%23ff5500&hide_related=true&show_comments=false&show_user=true&show_reposts=false&show_teaser=false&visual=true
49	2tblqft	Diplo - Diplo & Friends	11.305	11700	15	1.0	63	0.317	soundcloud	1	https://w.soundcloud.com/player/?url=https://api.soundcloud.com/tracks/246058932&show_artwork=true&color=%23ff5500&hide_related=true&show_comments=false&show_user=true&show_reposts=false&show_teaser=false&visual=true
50	1hpmdgq1	Galantis - New Years Eve 2018 (Mixtape)	11.297	3800	7	1.0	49	0.633	soundcloud	1	https://w.soundcloud.com/player/?url=https://api.soundcloud.com/tracks/547630011&show_artwork=true&color=%23ff5500&hide_related=true&show_comments=false&show_user=true&show_reposts=false&show_teaser=false&visual=true
51	1q7689nt	Diplo @ kineticFIELD, EDC Orlando, United States	11.285	5500	7	1.0	75	0.547	soundcloud	1	https://w.soundcloud.com/player/?url=https://api.soundcloud.com/tracks/907780681&show_artwork=true&color=%23ff5500&hide_related=true&show_comments=false&show_user=true&show_reposts=false&show_teaser=false&visual=true
52	881sqf1	Kygo @ Mainstage, TomorrowWorld, United States	11.278	20000	8	1.0	14	0.5	youtube	1	https://www.youtube.com/watch?v=Mj071XW4CKU
53	2dsdnff9	John Summit @ Higher Ground, Zamna Tulum, Mexico	11.274	13100	22	1.0	21	0.238	soundcloud	1	https://w.soundcloud.com/player/?url=https://api.soundcloud.com/tracks/1431889090&show_artwork=true&color=%23ff5500&hide_related=true&show_comments=false&show_user=true&show_reposts=false&show_teaser=false&visual=true
54	4fgwsxk	Nicky Romero @ Mainstage, Ultra Music Festival Miami, United States	11.26	346600	173	1.0	50	0.8	soundcloud	0	https://w.soundcloud.com/player/?url=https://api.soundcloud.com/tracks/142858723&show_artwork=true&color=%23ff5500&hide_related=true&show_comments=false&show_user=true&show_reposts=false&show_teaser=false&visual=true
55	1mltn87t	FISHER @ Mainstage, Tomorrowland Weekend 2, Belgium	11.254	11800	16	1.0	15	0.533	youtube	1	https://www.youtube.com/watch?v=xeLb4FEYTSs
56	27w25qvk	Diplo - Las Vegas After Hours Mix	11.253	7800	7	0.909	22	0.545	soundcloud	1	https://w.soundcloud.com/player/?url=https://api.soundcloud.com/tracks/483958386&show_artwork=true&color=%23ff5500&hide_related=true&show_comments=false&show_user=true&show_reposts=false&show_teaser=false&visual=true
57	77qptt9	Diplo @ XS Nightclub Las Vegas, United States	11.241	4000	2	1.0	20	0.95	youtube	1	https://www.youtube.com/watch?v=HWL6SAq46yY
58	g43kw8t	Diplo @ Boiler Room	11.236	33700	16	0.907	43	0.14	soundcloud	1	https://w.soundcloud.com/player/?url=https://api.soundcloud.com/tracks/458869416&show_artwork=true&color=%23ff5500&hide_related=true&show_comments=false&show_user=true&show_reposts=false&show_teaser=false&visual=true
59	v5f7dft	Galantis @ Mainstage, Ultra Europe, Croatia	11.236	5400	2	1.0	51	0.882	youtube	1	https://www.youtube.com/watch?v=ag_3tzi6eWo
60	15wy8nk	Major Lazer & Diplo - Diplo & Friends	11.234	18000	14	1.0	82	0.195	soundcloud	1	https://w.soundcloud.com/player/?url=https://api.soundcloud.com/tracks/202890822&show_artwork=true&color=%23ff5500&hide_related=true&show_comments=false&show_user=true&show_reposts=false&show_teaser=false&visual=true
61	27ur8jh9	Diplo & NGHTMRE & Valentino Khan + More @ UMF Radio Stage Mad Decent All Stars, 	11.22	6800	1	0.986	79	0.633	soundcloud	1	https://w.soundcloud.com/player/?url=https://api.soundcloud.com/tracks/315088164&show_artwork=true&color=%23ff5500&hide_related=true&show_comments=false&show_user=true&show_reposts=false&show_teaser=false&visual=true
62	26xbdnbk	Diplo @ Camp Question Mark, Burning Man, United States	11.219	5900	4	1.0	71	0.549	soundcloud	1	https://w.soundcloud.com/player/?url=https://api.soundcloud.com/tracks/341927980&show_artwork=true&color=%23ff5500&hide_related=true&show_comments=false&show_user=true&show_reposts=false&show_teaser=false&visual=true
63	1kbvd1k	Dimitri Vegas & Like Mike @ Mainstage, Tomorrowland Weekend 2, Belgium	11.193	456100	485	1.0	71	0.845	youtube	0	https://www.youtube.com/watch?v=xg7sptEx0Ms
64	92nrd7t	Diplo @ Equinox Stage, Spring Awakening Music Festival, United States	11.189	5700	6	0.959	54	0.796	youtube	1	https://www.youtube.com/watch?v=htNIJ-TEv2I
65	1xpkwlx9	Diplo & MK @ All My Friends Music Festival, ROW DTLA Los Angeles, United States	11.188	10900	1	1.0	18	0.5	soundcloud	1	https://w.soundcloud.com/player/?url=https://api.soundcloud.com/tracks/706412905&show_artwork=true&color=%23ff5500&hide_related=true&show_comments=false&show_user=true&show_reposts=false&show_teaser=false&visual=true
66	mxfub3t	Chris Lake @ Audiotistic Shoreline Amphitheater, United States	11.185	3400	8	1.0	17	0.588	soundcloud	1	https://w.soundcloud.com/player/?url=https://api.soundcloud.com/tracks/1302682528%3Fsecret_token%3Ds-Gly5w0fYhsF&show_artwork=true&color=%23ff5500&hide_related=true&show_comments=false&show_user=true&show_reposts=false&show_teaser=false&visual=true
67	7hfv5dt	Diplo & DJ Sliink & Swizzymack - Diplo & Friends Live (Music Hall Williamsburg, 	11.183	7400	6	0.989	92	0.457	soundcloud	1	https://w.soundcloud.com/player/?url=https://api.soundcloud.com/tracks/107531107&show_artwork=true&color=%23ff5500&hide_related=true&show_comments=false&show_user=true&show_reposts=false&show_teaser=false&visual=true
68	1f657gr1	John Summit - Radio 1's Residency	11.177	2000	4	1.0	38	0.763	soundcloud	1	https://w.soundcloud.com/player/?url=https://api.soundcloud.com/tracks/1909073633&show_artwork=true&color=%23ff5500&hide_related=true&show_comments=false&show_user=true&show_reposts=false&show_teaser=false&visual=true
69	16b4fsht	Chris Lake @ Heldeep Stage, Tomorrowland Weekend 2, Belgium	11.176	27300	11	1.0	20	0.35	youtube	1	https://www.youtube.com/watch?v=JIat7X61U7o
70	12vus5st	Subtronics & John Summit @ circuitGROUNDS, EDC Las Vegas, United States	11.171	10100	11	0.957	28	0.357	soundcloud	1	https://w.soundcloud.com/player/?url=https://api.soundcloud.com/tracks/1522666360&show_artwork=true&color=%23ff5500&hide_related=true&show_comments=false&show_user=true&show_reposts=false&show_teaser=false&visual=true
71	1q656g2t	RÜFÜS DU SOL - BBC Radio 1 Essential Mix	11.164	15500	26	1.0	31	0.129	soundcloud	1	https://w.soundcloud.com/player/?url=https://api.soundcloud.com/tracks/539721375&show_artwork=true&color=%23ff5500&hide_related=true&show_comments=false&show_user=true&show_reposts=false&show_teaser=false&visual=true
72	yy819qt	Two Friends - 2F Friendly Sessions 047 (End Of Decade Episode)	11.158	1200	3	1.0	18	0.889	soundcloud	1	https://w.soundcloud.com/player/?url=https://api.soundcloud.com/tracks/731978944&show_artwork=true&color=%23ff5500&hide_related=true&show_comments=false&show_user=true&show_reposts=false&show_teaser=false&visual=true
73	2p52rhmk	John Summit - Experts Only Radio 001	11.148	3100	12	1.0	20	0.55	soundcloud	1	https://w.soundcloud.com/player/?url=https://api.soundcloud.com/tracks/1514993833&show_artwork=true&color=%23ff5500&hide_related=true&show_comments=false&show_user=true&show_reposts=false&show_teaser=false&visual=true
74	274ngtw1	John Summit @ ANTS, Ushuaïa Ibiza, Spain	11.139	9900	8	1.0	24	0.333	soundcloud	1	https://w.soundcloud.com/player/?url=https://api.soundcloud.com/tracks/1309807021&show_artwork=true&color=%23ff5500&hide_related=true&show_comments=false&show_user=true&show_reposts=false&show_teaser=false&visual=true
75	2m2krgxt	Diplo @ 1900 Le Théâtre Hanoi, Vietnam	11.128	3500	4	1.0	128	0.617	soundcloud	1	https://w.soundcloud.com/player/?url=https://api.soundcloud.com/tracks/620384175&show_artwork=true&color=%23ff5500&hide_related=true&show_comments=false&show_user=true&show_reposts=false&show_teaser=false&visual=true
76	2qsyjwjk	Kygo @ Main Stage, Sziget Festival, Hungary	11.127	6800	4	0.889	18	0.833	youtube	1	https://www.youtube.com/watch?v=reL4pjD5-KM
77	1d9zwh49	Two Friends - Big Bootie Mix Vol. 26	11.123	9900	5	0.995	214	0.374	soundcloud	1	https://w.soundcloud.com/player/?url=https://api.soundcloud.com/tracks/2107148283&show_artwork=true&color=%23ff5500&hide_related=true&show_comments=false&show_user=true&show_reposts=false&show_teaser=false&visual=true
78	2926ul41	John Summit @ TRICK Stage, Creamfields North, United Kingdom	11.122	2900	4	1.0	29	0.655	soundcloud	1	https://w.soundcloud.com/player/?url=https://api.soundcloud.com/tracks/1610485431&show_artwork=true&color=%23ff5500&hide_related=true&show_comments=false&show_user=true&show_reposts=false&show_teaser=false&visual=true
79	16c1u3b1	Diplo @ Mainstage, ElectroBeach Festival France	11.104	5000	6	0.982	108	0.509	soundcloud	1	https://w.soundcloud.com/player/?url=https://api.soundcloud.com/tracks/472340076&show_artwork=true&color=%23ff5500&hide_related=true&show_comments=false&show_user=true&show_reposts=false&show_teaser=false&visual=true
80	13hz12zk	Diplo @ Camp Question Mark, Burning Man, United States	11.099	4000	1	1.0	52	0.673	soundcloud	1	https://w.soundcloud.com/player/?url=https://api.soundcloud.com/tracks/341927980&show_artwork=true&color=%23ff5500&hide_related=true&show_comments=false&show_user=true&show_reposts=false&show_teaser=false&visual=true
81	1uzn6yy9	Diplo @ cosmicMEADOW, EDC Las Vegas, United States	11.092	5900	8	1.0	45	0.422	soundcloud	1	https://w.soundcloud.com/player/?url=https://api.soundcloud.com/tracks/1147361689&show_artwork=true&color=%23ff5500&hide_related=true&show_comments=false&show_user=true&show_reposts=false&show_teaser=false&visual=true
82	250fjmwk	Galantis @ Queen's Domain, Beyond Wonderland, United States	11.092	2700	2	1.0	51	0.961	youtube	1	https://www.youtube.com/watch?v=tqWav8Th7fE
83	2r103s1	Diplo - Sirius XM Sway In The Morning	11.077	8200	6	1.0	27	0.37	soundcloud	1	https://w.soundcloud.com/player/?url=https://api.soundcloud.com/tracks/67549647&show_artwork=true&color=%23ff5500&hide_related=true&show_comments=false&show_user=true&show_reposts=false&show_teaser=false&visual=true
84	15tp5w39	John Summit @ Mainstage, Tomorrowland Weekend 2, Belgium	11.074	7700	18	1.0	21	0.524	youtube	1	https://www.youtube.com/watch?v=oDSc1Id0vK4
85	4yqxw41	Hardwell @ Mainstage, Ultra Music Festival Miami, United States	11.074	591600	401	1.0	44	0.75	youtube	0	https://www.youtube.com/watch?v=jXOgYxUf6Ts
86	2sm86rk	Hardwell @ Mainstage, Ultra Music Festival Miami, United States	11.065	414400	258	1.0	58	0.621	soundcloud	0	https://w.soundcloud.com/player/?url=https://api.soundcloud.com/tracks/199643787&show_artwork=true&color=%23ff5500&hide_related=true&show_comments=false&show_user=true&show_reposts=false&show_teaser=false&visual=true
87	2vfjwt2k	Chris Lake @ Mixmag The Lab Los Angeles, United States	11.061	11500	9	0.944	18	0.556	youtube	1	https://www.youtube.com/watch?v=XVX_JwGfsp4
88	bc532s9	Hardwell @ Mainstage, Ultra Europe, Croatia	11.051	274500	181	1.0	85	0.741	soundcloud	0	https://w.soundcloud.com/player/?url=https://api.soundcloud.com/tracks/274169110&show_artwork=true&color=%23ff5500&hide_related=true&show_comments=false&show_user=true&show_reposts=false&show_teaser=false&visual=true
89	274mb9x1	John Summit @ Higher Ground Stage, Tomorrowland Weekend 1, Belgium	11.05	5200	8	1.0	28	0.679	youtube	1	https://www.youtube.com/watch?v=pYvNUcLuQQc
90	3b0k6zk	Two Friends - Big Bootie Mix Volume 6	11.05	10000	2	1.0	69	0.406	soundcloud	1	https://w.soundcloud.com/player/?url=https://api.soundcloud.com/tracks/231905343&show_artwork=true&color=%23ff5500&hide_related=true&show_comments=false&show_user=true&show_reposts=false&show_teaser=false&visual=true
91	13llvzjt	Diplo @ Palomino Stage, Stagecoach Festival, United States	11.046	8900	4	1.0	75	0.373	soundcloud	1	https://w.soundcloud.com/player/?url=https://api.soundcloud.com/tracks/617165745&show_artwork=true&color=%23ff5500&hide_related=true&show_comments=false&show_user=true&show_reposts=false&show_teaser=false&visual=true
92	7t2dqjt	Martin Garrix & Chris Lake - UMF Radio 270	11.045	3200	1	0.895	65	0.8	soundcloud	1	https://w.soundcloud.com/player/?url=https://api.soundcloud.com/tracks/142353101&show_artwork=true&color=%23ff5500&hide_related=true&show_comments=false&show_user=true&show_reposts=false&show_teaser=false&visual=true
93	6mf58b9	Moksi & Chris Lake - Diplo & Friends	11.043	10300	11	1.0	53	0.245	soundcloud	1	https://w.soundcloud.com/player/?url=https://api.soundcloud.com/tracks/238313727&show_artwork=true&color=%23ff5500&hide_related=true&show_comments=false&show_user=true&show_reposts=false&show_teaser=false&visual=true
94	2wbs552t	Galantis @ Main Stage, Electric Zoo New York, United States	11.042	2400	2	1.0	52	0.962	youtube	1	https://www.youtube.com/watch?v=GH6UF3AFeZY
95	rhv7zw1	Marshmello & Kygo - Diplo & Friends (The Best of the Decade)	11.042	3900	0	1.0	51	0.725	soundcloud	1	https://w.soundcloud.com/player/?url=https://api.soundcloud.com/tracks/213429600&show_artwork=true&color=%23ff5500&hide_related=true&show_comments=false&show_user=true&show_reposts=false&show_teaser=false&visual=true
96	1vzrqdkk	John Summit @ Los Angeles Memorial Coliseum, United States	11.04	4000	3	1.0	22	0.818	youtube	1	https://www.youtube.com/watch?v=95DkDlTfJTA
97	1n8h8jjk	Louis The Child & Fashen - Diplo & Friends	11.031	15500	2	0.988	83	0.313	soundcloud	1	https://w.soundcloud.com/player/?url=https://api.soundcloud.com/tracks/289035643&show_artwork=true&color=%23ff5500&hide_related=true&show_comments=false&show_user=true&show_reposts=false&show_teaser=false&visual=true
98	983xuht	Diplo - Diplo & Friends	11.022	13700	3	0.969	65	0.323	soundcloud	1	https://w.soundcloud.com/player/?url=https://api.soundcloud.com/tracks/116147981&show_artwork=true&color=%23ff5500&hide_related=true&show_comments=false&show_user=true&show_reposts=false&show_teaser=false&visual=true
99	15cx03yt	Diplo @ Life In Color Miami, United States	11.021	8700	3	1.0	100	0.64	youtube	1	https://www.youtube.com/watch?v=aFZNrI5aqgE
100	6j2rzl9	Hardwell @ Mainstage, Tomorrowland, Belgium	10.996	430700	247	1.0	67	0.582	soundcloud	0	https://w.soundcloud.com/player/?url=https://api.soundcloud.com/tracks/216548024&show_artwork=true&color=%23ff5500&hide_related=true&show_comments=false&show_user=true&show_reposts=false&show_teaser=false&visual=true
101	pufx5l9	Two Friends @ Sahara, Coachella Festival Weekend 1, United States	10.992	3700	3	0.925	53	0.887	youtube	1	https://www.youtube.com/watch?v=rpFdgT_GKh4
102	t9zvpf1	Diplo @ Radio 1 Stage, Reading Festival	10.99	3900	4	1.0	101	0.525	soundcloud	1	https://w.soundcloud.com/player/?url=https://api.soundcloud.com/tracks/502045131&show_artwork=true&color=%23ff5500&hide_related=true&show_comments=false&show_user=true&show_reposts=false&show_teaser=false&visual=true
103	20h79cl1	FISHER - BBC Radio 1 Essential Mix	10.986	22000	20	1.0	29	0.241	youtube	1	https://www.youtube.com/watch?v=Jpek06RRJMg
104	1w2gxg0t	FISHER @ kineticFIELD, EDC Las Vegas, United States	10.969	12600	13	0.964	30	0.433	youtube	1	https://www.youtube.com/watch?v=yM8QaUL5yak
105	2gq8j381	FISHER @ Cow Palace San Francisco, United States	10.966	17000	23	0.912	36	0.361	youtube	1	https://www.youtube.com/watch?v=qUDh5mmrIqE
106	10y0uq5k	Diplo - Radio 1's Essential Mix	10.965	6700	10	1.0	97	0.309	soundcloud	1	https://w.soundcloud.com/player/?url=https://api.soundcloud.com/tracks/1494419584&show_artwork=true&color=%23ff5500&hide_related=true&show_comments=false&show_user=true&show_reposts=false&show_teaser=false&visual=true
107	1s55l6uk	John Summit @ 1 Hotel South Beach Miami, United States	10.957	8000	10	1.0	15	0.267	soundcloud	1	https://w.soundcloud.com/player/?url=https://api.soundcloud.com/tracks/1031482654&show_artwork=true&color=%23ff5500&hide_related=true&show_comments=false&show_user=true&show_reposts=false&show_teaser=false&visual=true
108	26bqt9wk	FISHER & Chris Lake @ HARD Stage, HARD Summer Festival, United States	10.955	6900	10	0.964	30	0.333	soundcloud	1	https://w.soundcloud.com/player/?url=https://api.soundcloud.com/tracks/1889828103&show_artwork=true&color=%23ff5500&hide_related=true&show_comments=false&show_user=true&show_reposts=false&show_teaser=false&visual=true
109	dfm3mst	Kygo @ Formula 1 Grand Prix Autódromo Hermanos Rodríguez, Mexico, Mexico	10.954	2200	6	1.0	37	0.595	soundcloud	1	https://w.soundcloud.com/player/?url=https://api.soundcloud.com/tracks/1157133001&show_artwork=true&color=%23ff5500&hide_related=true&show_comments=false&show_user=true&show_reposts=false&show_teaser=false&visual=true
110	263cvx9	Diplo - BBC Radio 1Xtra Diplo's World Cup Mix	10.95	9100	3	1.0	29	0.345	soundcloud	1	https://w.soundcloud.com/player/?url=https://api.soundcloud.com/tracks/156287188&show_artwork=true&color=%23ff5500&hide_related=true&show_comments=false&show_user=true&show_reposts=false&show_teaser=false&visual=true
111	29zjg899	FISHER @ The Domain, The Royal Botanic Garden Sydney, Australia	10.95	3900	5	0.97	33	0.515	soundcloud	1	https://w.soundcloud.com/player/?url=https://api.soundcloud.com/tracks/1519617157&show_artwork=true&color=%23ff5500&hide_related=true&show_comments=false&show_user=true&show_reposts=false&show_teaser=false&visual=true
112	4zc6qu9	Hardwell @ Mainstage, Ultra Music Festival Miami, United States	10.95	470700	254	1.0	47	0.787	youtube	0	https://www.youtube.com/watch?v=cB0zJGnvhj4
113	2xmpkbt	Diplo @ Contact Winter Music Festival, Canada	10.943	3000	2	1.0	22	0.864	youtube	1	https://www.youtube.com/watch?v=dV2eL3n62Cg
114	tcx2wr1	Two Friends @ Room Service Festival, United States	10.938	1900	4	0.986	74	0.919	youtube	1	https://www.youtube.com/watch?v=Cxae-9JRYik
115	87xfgc9	Hardwell @ Mainstage, Tomorrowland Weekend 2, Belgium	10.924	472700	437	1.0	49	0.714	youtube	0	https://www.youtube.com/watch?v=eBZjZ6eAzMw
116	2p745p91	John Summit & Green Velvet @ kineticFIELD, EDC Las Vegas, United States	10.914	10100	10	1.0	27	0.444	youtube	1	https://www.youtube.com/watch?v=xfjj8C_QkcQ
117	2spybj29	Kygo @ Avicii Tribute Concert, Friends Arena Stockholm, Sweden	10.914	4100	3	1.0	12	0.75	youtube	1	https://www.youtube.com/watch?v=vf17D6o10KQ
118	22bml3g9	Diplo @ Sydney Harbour Bridge, Australia	10.901	7700	5	1.0	16	0.562	youtube	1	https://www.youtube.com/watch?v=qFGyAoRQm0U
119	24hyfktk	John Summit @ New Year's Weekend, LIV Las Vegas, United States	10.896	2300	6	1.0	45	0.556	soundcloud	1	https://w.soundcloud.com/player/?url=https://api.soundcloud.com/tracks/2032182952&show_artwork=true&color=%23ff5500&hide_related=true&show_comments=false&show_user=true&show_reposts=false&show_teaser=false&visual=true
120	1ftuhl61	Galantis @ Slaughterhouse Stage, Escape Halloween, NOS Events Center San Bernard	10.895	2300	2	1.0	68	0.897	youtube	1	https://www.youtube.com/watch?v=flGwNAnPqO8
121	2wg7y301	Two Friends @ Alone Together Music Festival, United States	10.888	1200	1	0.959	77	0.87	soundcloud	1	https://w.soundcloud.com/player/?url=https://api.soundcloud.com/tracks/883620325&show_artwork=true&color=%23ff5500&hide_related=true&show_comments=false&show_user=true&show_reposts=false&show_teaser=false&visual=true
122	3fgrbxk	Oliver Heldens @ Mainstage, Ultra Music Festival Miami, United States	10.887	363400	151	1.0	34	0.618	soundcloud	0	https://w.soundcloud.com/player/?url=https://api.soundcloud.com/tracks/198381528&show_artwork=true&color=%23ff5500&hide_related=true&show_comments=false&show_user=true&show_reposts=false&show_teaser=false&visual=true
123	25lznjt	TJR & Chris Lake & Nom De Strip - Diplo & Friends	10.881	7800	5	1.0	60	0.3	soundcloud	1	https://w.soundcloud.com/player/?url=https://api.soundcloud.com/tracks/112798174&show_artwork=true&color=%23ff5500&hide_related=true&show_comments=false&show_user=true&show_reposts=false&show_teaser=false&visual=true
124	417179k	Hardwell @ Mainstage, TomorrowWorld Atlanta, United States	10.877	297900	198	1.0	75	0.627	soundcloud	0	https://w.soundcloud.com/player/?url=https://api.soundcloud.com/tracks/113780469&show_artwork=true&color=%23ff5500&hide_related=true&show_comments=false&show_user=true&show_reposts=false&show_teaser=false&visual=true
125	1tzx6381	Gorgon City & John Summit @ Chicago Rooftop, United States	10.867	6000	6	1.0	18	0.333	soundcloud	1	https://w.soundcloud.com/player/?url=https://api.soundcloud.com/tracks/930319702&show_artwork=true&color=%23ff5500&hide_related=true&show_comments=false&show_user=true&show_reposts=false&show_teaser=false&visual=true
126	k2pbc2t	John Summit @ neonGARDEN, EDC Orlando, United States	10.865	9300	7	1.0	27	0.222	soundcloud	1	https://w.soundcloud.com/player/?url=https://api.soundcloud.com/tracks/1162989364&show_artwork=true&color=%23ff5500&hide_related=true&show_comments=false&show_user=true&show_reposts=false&show_teaser=false&visual=true
127	906d7r9	Oliver Heldens & Blonde - Diplo & Friends	10.864	6600	6	1.0	45	0.311	soundcloud	1	https://w.soundcloud.com/player/?url=https://api.soundcloud.com/tracks/192702883&show_artwork=true&color=%23ff5500&hide_related=true&show_comments=false&show_user=true&show_reposts=false&show_teaser=false&visual=true
128	14nd5hl9	Kygo @ kineticFIELD, EDC Las Vegas, United States	10.863	3500	3	1.0	57	0.509	soundcloud	1	https://w.soundcloud.com/player/?url=https://api.soundcloud.com/tracks/1160679763&show_artwork=true&color=%23ff5500&hide_related=true&show_comments=false&show_user=true&show_reposts=false&show_teaser=false&visual=true
129	sjpmbd1	John Summit @ Club Space Miami, United States	10.858	9300	10	0.974	38	0.211	soundcloud	1	https://w.soundcloud.com/player/?url=https://api.soundcloud.com/tracks/1117751437&show_artwork=true&color=%23ff5500&hide_related=true&show_comments=false&show_user=true&show_reposts=false&show_teaser=false&visual=true
130	1cvqwff1	Diplo @ Super City 50 Festival, United States	10.849	2400	2	1.0	37	0.865	youtube	1	https://www.youtube.com/watch?v=p5T2kMfYjCU
131	fjtj0pk	Chris Lake @ Sutro, Outside Lands San Francisco, United States	10.847	7700	15	0.92	27	0.259	soundcloud	1	https://w.soundcloud.com/player/?url=https://api.soundcloud.com/tracks/1905142325&show_artwork=true&color=%23ff5500&hide_related=true&show_comments=false&show_user=true&show_reposts=false&show_teaser=false&visual=true
132	ungyldk	John Summit @ T-Mobile Stage, Austin City Limits Music Festival, United States	10.846	6300	7	0.964	30	0.333	soundcloud	1	https://w.soundcloud.com/player/?url=https://api.soundcloud.com/tracks/2183759091&show_artwork=true&color=%23ff5500&hide_related=true&show_comments=false&show_user=true&show_reposts=false&show_teaser=false&visual=true
133	6u7cmvt	Diplo - Diplo & Friends	10.843	7600	7	1.0	47	0.255	soundcloud	1	https://w.soundcloud.com/player/?url=https://api.soundcloud.com/tracks/75080380&show_artwork=true&color=%23ff5500&hide_related=true&show_comments=false&show_user=true&show_reposts=false&show_teaser=false&visual=true
134	bc1wmgt	Diplo @ We Love Green Festival, Paris, France	10.843	3700	2	0.914	41	0.854	youtube	1	https://www.youtube.com/watch?v=dkrD6hLaOT8
135	sj5y95k	Chris Lake & FISHER @ Under Construction, Rawhide Event Center, United States	10.841	7100	6	0.933	15	0.6	youtube	1	https://www.youtube.com/watch?v=g3OlcnoOlmE
136	2rpr9th1	Galantis @ ARC Stage, Creamfields UK Daresbury, United Kingdom	10.84	1700	1	1.0	48	0.979	youtube	1	https://www.youtube.com/watch?v=gly6FllJQvw
137	5mlxtfk	Swedish House Mafia @ Mainstage, Ultra Music Festival Miami, United States	10.839	136200	155	1.0	46	0.804	soundcloud	0	https://w.soundcloud.com/player/?url=https://api.soundcloud.com/tracks/84916676&show_artwork=true&color=%23ff5500&hide_related=true&show_comments=false&show_user=true&show_reposts=false&show_teaser=false&visual=true
138	1ft22lz9	Cashmere Cat & Habstrakt - Diplo & Friends	10.838	10000	4	0.93	86	0.314	soundcloud	1	https://w.soundcloud.com/player/?url=https://api.soundcloud.com/tracks/405543303&show_artwork=true&color=%23ff5500&hide_related=true&show_comments=false&show_user=true&show_reposts=false&show_teaser=false&visual=true
139	252bjnrk	Diplo & Cozy Boys - Diplo & Friends	10.838	2900	1	1.0	49	0.612	soundcloud	1	https://w.soundcloud.com/player/?url=https://api.soundcloud.com/tracks/82544011&show_artwork=true&color=%23ff5500&hide_related=true&show_comments=false&show_user=true&show_reposts=false&show_teaser=false&visual=true
140	11nn9q6k	Diplo @ Electrox Festival, Japan	10.83	3300	4	1.0	52	0.731	youtube	1	https://www.youtube.com/watch?v=1WUVgz6qHGI
141	1k445bk	Diplo - Diplo & Friends	10.825	7000	11	1.0	50	0.22	soundcloud	1	https://w.soundcloud.com/player/?url=https://api.soundcloud.com/tracks/146820669&show_artwork=true&color=%23ff5500&hide_related=true&show_comments=false&show_user=true&show_reposts=false&show_teaser=false&visual=true
142	1d7ccrd1	John Summit @ circuitGROUNDS, EDC Mexico	10.82	3900	4	1.0	29	0.69	youtube	1	https://www.youtube.com/watch?v=7b8wWvHu5SA
143	2v8y8uk	Tchami & Benzi - Diplo & Friends	10.82	13200	8	1.0	63	0.111	soundcloud	1	https://w.soundcloud.com/player/?url=https://api.soundcloud.com/tracks/178459842&show_artwork=true&color=%23ff5500&hide_related=true&show_comments=false&show_user=true&show_reposts=false&show_teaser=false&visual=true
144	244ng4v9	FISHER @ stereoBLOOM, EDC Las Vegas, United States	10.811	14200	5	0.923	13	0.462	youtube	1	https://www.youtube.com/watch?v=2wj5VnXNl4g
145	2hjkycw1	Chris Lake & FISHER @ Under Construction AZ, United States	10.808	6700	7	0.97	33	0.545	youtube	1	https://www.youtube.com/watch?v=eRifHNTNDg8
146	56mv4j1	Diplo - Diplo & Friends FKi 1st Hip Hop Mix	10.807	6900	10	0.976	85	0.247	soundcloud	1	https://w.soundcloud.com/player/?url=https://api.soundcloud.com/tracks/232292323&show_artwork=true&color=%23ff5500&hide_related=true&show_comments=false&show_user=true&show_reposts=false&show_teaser=false&visual=true
147	7tudmsk	Diplo - Diplo & Friends	10.804	6500	4	1.0	53	0.321	soundcloud	1	https://w.soundcloud.com/player/?url=https://api.soundcloud.com/tracks/218240846&show_artwork=true&color=%23ff5500&hide_related=true&show_comments=false&show_user=true&show_reposts=false&show_teaser=false&visual=true
148	1jn65b8k	DJ Snake & Malaa & J. Worra - Diplo & Friends	10.802	4900	4	1.0	42	0.381	soundcloud	1	https://w.soundcloud.com/player/?url=https://api.soundcloud.com/tracks/676329140&show_artwork=true&color=%23ff5500&hide_related=true&show_comments=false&show_user=true&show_reposts=false&show_teaser=false&visual=true
149	94vpcwk	Avicii - Promo Mix April	10.802	82800	92	1.0	20	0.95	soundcloud	0	https://w.soundcloud.com/player/?url=https://api.soundcloud.com/tracks/87274383&show_artwork=true&color=%23ff5500&hide_related=true&show_comments=false&show_user=true&show_reposts=false&show_teaser=false&visual=true
150	2gnnpws1	Diplo @ Club Space Miami, United States	10.797	21300	26	0.932	72	0.194	youtube	1	https://www.youtube.com/watch?v=z_r3lkUKvF0
151	g5qdust	Chris Lake @ circuitGROUNDS, EDC Orlando, United States	10.794	16500	10	0.833	18	0.444	youtube	1	https://www.youtube.com/watch?v=3q8VW_LROTo
152	5zhznkk	Diplo - Diplo & Friends	10.79	6900	6	0.958	49	0.306	soundcloud	1	https://w.soundcloud.com/player/?url=https://api.soundcloud.com/tracks/84896091&show_artwork=true&color=%23ff5500&hide_related=true&show_comments=false&show_user=true&show_reposts=false&show_teaser=false&visual=true
153	2lcyt439	John Summit @ Stage 1, Electric Island Festival, RBC Echo Beach Toronto, Canada	10.783	3200	5	1.0	36	0.694	youtube	1	https://www.youtube.com/watch?v=4TaTfBEdPDs
154	1jnslsl9	Kygo @ Virtual Audio, Ultra Music Festival Miami, United States	10.781	2800	0	1.0	15	0.667	soundcloud	1	https://w.soundcloud.com/player/?url=https://api.soundcloud.com/tracks/254813618&show_artwork=true&color=%23ff5500&hide_related=true&show_comments=false&show_user=true&show_reposts=false&show_teaser=false&visual=true
155	lrzlg6t	Hardwell @ Mainstage, Ultra Music Festival Miami, Miami Music Week, United State	10.774	351200	286	1.0	66	0.5	soundcloud	0	https://w.soundcloud.com/player/?url=https://api.soundcloud.com/tracks/314644985&show_artwork=true&color=%23ff5500&hide_related=true&show_comments=false&show_user=true&show_reposts=false&show_teaser=false&visual=true
156	1ph84xgt	John Summit @ FNGRS CRSSD Field Stage Proper NYE, United States	10.772	2300	1	1.0	27	0.63	soundcloud	1	https://w.soundcloud.com/player/?url=https://api.soundcloud.com/tracks/1421273443&show_artwork=true&color=%23ff5500&hide_related=true&show_comments=false&show_user=true&show_reposts=false&show_teaser=false&visual=true
157	1hqn8kpt	FISHER & Chris Lake @ Under Construction, Mission Ballroom, United States	10.768	8200	3	1.0	19	0.526	youtube	1	https://www.youtube.com/watch?v=QLNOGn0hI8M
158	nmqyh7k	Diplo - Diplo & Friends (AfrikaBurn Live)	10.759	4600	2	1.0	35	0.429	soundcloud	1	https://w.soundcloud.com/player/?url=https://api.soundcloud.com/tracks/324918773&show_artwork=true&color=%23ff5500&hide_related=true&show_comments=false&show_user=true&show_reposts=false&show_teaser=false&visual=true
159	17b60qkk	Kygo @ Wired Music Festival, Japan	10.757	3300	2	1.0	40	0.75	youtube	1	https://www.youtube.com/watch?v=WDqzdyvSQ9I
160	7ml9bht	Tiësto @ Mainstage, Ultra Music Festival Miami, United States	10.75	108400	118	1.0	31	0.839	soundcloud	0	https://w.soundcloud.com/player/?url=https://api.soundcloud.com/tracks/198647472&show_artwork=true&color=%23ff5500&hide_related=true&show_comments=false&show_user=true&show_reposts=false&show_teaser=false&visual=true
161	ls2sdx1	Galantis @ Middlelands, United States	10.749	1400	1	1.0	42	0.976	youtube	1	https://www.youtube.com/watch?v=ALDsRh1-V6U
162	tf7wnt	Diplo @ Electric Zoo, United States	10.748	10200	4	0.909	35	0.286	soundcloud	1	https://w.soundcloud.com/player/?url=https://api.soundcloud.com/tracks/5706874&show_artwork=true&color=%23ff5500&hide_related=true&show_comments=false&show_user=true&show_reposts=false&show_teaser=false&visual=true
163	63gxj19	Diplo @ Mad Decent Block Party, United States	10.741	2700	0	1.0	21	0.905	youtube	1	https://www.youtube.com/watch?v=IS1QyygPToQ
164	77pq34k	Diplo @ Life In Color, Costa Rica	10.741	2800	2	1.0	18	0.778	youtube	1	https://www.youtube.com/watch?v=nrkmZQOgRYo
165	7nvt3s1	Hardwell @ Tomorrowland, Belgium	10.736	539100	219	1.0	45	0.667	youtube	0	https://www.youtube.com/watch?v=c5bgJSdH544
166	djx7uhk	John Summit @ Pagoda Stage, Shambhala Festival, Canada	10.732	1800	1	1.0	23	0.913	youtube	1	https://www.youtube.com/watch?v=dliU76lD5QM
167	2sufbqkk	Diplo @ Palomino Stage, Stagecoach Festival, United States	10.729	9000	7	1.0	85	0.412	youtube	1	https://www.youtube.com/watch?v=NpBT9luG7o0
168	16f6czf9	FISHER @ Perry's Stage, Lollapalooza United States	10.728	6900	5	1.0	14	0.5	youtube	1	https://www.youtube.com/watch?v=Rttnji1yb_Q
169	1gqb75bk	Diplo - Night Owl Radio 099	10.716	4300	4	1.0	30	0.367	soundcloud	1	https://w.soundcloud.com/player/?url=https://api.soundcloud.com/tracks/333259863&show_artwork=true&color=%23ff5500&hide_related=true&show_comments=false&show_user=true&show_reposts=false&show_teaser=false&visual=true
170	1gyyxg7t	John Summit @ Perry's Stage, Lollapalooza	10.714	2700	3	1.0	27	0.741	youtube	1	https://www.youtube.com/watch?v=61Ls1Blg4ws
171	20ghcgst	Kygo @ Nightswim, XS Nightclub Las Vegas, United States	10.714	2400	0	1.0	12	0.917	youtube	1	https://www.youtube.com/watch?v=AGkQyLNnREg
172	6lkssh1	JAUZ & Jesse Rose - Diplo & Friends	10.707	10700	2	0.982	59	0.237	soundcloud	1	https://w.soundcloud.com/player/?url=https://api.soundcloud.com/tracks/184795946&show_artwork=true&color=%23ff5500&hide_related=true&show_comments=false&show_user=true&show_reposts=false&show_teaser=false&visual=true
173	1utvw75t	Lunice & Matroda - Diplo & Friends	10.705	7700	4	1.0	64	0.234	soundcloud	1	https://w.soundcloud.com/player/?url=https://api.soundcloud.com/tracks/340877051&show_artwork=true&color=%23ff5500&hide_related=true&show_comments=false&show_user=true&show_reposts=false&show_teaser=false&visual=true
174	1jnwqq81	Two Friends @ Escape Halloween Virtual Rave-A-Thon, United States	10.702	1200	5	1.0	30	0.867	youtube	1	https://www.youtube.com/watch?v=s5wqsDnBLHA
175	hytspbt	Alison Wonderland & Diplo & JAUZ & Pasquale Rotella & Richart Ruddie - Night Owl	10.701	3400	1	1.0	53	0.509	soundcloud	1	https://w.soundcloud.com/player/?url=https://api.soundcloud.com/tracks/329750627&show_artwork=true&color=%23ff5500&hide_related=true&show_comments=false&show_user=true&show_reposts=false&show_teaser=false&visual=true
176	1ldcw1rk	Hardwell @ Mainstage, Ultra Music Festival Miami, United States	10.697	357300	282	1.0	55	0.709	youtube	0	https://www.youtube.com/watch?v=m1ssAFzaCsU
177	ntf2xz9	FISHER & Chris Lake @ Full Bloom, Marquee Las Vegas, United States	10.697	4200	3	0.909	11	0.727	youtube	1	https://www.youtube.com/watch?v=ChpWfKkTfkM
178	76c3fpk	Diplo & DJ Fresh & Major Lazer & Benga - Diplo & Friends	10.695	7100	7	1.0	51	0.196	soundcloud	1	https://w.soundcloud.com/player/?url=https://api.soundcloud.com/tracks/94379416&show_artwork=true&color=%23ff5500&hide_related=true&show_comments=false&show_user=true&show_reposts=false&show_teaser=false&visual=true
179	1xkzwdr9	Martin Garrix @ Mainstage, Ultra Music Festival Miami, United States	10.693	160900	201	1.0	30	0.667	soundcloud	0	https://w.soundcloud.com/player/?url=https://api.soundcloud.com/tracks/264823199&show_artwork=true&color=%23ff5500&hide_related=true&show_comments=false&show_user=true&show_reposts=false&show_teaser=false&visual=true
180	xx5z8pt	Galantis @ 1015 San Francisco, United States	10.692	1100	1	1.0	21	1.0	youtube	1	https://www.youtube.com/watch?v=Pb3tT1yMuAA
181	2q7ccgz1	FISHER @ Mainstage, Tomorrowland Weekend 1, Belgium	10.69	16400	31	0.889	27	0.222	youtube	1	https://www.youtube.com/watch?v=vxNvRHhxBfo
182	1p8ngbc9	Chris Lake @ circuitGROUNDS, EDC Mexico	10.688	6400	1	1.0	13	0.615	youtube	1	https://www.youtube.com/watch?v=dZt8tJ5thZg
183	jvpwl3t	Diplo @ Festival Utopia Madrid, Spain	10.687	2400	1	0.962	30	0.867	youtube	1	https://www.youtube.com/watch?v=8_vuwGRmT4I
184	qv6rvft	John Summit @ Cow Palace San Francisco, United States	10.687	2100	1	1.0	21	0.857	youtube	1	https://www.youtube.com/watch?v=f3TBzSQ-qd0
185	bdgl6k1	Lost Kings & Wuki - Diplo & Friends	10.684	5600	3	0.971	75	0.347	soundcloud	1	https://w.soundcloud.com/player/?url=https://api.soundcloud.com/tracks/378718229&show_artwork=true&color=%23ff5500&hide_related=true&show_comments=false&show_user=true&show_reposts=false&show_teaser=false&visual=true
186	7jsf999	Diplo - Diplo & Friends Summer Mix	10.675	7600	4	1.0	63	0.222	soundcloud	1	https://w.soundcloud.com/player/?url=https://api.soundcloud.com/tracks/211707726&show_artwork=true&color=%23ff5500&hide_related=true&show_comments=false&show_user=true&show_reposts=false&show_teaser=false&visual=true
187	hy83dh1	Two Friends - Big Bootie Mix Volume 5	10.674	4600	1	1.0	72	0.431	soundcloud	1	https://w.soundcloud.com/player/?url=https://api.soundcloud.com/tracks/231905703&show_artwork=true&color=%23ff5500&hide_related=true&show_comments=false&show_user=true&show_reposts=false&show_teaser=false&visual=true
188	2ckm8bjk	Two Friends - Big Bootie Mix Volume 3	10.669	2800	1	1.0	56	0.536	soundcloud	1	https://w.soundcloud.com/player/?url=https://api.soundcloud.com/tracks/231907176&show_artwork=true&color=%23ff5500&hide_related=true&show_comments=false&show_user=true&show_reposts=false&show_teaser=false&visual=true
189	11ptfb3k	Galantis @ Wired Music Festival, Japan	10.665	1500	2	1.0	56	0.875	youtube	1	https://www.youtube.com/watch?v=J7CM9R_TJlw
190	ugyw7l1	John Summit @ The Midway San Francisco, United States	10.66	3900	4	0.951	41	0.659	youtube	1	https://www.youtube.com/watch?v=qyPPyb8om-k
191	2vqmdwp9	Diplo @ Higher Ground, The Brooklyn Mirage New York, United States	10.655	9400	12	1.0	48	0.312	youtube	1	https://www.youtube.com/watch?v=hyZU-ZdHKRM
192	3znx669	Dyro & Wax Motif - Diplo & Friends	10.652	5500	5	0.978	60	0.283	soundcloud	1	https://w.soundcloud.com/player/?url=https://api.soundcloud.com/tracks/221880632&show_artwork=true&color=%23ff5500&hide_related=true&show_comments=false&show_user=true&show_reposts=false&show_teaser=false&visual=true
193	2j86cjbk	Galantis @ Bill's Factory, Parookaville, Germany	10.649	1400	1	1.0	27	0.926	youtube	1	https://www.youtube.com/watch?v=OBK9oeer5jo
194	1hvuf7h1	Diplo @ Antheon, Electric Zoo 3.0, United States	10.648	2900	5	0.972	54	0.426	soundcloud	1	https://w.soundcloud.com/player/?url=https://api.soundcloud.com/tracks/1339763500&show_artwork=true&color=%23ff5500&hide_related=true&show_comments=false&show_user=true&show_reposts=false&show_teaser=false&visual=true
195	2by3dgsk	FISHER @ The Palms, CRSSD Festival Fall, United States	10.648	7700	10	0.963	27	0.407	youtube	1	https://www.youtube.com/watch?v=mzArzdY24wU
196	8c8tmd9	Hardwell @ I Am Hardwell #UnitedWeAre, Ziggo Dome Amsterdam, Netherlands	10.646	292700	154	1.0	118	0.542	soundcloud	0	https://w.soundcloud.com/player/?url=https://api.soundcloud.com/tracks/419890424&show_artwork=true&color=%23ff5500&hide_related=true&show_comments=false&show_user=true&show_reposts=false&show_teaser=false&visual=true
197	242m26h1	Martin Solveig & Dombresky - Diplo & Friends	10.645	7000	2	1.0	57	0.281	soundcloud	1	https://w.soundcloud.com/player/?url=https://api.soundcloud.com/tracks/251625374&show_artwork=true&color=%23ff5500&hide_related=true&show_comments=false&show_user=true&show_reposts=false&show_teaser=false&visual=true
198	1xqrsm31	FISHER @ Generator, Creamfields UK, United Kingdom	10.642	12600	16	0.952	23	0.261	youtube	1	https://www.youtube.com/watch?v=nX3Vt6jKz5Q
199	2rpcd2n1	Chris Lake @ UMF Radio Stage OWSLA, Ultra Music Festival Miami, United States	10.64	10000	12	1.0	24	0.292	youtube	1	https://www.youtube.com/watch?v=c5Apxv_19-o
200	2gcnqux9	RÜFÜS DU SOL @ Favela Bar, Lightning In A Bottle Festival, United States	10.634	5500	6	1.0	17	0.235	soundcloud	1	https://w.soundcloud.com/player/?url=https://api.soundcloud.com/tracks/335891565&show_artwork=true&color=%23ff5500&hide_related=true&show_comments=false&show_user=true&show_reposts=false&show_teaser=false&visual=true
201	qshyx41	John Summit - Experts Only Radio 002	10.632	2700	6	1.0	18	0.389	soundcloud	1	https://w.soundcloud.com/player/?url=https://api.soundcloud.com/tracks/1538854477&show_artwork=true&color=%23ff5500&hide_related=true&show_comments=false&show_user=true&show_reposts=false&show_teaser=false&visual=true
202	2bp69tyt	Diplo - Diplo & Friends	10.625	4600	4	1.0	62	0.306	soundcloud	1	https://w.soundcloud.com/player/?url=https://api.soundcloud.com/tracks/447273597&show_artwork=true&color=%23ff5500&hide_related=true&show_comments=false&show_user=true&show_reposts=false&show_teaser=false&visual=true
203	g60n2gk	Diplo @ circuitGROUNDS, EDC Mexico	10.625	8200	9	1.0	104	0.356	youtube	1	https://www.youtube.com/watch?v=dEr7X-TMfBA
204	20q5z11k	John Summit @ ZEROTOKYO, Japan	10.623	2100	3	1.0	48	0.75	youtube	1	https://www.youtube.com/watch?v=4BdW1cbab2A
205	2uqg5myk	Diplo @ Higher Ground Stage, Tomorrowland Weekend 1, Belgium	10.62	9900	12	0.977	62	0.306	youtube	1	https://www.youtube.com/watch?v=ZViMqejyI30
206	2hqqg0yk	Chris Lake @ Chemistry Release Weekend, Brooklyn Storehouse, United States	10.619	8400	9	1.0	41	0.098	soundcloud	1	https://w.soundcloud.com/player/?url=https://api.soundcloud.com/tracks/2167338705&show_artwork=true&color=%23ff5500&hide_related=true&show_comments=false&show_user=true&show_reposts=false&show_teaser=false&visual=true
207	x26v201	Galantis @ The Bluestone Columbus, United States	10.619	1500	2	1.0	88	0.852	youtube	1	https://www.youtube.com/watch?v=H9CcBc-FlFs
208	2cv1k2ut	Diplo @ Palomino Stage, Stagecoach Festival, United States	10.613	7900	11	0.96	82	0.378	youtube	1	https://www.youtube.com/watch?v=2Y0tbuFgcek
209	jd4c2u1	John Summit @ Mainstage, Ultra Europe, Croatia	10.605	5000	11	0.967	30	0.467	youtube	1	https://www.youtube.com/watch?v=KXgfmGQTHv8
210	18nlhzt	Diplo - Diplo & Friends	10.604	8100	4	0.981	52	0.192	soundcloud	1	https://w.soundcloud.com/player/?url=https://api.soundcloud.com/tracks/179131843&show_artwork=true&color=%23ff5500&hide_related=true&show_comments=false&show_user=true&show_reposts=false&show_teaser=false&visual=true
211	2tmg4kwk	FISHER @ Dreambeach Festival, Spain	10.585	6700	4	0.909	11	0.545	youtube	1	https://www.youtube.com/watch?v=wv7neWfrpz8
212	4lk9ktk	Diplo - Diplo & Friends	10.583	6200	3	1.0	49	0.245	soundcloud	1	https://w.soundcloud.com/player/?url=https://api.soundcloud.com/tracks/57023422&show_artwork=true&color=%23ff5500&hide_related=true&show_comments=false&show_user=true&show_reposts=false&show_teaser=false&visual=true
213	2fuspb41	FISHER @ kineticFIELD, EDC Las Vegas, United States	10.582	15300	26	0.909	22	0.182	youtube	1	https://www.youtube.com/watch?v=PNPpSPS1nok
214	3x3spbk	Diplo @ The Republik Hawaii, United States	10.581	1800	3	0.981	64	0.781	youtube	1	https://www.youtube.com/watch?v=a9V5UKC6Hk8
215	kt9649k	Armin van Buuren @ Mainstage, Ultra Music Festival Miami, United States	10.572	155700	70	1.0	33	0.727	soundcloud	0	https://w.soundcloud.com/player/?url=https://api.soundcloud.com/tracks/252986397&show_artwork=true&color=%23ff5500&hide_related=true&show_comments=false&show_user=true&show_reposts=false&show_teaser=false&visual=true
216	7lsz1t1	Diplo & Kygo & Zebra Katz - Diplo & Friends	10.571	10100	4	1.0	46	0.109	soundcloud	1	https://w.soundcloud.com/player/?url=https://api.soundcloud.com/tracks/143615267&show_artwork=true&color=%23ff5500&hide_related=true&show_comments=false&show_user=true&show_reposts=false&show_teaser=false&visual=true
217	1b8zlrq1	Chris Lake & FISHER @ Under Construction, Denver Coliseum Outdoors, United State	10.565	6200	4	0.949	39	0.513	youtube	1	https://www.youtube.com/watch?v=flMSby0iJK4
218	2q52s2bt	RÜFÜS DU SOL @ Junkyard Stage, Lightning In A Bottle Festival, United States	10.564	7200	9	1.0	29	0.103	soundcloud	1	https://w.soundcloud.com/player/?url=https://api.soundcloud.com/tracks/1848685704&show_artwork=true&color=%23ff5500&hide_related=true&show_comments=false&show_user=true&show_reposts=false&show_teaser=false&visual=true
219	5upgdj1	Thomas Jack & Kygo - Tropical House Vol. 6	10.56	12100	8	1.0	15	0.0	soundcloud	1	https://w.soundcloud.com/player/?url=https://api.soundcloud.com/tracks/177842775&show_artwork=true&color=%23ff5500&hide_related=true&show_comments=false&show_user=true&show_reposts=false&show_teaser=false&visual=true
220	1yv3b4r9	John Summit @ Motherboard Stage, Decadence Colorado, United States	10.557	2300	7	0.938	19	0.684	youtube	1	https://www.youtube.com/watch?v=On-4Gw3cRD4
221	1m3mfbk	Diplo & Dillon Francis - Diplo & Friends	10.556	7900	4	0.977	45	0.178	soundcloud	1	https://w.soundcloud.com/player/?url=https://api.soundcloud.com/tracks/51368009&show_artwork=true&color=%23ff5500&hide_related=true&show_comments=false&show_user=true&show_reposts=false&show_teaser=false&visual=true
222	x2bm5s1	Galantis @ Music Circus Osaka, Japan	10.549	970	1	1.0	45	0.956	youtube	1	https://www.youtube.com/watch?v=l9urgxRnDEQ
223	2nxxk5ct	FISHER & Chris Lake @ Shrine Auditorium Los Angeles, United States	10.543	12100	0	1.0	25	0.48	youtube	1	https://www.youtube.com/watch?v=ndnyeQiLEgA
224	1b46wm7t	Diplo & Dillon Francis @ Coronight Fever #4, United States	10.539	3900	8	0.961	51	0.275	soundcloud	1	https://w.soundcloud.com/player/?url=https://api.soundcloud.com/tracks/793205578&show_artwork=true&color=%23ff5500&hide_related=true&show_comments=false&show_user=true&show_reposts=false&show_teaser=false&visual=true
225	jb84u61	John Summit @ Splash House After Hours, Palm Spring Air Museum, United States	10.535	1800	3	1.0	23	0.739	youtube	1	https://www.youtube.com/watch?v=nmRPwtg6cCw
226	2q633n11	John Summit - Experts Only Radio 020	10.532	1700	3	1.0	18	0.5	soundcloud	1	https://w.soundcloud.com/player/?url=https://api.soundcloud.com/tracks/1987266395&show_artwork=true&color=%23ff5500&hide_related=true&show_comments=false&show_user=true&show_reposts=false&show_teaser=false&visual=true
227	10rsdl71	Diplo @ The Republik Hawaii, United States	10.53	4900	1	1.0	143	0.594	youtube	1	https://www.youtube.com/watch?v=TNV7gkKL3X0
228	292jlkjt	John Summit - Experts Only Radio 006	10.525	1900	6	1.0	17	0.412	soundcloud	1	https://w.soundcloud.com/player/?url=https://api.soundcloud.com/tracks/1644888843&show_artwork=true&color=%23ff5500&hide_related=true&show_comments=false&show_user=true&show_reposts=false&show_teaser=false&visual=true
229	2k462tx9	Galantis @ Ursus Untold Arena, Untold Festival Cluj, Romania	10.523	1300	0	1.0	22	0.955	youtube	1	https://www.youtube.com/watch?v=Or2dn5eJ-Qw
230	j4gwpzt	Galantis @ Mainstage, Electric Zoo Supernaturals, United States	10.52	2100	6	1.0	69	0.638	youtube	1	https://www.youtube.com/watch?v=DuF8npVQ_eA
231	24ctd3jk	John Summit @ Mission Ballroom, United States	10.519	2500	1	1.0	34	0.735	youtube	1	https://www.youtube.com/watch?v=dbn1ImiRhTA
232	2tjtgj6t	Diplo @ Clarke Quay, Zouk Club Singapore	10.519	2800	1	1.0	38	0.711	youtube	1	https://www.youtube.com/watch?v=Jt-weeq3Hq4
233	2m1vs81	Diplo @ Iguana Car, Burning Man, United States	10.518	3200	2	1.0	31	0.387	soundcloud	1	https://w.soundcloud.com/player/?url=https://api.soundcloud.com/tracks/224921300&show_artwork=true&color=%23ff5500&hide_related=true&show_comments=false&show_user=true&show_reposts=false&show_teaser=false&visual=true
234	28h1f5k	Diplo - Diplo & Friends	10.509	7100	3	1.0	56	0.179	soundcloud	1	https://w.soundcloud.com/player/?url=https://api.soundcloud.com/tracks/102196002&show_artwork=true&color=%23ff5500&hide_related=true&show_comments=false&show_user=true&show_reposts=false&show_teaser=false&visual=true
235	6cpujut	Hardwell @ Electric Zoo, United States	10.509	134800	142	1.0	63	0.651	soundcloud	0	https://w.soundcloud.com/player/?url=https://api.soundcloud.com/tracks/108273282&show_artwork=true&color=%23ff5500&hide_related=true&show_comments=false&show_user=true&show_reposts=false&show_teaser=false&visual=true
236	x9t4n89	Two Friends @ Fortnite Champion Series 2023 - Global Championship Halftime Show,	10.509	589	2	1.0	14	1.0	youtube	1	https://www.youtube.com/watch?v=_5zPpo6kPEc
237	ppb2mv9	Kygo - Dancing In The Dark 003	10.508	2400	4	1.0	36	0.389	soundcloud	1	https://w.soundcloud.com/player/?url=https://api.soundcloud.com/tracks/893643856&show_artwork=true&color=%23ff5500&hide_related=true&show_comments=false&show_user=true&show_reposts=false&show_teaser=false&visual=true
238	1zs145xt	Kygo @ Mainstage, Parookaville, Germany	10.505	2900	6	1.0	50	0.56	youtube	1	https://www.youtube.com/watch?v=EzjVN4xyQNQ
239	4gxn1kt	Diplo @ Stereo Live Houston, United States	10.505	3200	0	1.0	16	0.75	youtube	1	https://www.youtube.com/watch?v=LBL-sFeME-E
240	7u7rmuk	Diplo & Major Lazer @ Electric Paradise, Dominican Republic	10.505	3200	1	0.983	81	0.691	youtube	1	https://www.youtube.com/watch?v=O2YMgur5NcU
241	9jlf74t	Diplo @ Listen Out, Australia	10.501	1900	1	1.0	14	0.786	youtube	1	https://www.youtube.com/watch?v=ZIc4RnNDsDY
242	w4vm8v1	FISHER @ The Big Beast, MDLBEAST SOUNDSTORM, Saudi Arabia	10.494	4000	3	1.0	11	0.545	youtube	1	https://www.youtube.com/watch?v=j2xDfDZ9ndQ
243	1bh9651	Valentino Khan & Dj Green Lantern - Diplo & Friends	10.483	3200	4	1.0	70	0.314	soundcloud	1	https://w.soundcloud.com/player/?url=https://api.soundcloud.com/tracks/84001389&show_artwork=true&color=%23ff5500&hide_related=true&show_comments=false&show_user=true&show_reposts=false&show_teaser=false&visual=true
244	1c346yn1	John Summit @ We Dance As One 2.0, Defected Virtual Festival, United States	10.466	3300	8	0.941	17	0.294	soundcloud	1	https://w.soundcloud.com/player/?url=https://api.soundcloud.com/tracks/937177606&show_artwork=true&color=%23ff5500&hide_related=true&show_comments=false&show_user=true&show_reposts=false&show_teaser=false&visual=true
245	1r26t051	Chris Lake @ Pool Deck, Holy Ship!	10.465	9200	3	0.833	30	0.267	soundcloud	1	https://w.soundcloud.com/player/?url=https://api.soundcloud.com/tracks/309388278&show_artwork=true&color=%23ff5500&hide_related=true&show_comments=false&show_user=true&show_reposts=false&show_teaser=false&visual=true
246	13hk2puk	The Chainsmokers @ Worldwide Stage, Ultra Music Festival Miami, United States	10.463	157900	75	1.0	74	0.662	soundcloud	0	https://w.soundcloud.com/player/?url=https://api.soundcloud.com/tracks/253643506&show_artwork=true&color=%23ff5500&hide_related=true&show_comments=false&show_user=true&show_reposts=false&show_teaser=false&visual=true
247	1kp84dl9	Chris Lake & FISHER @ Under Construction, Denver Coliseum Outdoors, United State	10.463	5300	2	0.944	36	0.556	youtube	1	https://www.youtube.com/watch?v=xqFSUm8Rl08
248	2dk1q8ck	Galantis @ Perry's Stage, Lollapalooza, United States	10.461	1700	0	1.0	52	0.865	youtube	1	https://www.youtube.com/watch?v=DTTazubbx3A
249	53jlqzt	Diplo @ iHeartRadio Music Festival, United States	10.461	2700	0	1.0	17	0.765	youtube	1	https://www.youtube.com/watch?v=AjXdgowYmVU
250	j4ybdu9	Galantis @ Together For A Better Day, Avicii Arena Stockholm, Sweden	10.456	1100	4	1.0	23	0.783	youtube	1	https://www.youtube.com/watch?v=o0XBO9zjzHs
251	1p7m9ws9	Swedish House Mafia @ Mainstage, Ultra Music Festival Miami, Miami Music Week, U	10.448	144000	220	0.931	43	0.628	soundcloud	0	https://w.soundcloud.com/player/?url=https://api.soundcloud.com/tracks/420184772&show_artwork=true&color=%23ff5500&hide_related=true&show_comments=false&show_user=true&show_reposts=false&show_teaser=false&visual=true
252	1xlcy4h9	Diplo @ Twilight Concert Series Salt Lake City, United States	10.448	2000	0	1.0	17	0.824	youtube	1	https://www.youtube.com/watch?v=c12KSz_i4iE
253	2ny3ubvt	Galantis @ Ubbi Dubbi Festival, United States	10.448	1100	1	1.0	41	0.878	youtube	1	https://www.youtube.com/watch?v=vO2ZE22P7ek
254	2wn4ukv9	John Summit - Experts Only Radio 005	10.447	2100	3	1.0	17	0.412	soundcloud	1	https://w.soundcloud.com/player/?url=https://api.soundcloud.com/tracks/1614574398&show_artwork=true&color=%23ff5500&hide_related=true&show_comments=false&show_user=true&show_reposts=false&show_teaser=false&visual=true
255	1xm3pyxt	Diplo @ Solidays Festival Paris, France	10.443	4400	0	1.0	97	0.649	youtube	1	https://www.youtube.com/watch?v=l40C_ZKpKAQ
256	113hs971	Chris Lake @ Motherboard Stage, Decadence Colorado The Digital City, United Stat	10.44	2000	5	1.0	16	0.375	soundcloud	1	https://w.soundcloud.com/player/?url=https://api.soundcloud.com/tracks/2000344719&show_artwork=true&color=%23ff5500&hide_related=true&show_comments=false&show_user=true&show_reposts=false&show_teaser=false&visual=true
257	59bz781	Tiësto @ Mainstage, Tomorrowland, Belgium	10.439	75700	82	1.0	40	0.8	soundcloud	0	https://w.soundcloud.com/player/?url=https://api.soundcloud.com/tracks/218916455&show_artwork=true&color=%23ff5500&hide_related=true&show_comments=false&show_user=true&show_reposts=false&show_teaser=false&visual=true
258	9hzz2d9	Valentino Khan & Snoop Dogg & Diplo & DJ Diesel @ House Party, Hollywood Palladi	10.436	2400	1	1.0	37	0.703	youtube	1	https://www.youtube.com/watch?v=lwrUcSOxzE8
259	24ftgls1	John Summit @ Experts Only, Art Basel Closing Party, Factory Town Miami, United 	10.435	3100	8	0.943	37	0.541	youtube	1	https://www.youtube.com/watch?v=N2hjYUunLwU
260	h0m3xpt	Diplo @ Elektro Taipei, Taiwan	10.435	3500	0	1.0	46	0.696	youtube	1	https://www.youtube.com/watch?v=aMEVUVcZXcE
261	1pgnmlr1	John Summit @ Antheon, Electric Zoo 3.0, United States	10.433	2700	3	1.0	20	0.6	youtube	1	https://www.youtube.com/watch?v=FB1zq2at8wc
262	2pwsd5q1	Diplo & Sonny Fodera & Dom Dolla @ Higher Ground, DTLA Warehouse Los Angeles, Un	10.433	5100	9	0.927	43	0.186	soundcloud	1	https://w.soundcloud.com/player/?url=https://api.soundcloud.com/tracks/763297738&show_artwork=true&color=%23ff5500&hide_related=true&show_comments=false&show_user=true&show_reposts=false&show_teaser=false&visual=true
263	13cqxxt	ODESZA & Tomas Barfod - Diplo & Friends	10.431	9100	4	1.0	49	0.061	soundcloud	1	https://w.soundcloud.com/player/?url=https://api.soundcloud.com/tracks/226073029&show_artwork=true&color=%23ff5500&hide_related=true&show_comments=false&show_user=true&show_reposts=false&show_teaser=false&visual=true
264	5v5p06k	Galantis - Pharmacy Album Sampler Minimix	10.431	1300	1	1.0	12	0.833	youtube	1	https://www.youtube.com/watch?v=Sq1YbXQTB7w
265	8kd2cc1	DJ Snake @ Mainstage, Ultra Music Festival Miami, United States	10.431	83400	36	1.0	73	0.863	soundcloud	0	https://w.soundcloud.com/player/?url=https://api.soundcloud.com/tracks/198758255&show_artwork=true&color=%23ff5500&hide_related=true&show_comments=false&show_user=true&show_reposts=false&show_teaser=false&visual=true
266	15c6fsr9	Diplo - Diplo & Friends	10.43	5400	7	0.982	57	0.14	soundcloud	1	https://w.soundcloud.com/player/?url=https://api.soundcloud.com/tracks/259699967&show_artwork=true&color=%23ff5500&hide_related=true&show_comments=false&show_user=true&show_reposts=false&show_teaser=false&visual=true
267	2hb08699	Kygo @ Kids In Love Tour, O2 Arena London, United Kingdom	10.426	2800	0	1.0	23	0.739	youtube	1	https://www.youtube.com/watch?v=NZtRi-NMdWY
268	87nyld9	Alesso @ Mainstage, Ultra Music Festival Miami, United States	10.425	116600	74	1.0	38	0.711	soundcloud	0	https://w.soundcloud.com/player/?url=https://api.soundcloud.com/tracks/142106699&show_artwork=true&color=%23ff5500&hide_related=true&show_comments=false&show_user=true&show_reposts=false&show_teaser=false&visual=true
269	2dvjwcqt	John Summit @ Grammy Spotlight, Grammy Museum, United States	10.423	961	1	1.0	19	0.895	youtube	1	https://www.youtube.com/watch?v=I75J2bBL1OI
270	2nz20wkt	Diplo & Dillon Francis @ Coronight Fever #2, United States	10.423	7300	4	0.92	54	0.185	soundcloud	1	https://w.soundcloud.com/player/?url=https://api.soundcloud.com/tracks/782527495&show_artwork=true&color=%23ff5500&hide_related=true&show_comments=false&show_user=true&show_reposts=false&show_teaser=false&visual=true
271	2pmxqjt	Nicky Romero @ Mainstage, Ultra Music Festival Miami, United States	10.421	171100	171	1.0	43	0.535	soundcloud	0	https://w.soundcloud.com/player/?url=https://api.soundcloud.com/tracks/200162871&show_artwork=true&color=%23ff5500&hide_related=true&show_comments=false&show_user=true&show_reposts=false&show_teaser=false&visual=true
272	105bmxf9	Disco Lines @ RC Cola, III Points Music Festival, United States	10.415	1500	2	1.0	20	0.5	soundcloud	1	https://w.soundcloud.com/player/?url=https://api.soundcloud.com/tracks/1940483671&show_artwork=true&color=%23ff5500&hide_related=true&show_comments=false&show_user=true&show_reposts=false&show_teaser=false&visual=true
273	2grfpnpt	John Summit @ Pepsi Center WTC Mexico City, Mexico	10.415	1600	3	1.0	44	0.705	youtube	1	https://www.youtube.com/watch?v=t5oASVCB1jI
274	w1yg1ft	Two Friends - Too Future. Guest Mix	10.412	1000	0	0.941	17	0.765	soundcloud	1	https://w.soundcloud.com/player/?url=https://api.soundcloud.com/tracks/310168188&show_artwork=true&color=%23ff5500&hide_related=true&show_comments=false&show_user=true&show_reposts=false&show_teaser=false&visual=true
275	2bmw83gt	Diplo @ iHeart Jingle Ball, Staples Center Los Angeles, United States	10.41	2100	1	1.0	32	0.719	youtube	1	https://www.youtube.com/watch?v=KNvHXmJLDRg
276	15fsrtt9	Diplo @ Creamfields Hong Kong, China	10.407	2800	3	1.0	88	0.58	youtube	1	https://www.youtube.com/watch?v=XBFoEOnjb1Y
277	17m3qy9t	John Summit @ Badlands Music Festival, Canada	10.405	2200	1	0.971	34	0.735	youtube	1	https://www.youtube.com/watch?v=REjcFAO2deo
278	1zgkndlt	Two Friends - The Radar 082	10.4	1300	0	1.0	28	0.643	soundcloud	1	https://w.soundcloud.com/player/?url=https://api.soundcloud.com/tracks/318534711&show_artwork=true&color=%23ff5500&hide_related=true&show_comments=false&show_user=true&show_reposts=false&show_teaser=false&visual=true
279	1x0fr6ft	John Summit - Experts Only Radio 014	10.398	2200	4	1.0	17	0.353	soundcloud	1	https://w.soundcloud.com/player/?url=https://api.soundcloud.com/tracks/1850640327&show_artwork=true&color=%23ff5500&hide_related=true&show_comments=false&show_user=true&show_reposts=false&show_teaser=false&visual=true
280	j8vckxt	John Summit @ Club Space Miami, United States	10.394	3600	3	0.963	27	0.556	youtube	1	https://www.youtube.com/watch?v=y0uNorraCLk
281	2vd33ggk	Galantis @ Marquee Las Vegas, EDC Week Las Vegas	10.388	1100	0	1.0	26	0.923	youtube	1	https://www.youtube.com/watch?v=ZiERBk7Bl-I
282	15nt1t39	John Summit @ DAER Nightclub South Florida, United States	10.385	2200	2	0.933	32	0.719	youtube	1	https://www.youtube.com/watch?v=Y1iq4I19RUI
283	17pmszp1	John Summit @ Mainstage, Experts Only Festival, United States	10.384	7500	8	0.949	41	0.317	youtube	1	https://www.youtube.com/watch?v=VMFVNj4vBxs
284	qgvujwt	Two Friends - Big Bootie Mix Volume 2	10.381	2900	1	0.984	65	0.4	soundcloud	1	https://w.soundcloud.com/player/?url=https://api.soundcloud.com/tracks/372940967&show_artwork=true&color=%23ff5500&hide_related=true&show_comments=false&show_user=true&show_reposts=false&show_teaser=false&visual=true
285	6p85qzk	Hardwell & Tiësto @ Mainstage, Tomorrowland Weekend 2, Belgium	10.376	135000	131	1.0	27	0.593	soundcloud	0	https://w.soundcloud.com/player/?url=https://api.soundcloud.com/tracks/160707047&show_artwork=true&color=%23ff5500&hide_related=true&show_comments=false&show_user=true&show_reposts=false&show_teaser=false&visual=true
286	1hz06kv1	John Summit - Experts Only Radio 013	10.374	1900	5	1.0	17	0.353	soundcloud	1	https://w.soundcloud.com/player/?url=https://api.soundcloud.com/tracks/1821327813&show_artwork=true&color=%23ff5500&hide_related=true&show_comments=false&show_user=true&show_reposts=false&show_teaser=false&visual=true
287	5f8q0rt	Diplo - Blow Your Head 12	10.373	3700	7	1.0	34	0.176	soundcloud	1	https://w.soundcloud.com/player/?url=https://api.soundcloud.com/tracks/47334974&show_artwork=true&color=%23ff5500&hide_related=true&show_comments=false&show_user=true&show_reposts=false&show_teaser=false&visual=true
288	1dyhk02t	Galantis - UMF Radio 595	10.372	744	0	1.0	50	1.0	youtube	1	https://www.youtube.com/watch?v=WcpOU_GLQlw
289	1p6ggbp9	Diplo @ Mad Decent Block Party Los Angeles, United States	10.371	2100	1	1.0	103	0.699	youtube	1	https://www.youtube.com/watch?v=vIt73nZgwG0
290	2wnt2xwt	FISHER @ Forever Stage Forever Midnight, Los Angeles Convention Center, United S	10.37	4800	5	0.95	20	0.45	youtube	1	https://www.youtube.com/watch?v=GcKQN5BdDSE
291	lzc6hgt	FISHER @ kineticFIELD, EDC Las Vegas, United States	10.369	6200	10	0.833	18	0.444	youtube	1	https://www.youtube.com/watch?v=lPhuyqGQZxo
292	2ptv4f71	Galantis @ Shaky Beats Music Festival, United States	10.368	928	0	1.0	20	0.95	youtube	1	https://www.youtube.com/watch?v=7Psqt9MZ1fM
293	xzg717t	Galantis @ Dreambeach Festval Chile, Chile	10.367	1100	1	1.0	43	0.837	youtube	1	https://www.youtube.com/watch?v=MSng48KsAzg
294	2ffsdqck	Diplo @ Solstice Stage, Spring Awakening Music Festival, United States	10.361	1800	1	1.0	44	0.727	youtube	1	https://www.youtube.com/watch?v=NhUVy7DBTEs
295	l6xqnhk	Two Friends @ Big Bootie Mix Vol. 25 (Madison Square Garden New York, United Sta	10.36	486	0	0.986	220	0.85	soundcloud	1	https://w.soundcloud.com/player/?url=https://api.soundcloud.com/tracks/1905659432&show_artwork=true&color=%23ff5500&hide_related=true&show_comments=false&show_user=true&show_reposts=false&show_teaser=false&visual=true
296	26c7txn1	FISHER @ kineticFIELD, EDC Orlando, United States	10.356	10800	16	0.897	29	0.207	youtube	1	https://www.youtube.com/watch?v=vxNvRHhxBfo
297	1mqb48g1	John Summit @ Breakaway Music Festival Ohio, United States	10.354	2800	3	0.974	38	0.579	youtube	1	https://www.youtube.com/watch?v=I5DNHEdYppo
298	2w9ht3d9	Diplo - Diplo & Friends Old Skool Hip-Hop Mix	10.354	7400	6	1.0	64	0.031	soundcloud	1	https://w.soundcloud.com/player/?url=https://api.soundcloud.com/tracks/174339051&show_artwork=true&color=%23ff5500&hide_related=true&show_comments=false&show_user=true&show_reposts=false&show_teaser=false&visual=true
299	2dv705kk	John Summit - Experts Only Radio 015	10.35	2200	3	1.0	17	0.353	soundcloud	1	https://w.soundcloud.com/player/?url=https://api.soundcloud.com/tracks/1872579480&show_artwork=true&color=%23ff5500&hide_related=true&show_comments=false&show_user=true&show_reposts=false&show_teaser=false&visual=true
300	1yjz8rg1	Timmy Trumpet @ Mainstage, Tomorrowland Weekend 1, Belgium	10.348	164900	64	1.0	49	0.612	soundcloud	0	https://w.soundcloud.com/player/?url=https://api.soundcloud.com/tracks/335991269&show_artwork=true&color=%23ff5500&hide_related=true&show_comments=false&show_user=true&show_reposts=false&show_teaser=false&visual=true
301	11q6dywk	RÜFÜS DU SOL - Mixmag Cover Mix	10.344	5300	8	1.0	14	0.071	soundcloud	1	https://w.soundcloud.com/player/?url=https://api.soundcloud.com/tracks/488090355&show_artwork=true&color=%23ff5500&hide_related=true&show_comments=false&show_user=true&show_reposts=false&show_teaser=false&visual=true
302	292k5vq1	John Summit & Green Velvet @ Mind Melt, III Points Music Festival, United States	10.342	4500	4	0.935	31	0.484	youtube	1	https://www.youtube.com/watch?v=w3KGBv_Lonw
303	5tkl1ft	Avicii @ Mainstage, Ultra Music Festival Miami, United States	10.341	64900	39	1.0	44	0.864	soundcloud	0	https://w.soundcloud.com/player/?url=https://api.soundcloud.com/tracks/84730327&show_artwork=true&color=%23ff5500&hide_related=true&show_comments=false&show_user=true&show_reposts=false&show_teaser=false&visual=true
304	12ly8x2t	Dr. Fresch & Bad Royale - Diplo & Friends	10.34	7400	5	0.865	91	0.176	soundcloud	1	https://w.soundcloud.com/player/?url=https://api.soundcloud.com/tracks/338013280&show_artwork=true&color=%23ff5500&hide_related=true&show_comments=false&show_user=true&show_reposts=false&show_teaser=false&visual=true
305	2q3c52m9	Kaskade & John Summit @ HARD Stage, HARD Summer Festival Exposition Park Los Ang	10.337	3900	4	0.962	37	0.486	youtube	1	https://www.youtube.com/watch?v=5ZSUYqOzu_M
306	34jnnr9	Afrojack @ Mainstage, Ultra Music Festival Miami, United States	10.337	219600	81	1.0	52	0.519	soundcloud	0	https://w.soundcloud.com/player/?url=https://api.soundcloud.com/tracks/198125144&show_artwork=true&color=%23ff5500&hide_related=true&show_comments=false&show_user=true&show_reposts=false&show_teaser=false&visual=true
307	2n6yrbzk	Diplo @ circuitGROUNDS, EDC Mexico	10.331	3700	5	1.0	87	0.437	youtube	1	https://www.youtube.com/watch?v=37NFvEZqlLk
308	1byygc49	RÜFÜS DU SOL @ Do LaB, Coachella Festival Weekend 2, United States	10.329	4500	3	1.0	16	0.188	soundcloud	1	https://w.soundcloud.com/player/?url=https://api.soundcloud.com/tracks/322045509&show_artwork=true&color=%23ff5500&hide_related=true&show_comments=false&show_user=true&show_reposts=false&show_teaser=false&visual=true
309	2nwd216t	Diplo @ Breakaway Music Festival, United States	10.327	2500	0	1.0	21	0.714	youtube	1	https://www.youtube.com/watch?v=Ef2x-J4nEHg
310	14gv8wwt	Diplo @ Daydream Festival, Mexico	10.324	2700	0	1.0	56	0.696	youtube	1	https://www.youtube.com/watch?v=EXo-p5cHmPs
311	v3b0gc9	Avicii @ Mainstage, Ultra Music Festival Miami, United States	10.323	93000	93	0.96	29	0.724	soundcloud	0	https://w.soundcloud.com/player/?url=https://api.soundcloud.com/tracks/819263251&show_artwork=true&color=%23ff5500&hide_related=true&show_comments=false&show_user=true&show_reposts=false&show_teaser=false&visual=true
312	2cmjng2k	Diplo - Records On Records 028	10.321	2100	1	1.0	33	0.424	soundcloud	1	https://w.soundcloud.com/player/?url=https://api.soundcloud.com/tracks/447273597&show_artwork=true&color=%23ff5500&hide_related=true&show_comments=false&show_user=true&show_reposts=false&show_teaser=false&visual=true
313	1yu5qrc1	John Summit - Experts Only Radio 003	10.317	2200	4	1.0	16	0.312	soundcloud	1	https://w.soundcloud.com/player/?url=https://api.soundcloud.com/tracks/1568309038&show_artwork=true&color=%23ff5500&hide_related=true&show_comments=false&show_user=true&show_reposts=false&show_teaser=false&visual=true
314	1dx4f9q9	Chris Lake @ Sanitarium, Escape Halloween, NOS Events Center San Bernardino, Uni	10.316	9300	9	0.87	23	0.304	youtube	1	https://www.youtube.com/watch?v=_C_YtHSkaLw
315	6u4ggfk	Diplo & System D-128 - Diplo & Friends	10.315	3900	7	1.0	103	0.136	soundcloud	1	https://w.soundcloud.com/player/?url=https://api.soundcloud.com/tracks/65258227&show_artwork=true&color=%23ff5500&hide_related=true&show_comments=false&show_user=true&show_reposts=false&show_teaser=false&visual=true
316	2l54cyt1	Kygo @ Hellow Festival Monterrey, Mexico	10.313	1500	1	1.0	35	0.743	youtube	1	https://www.youtube.com/watch?v=DnkXt1n6VB8
317	1dxkjftt	Galantis @ Church Of Galantis, Global Live Virtual Concert	10.311	1100	1	1.0	21	0.81	youtube	1	https://www.youtube.com/watch?v=AtX1ELJb8Ag
318	3zx5szt	Diplo - Diplo & Friends Miami Bass Special	10.31	5000	5	1.0	54	0.111	soundcloud	1	https://w.soundcloud.com/player/?url=https://api.soundcloud.com/tracks/240374873&show_artwork=true&color=%23ff5500&hide_related=true&show_comments=false&show_user=true&show_reposts=false&show_teaser=false&visual=true
319	1b11gk71	Armin van Buuren @ ASOT Stage, Ultra Music Festival Miami, Miami Music Week, Uni	10.308	70800	70	0.971	39	0.795	soundcloud	0	https://w.soundcloud.com/player/?url=https://api.soundcloud.com/tracks/314639077&show_artwork=true&color=%23ff5500&hide_related=true&show_comments=false&show_user=true&show_reposts=false&show_teaser=false&visual=true
320	12tw1tpk	John Summit - blanc 800k Mix	10.303	2400	6	1.0	16	0.25	soundcloud	1	https://w.soundcloud.com/player/?url=https://api.soundcloud.com/tracks/1258915564&show_artwork=true&color=%23ff5500&hide_related=true&show_comments=false&show_user=true&show_reposts=false&show_teaser=false&visual=true
321	2b1b8gc1	John Summit - Experts Only Radio 012	10.3	2300	4	1.0	17	0.294	soundcloud	1	https://w.soundcloud.com/player/?url=https://api.soundcloud.com/tracks/1801223170&show_artwork=true&color=%23ff5500&hide_related=true&show_comments=false&show_user=true&show_reposts=false&show_teaser=false&visual=true
322	sngnkrk	John Summit @ Solar Stage, Moonrise Festival, United States	10.3	1100	2	1.0	25	0.76	youtube	1	https://www.youtube.com/watch?v=CqpvFSMxk4Y
323	1kj3xzy9	Diplo @ Basel Edition, LIV Miami, United States	10.299	3200	0	1.0	51	0.647	youtube	1	https://www.youtube.com/watch?v=Y8o8dyDQ-mY
324	1kjfld3k	Diplo - i-D Online	10.299	2600	2	1.0	31	0.323	soundcloud	1	https://w.soundcloud.com/player/?url=https://api.soundcloud.com/tracks/425692605&show_artwork=true&color=%23ff5500&hide_related=true&show_comments=false&show_user=true&show_reposts=false&show_teaser=false&visual=true
325	62pz461	Sebastian Ingrosso @ Mainstage, Tomorrowland, Belgium	10.295	91200	50	1.0	54	0.741	soundcloud	0	https://w.soundcloud.com/player/?url=https://api.soundcloud.com/tracks/103405652&show_artwork=true&color=%23ff5500&hide_related=true&show_comments=false&show_user=true&show_reposts=false&show_teaser=false&visual=true
326	8h5vupk	Galantis & Nicky Romero @ UMF Radio 312 (UMF Miami, United States)	10.295	528	0	1.0	56	0.786	soundcloud	1	https://w.soundcloud.com/player/?url=https://api.soundcloud.com/tracks/200162871&show_artwork=true&color=%23ff5500&hide_related=true&show_comments=false&show_user=true&show_reposts=false&show_teaser=false&visual=true
327	2ujz960k	Galantis @ Shaky Beats Music Festival, United States	10.294	1200	0	1.0	42	0.857	youtube	1	https://www.youtube.com/watch?v=SNq1Wpc2i1U
328	21nmjsz1	Diplo @ Antarctica	10.293	7600	23	1.0	27	0.111	youtube	1	https://www.youtube.com/watch?v=QtKGMfeyPUE
329	275rkpjk	Galantis @ kineticFIELD, EDC Mexico	10.292	1900	4	0.97	49	0.612	youtube	1	https://www.youtube.com/watch?v=fF4E8t__lxo
330	1jmhbsbt	Good Times Ahead & Diplo - Good Times Radio 010	10.287	4300	6	0.962	26	0.154	soundcloud	1	https://w.soundcloud.com/player/?url=https://api.soundcloud.com/tracks/559047477&show_artwork=true&color=%23ff5500&hide_related=true&show_comments=false&show_user=true&show_reposts=false&show_teaser=false&visual=true
331	2wmmqgt9	John Summit @ The Indy 500 Snake Pit, United States	10.285	2000	1	1.0	12	0.667	youtube	1	https://www.youtube.com/watch?v=zLvhugFWnTs
332	2lnj8l1	Martin Garrix @ Mainstage, Ultra Music Festival Miami, United States	10.284	202100	125	1.0	35	0.714	youtube	0	https://www.youtube.com/watch?v=E2Y-9U3QUxQ
333	1lhz5h89	Two Friends & Brooks - 2F Friendly Sessions 045	10.283	1500	1	1.0	23	0.478	soundcloud	1	https://w.soundcloud.com/player/?url=https://api.soundcloud.com/tracks/708808966&show_artwork=true&color=%23ff5500&hide_related=true&show_comments=false&show_user=true&show_reposts=false&show_teaser=false&visual=true
334	1d5h5gt	Dimitri Vegas & Like Mike @ Mainstage, Tomorrowland, Belgium	10.281	331800	192	1.0	68	0.559	youtube	0	https://www.youtube.com/watch?v=MxQ1HM8RKbY
335	2l56ttzt	FISHER @ Breakaway Music Festival, United States	10.28	7100	1	1.0	18	0.389	youtube	1	https://www.youtube.com/watch?v=fKKDFOlM6Yo
336	j0y7krk	Chris Lake @ Solstice Stage, Spring Awakening Music Festival, United States	10.279	4800	1	1.0	19	0.474	youtube	1	https://www.youtube.com/watch?v=2KSJdEL4VSE
337	1zql7cl1	Diplo & Flosstradamus @ Camp Question Mark, Burning Man, United States	10.275	1700	3	1.0	78	0.372	soundcloud	1	https://w.soundcloud.com/player/?url=https://api.soundcloud.com/tracks/1344597547&show_artwork=true&color=%23ff5500&hide_related=true&show_comments=false&show_user=true&show_reposts=false&show_teaser=false&visual=true
338	5v7sjck	Brian Cross & Kygo - Ultra Radio #023	10.275	2100	2	0.857	14	0.5	soundcloud	1	https://w.soundcloud.com/player/?url=https://api.soundcloud.com/tracks/216545073&show_artwork=true&color=%23ff5500&hide_related=true&show_comments=false&show_user=true&show_reposts=false&show_teaser=false&visual=true
339	16m1b9zk	Galantis @ kineticFIELD, EDC Las Vegas, United States	10.274	2300	2	0.977	59	0.61	youtube	1	https://www.youtube.com/watch?v=pzhpcaKgMfE
340	2k5y7yqk	Galantis @ Mainstage, Neversea Festival, Romania	10.272	892	0	1.0	67	0.91	youtube	1	https://www.youtube.com/watch?v=eOHfwZ0ckJA
341	662xrh9	Armin van Buuren @ Mainstage, Ultra Music Festival Miami, United States	10.271	173500	59	1.0	28	0.821	youtube	0	https://www.youtube.com/watch?v=Xq7z6WpeB0w
342	14g7psk9	Diplo @ Queen's Domain, Beyond Wonderland, NOS Events Center San Bernardino, Uni	10.267	3100	0	1.0	116	0.638	youtube	1	https://www.youtube.com/watch?v=s-khdNz2BQM
343	8lnmry9	Diplo - Diplo & Friends	10.265	4200	4	1.0	48	0.146	soundcloud	1	https://w.soundcloud.com/player/?url=https://api.soundcloud.com/tracks/56921190&show_artwork=true&color=%23ff5500&hide_related=true&show_comments=false&show_user=true&show_reposts=false&show_teaser=false&visual=true
344	21dh5q7t	FISHER @ Shaky Beats Music Festival, United States	10.263	3900	2	1.0	15	0.467	youtube	1	https://www.youtube.com/watch?v=6Bo3uuP3rD8
345	1by1vvgt	Two Friends - Dancing Pineapple Artist Showcase Series	10.261	457	0	1.0	10	0.8	soundcloud	1	https://w.soundcloud.com/player/?url=https://api.soundcloud.com/tracks/262296629&show_artwork=true&color=%23ff5500&hide_related=true&show_comments=false&show_user=true&show_reposts=false&show_teaser=false&visual=true
346	15d9mf7k	Hardwell @ Mainstage, Ultra Europe Split, Croatia	10.26	114100	105	1.0	79	0.595	soundcloud	0	https://w.soundcloud.com/player/?url=https://api.soundcloud.com/tracks/333680240&show_artwork=true&color=%23ff5500&hide_related=true&show_comments=false&show_user=true&show_reposts=false&show_teaser=false&visual=true
347	um4dt7t	Disco Lines @ BoxPac Project Salt Lake City, United States	10.26	2900	6	0.971	37	0.216	soundcloud	1	https://w.soundcloud.com/player/?url=https://api.soundcloud.com/tracks/2038080900&show_artwork=true&color=%23ff5500&hide_related=true&show_comments=false&show_user=true&show_reposts=false&show_teaser=false&visual=true
348	2rsps1d9	RÜFÜS DU SOL - Rose Ave Radio 001	10.258	3900	9	1.0	12	0.083	soundcloud	1	https://w.soundcloud.com/player/?url=https://api.soundcloud.com/tracks/813865282&show_artwork=true&color=%23ff5500&hide_related=true&show_comments=false&show_user=true&show_reposts=false&show_teaser=false&visual=true
349	1t0k9hy9	RÜFÜS DU SOL @ Opulent Temple, Burning Man, United States	10.256	5300	4	1.0	22	0.091	soundcloud	1	https://w.soundcloud.com/player/?url=https://api.soundcloud.com/tracks/689043754&show_artwork=true&color=%23ff5500&hide_related=true&show_comments=false&show_user=true&show_reposts=false&show_teaser=false&visual=true
350	15l9gmbt	Galantis @ kineticFIELD, EDC Orlando, United States	10.255	1600	2	1.0	93	0.656	youtube	1	https://www.youtube.com/watch?v=K8RG2TUnWhI
351	51x1nhk	Steve Angello @ Mainstage, Tomorrowland, Belgium	10.254	59300	39	1.0	50	0.84	soundcloud	0	https://w.soundcloud.com/player/?url=https://api.soundcloud.com/tracks/103270017&show_artwork=true&color=%23ff5500&hide_related=true&show_comments=false&show_user=true&show_reposts=false&show_teaser=false&visual=true
352	7fl4htk	Moguai & Galantis & Adam Port - 1LIVE Rocker	10.254	898	0	1.0	60	0.65	soundcloud	1	https://w.soundcloud.com/player/?url=https://api.soundcloud.com/tracks/192846919&show_artwork=true&color=%23ff5500&hide_related=true&show_comments=false&show_user=true&show_reposts=false&show_teaser=false&visual=true
353	2wjnf9kk	Dom Dolla & Green Velvet & John Summit @ neonGARDEN, EDC Orlando, United States	10.253	4000	1	1.0	10	0.5	youtube	1	https://www.youtube.com/watch?v=VRtPGKuj_jM
354	1pk6m8r9	Kygo @ GMO Sonic, Japan	10.252	1900	3	1.0	58	0.586	youtube	1	https://www.youtube.com/watch?v=ZtRMT41WyfA
355	1kxnqzx9	John Summit @ Amsterdam Music Festival, Johan Cruijff ArenA, Amsterdam Dance Eve	10.25	4500	10	0.955	24	0.333	youtube	1	https://www.youtube.com/watch?v=vV6Uh6tQ1Rw
356	1lf10tzk	Diplo @ Z100's Jingle Ball, Madison Square Garden New York, United States	10.248	2300	1	1.0	34	0.618	youtube	1	https://www.youtube.com/watch?v=hOYt8p2vR_8
357	2ct3ph5t	Diplo @ Robot Heart, Burning Man, United States	10.247	3300	8	0.946	39	0.179	soundcloud	1	https://w.soundcloud.com/player/?url=https://api.soundcloud.com/tracks/1537509589&show_artwork=true&color=%23ff5500&hide_related=true&show_comments=false&show_user=true&show_reposts=false&show_teaser=false&visual=true
358	1kqvkh4t	John Summit - Tomorrowland Friendship Mix	10.243	2200	1	0.938	16	0.438	soundcloud	1	https://w.soundcloud.com/player/?url=https://api.soundcloud.com/tracks/1276149715&show_artwork=true&color=%23ff5500&hide_related=true&show_comments=false&show_user=true&show_reposts=false&show_teaser=false&visual=true
359	1usl42c1	Two Friends & Jonas Aden - 2F Friendly Sessions Ep. 23	10.241	1600	2	0.966	30	0.433	soundcloud	1	https://w.soundcloud.com/player/?url=https://api.soundcloud.com/tracks/251050754&show_artwork=true&color=%23ff5500&hide_related=true&show_comments=false&show_user=true&show_reposts=false&show_teaser=false&visual=true
360	2mbh8l29	FISHER @ kineticFIELD, EDC Orlando, United States	10.24	4200	5	0.909	22	0.455	youtube	1	https://www.youtube.com/watch?v=R7PZJxe9CwM
361	2438ghxt	Galantis - Love On Mixtape	10.239	2600	0	1.0	34	0.412	soundcloud	1	https://w.soundcloud.com/player/?url=https://api.soundcloud.com/tracks/297629330&show_artwork=true&color=%23ff5500&hide_related=true&show_comments=false&show_user=true&show_reposts=false&show_teaser=false&visual=true
362	gg398l9	FISHER @ Out 2 Lunch Festival, Australia	10.239	4900	6	0.944	38	0.368	youtube	1	https://www.youtube.com/watch?v=zKjHk1xW1Gw
363	kbbwkz9	John Summit @ Mayan Warrior, Burning Man, United States	10.236	7700	16	0.966	33	0.152	youtube	1	https://www.youtube.com/watch?v=d8zUK6nAbr8
364	x9l38c1	Diplo & HUGEL @ Playground, Burning Man, United States	10.234	4300	9	0.95	20	0.1	soundcloud	1	https://w.soundcloud.com/player/?url=https://api.soundcloud.com/tracks/1611025158&show_artwork=true&color=%23ff5500&hide_related=true&show_comments=false&show_user=true&show_reposts=false&show_teaser=false&visual=true
365	20mt1fl1	John Summit @ Sunset Stage, Sunset Music Festival, United States	10.229	1900	1	1.0	20	0.65	youtube	1	https://www.youtube.com/watch?v=przSeQxBBC4
366	nvp6np1	Diplo & Vintage Culture @ Opulent Temple, Burning Man, United States	10.228	2500	4	0.97	37	0.27	soundcloud	1	https://w.soundcloud.com/player/?url=https://api.soundcloud.com/tracks/1344670843&show_artwork=true&color=%23ff5500&hide_related=true&show_comments=false&show_user=true&show_reposts=false&show_teaser=false&visual=true
367	69h4uu1	Diplo - Diplo & Friends Hip Hop Special	10.227	7300	3	1.0	64	0.031	soundcloud	1	https://w.soundcloud.com/player/?url=https://api.soundcloud.com/tracks/174339051&show_artwork=true&color=%23ff5500&hide_related=true&show_comments=false&show_user=true&show_reposts=false&show_teaser=false&visual=true
368	bfvmlkt	Lemay & Kyle Watson - Diplo & Friends	10.227	4500	4	0.971	71	0.141	soundcloud	1	https://w.soundcloud.com/player/?url=https://api.soundcloud.com/tracks/605501385&show_artwork=true&color=%23ff5500&hide_related=true&show_comments=false&show_user=true&show_reposts=false&show_teaser=false&visual=true
369	qny5jqt	John Summit @ Defected Croatia	10.226	3900	4	1.0	28	0.393	youtube	1	https://www.youtube.com/watch?v=_X0g6wwvD5U
370	24clmb0k	Diplo & BLOND:ISH @ Titanic's End Art Car, Burning Man, United States	10.224	4100	9	1.0	18	0.056	soundcloud	1	https://w.soundcloud.com/player/?url=https://api.soundcloud.com/tracks/1344672889&show_artwork=true&color=%23ff5500&hide_related=true&show_comments=false&show_user=true&show_reposts=false&show_teaser=false&visual=true
371	bgtcjh1	RÜFÜS DU SOL @ Igloofest Montreal, Canada	10.22	3300	3	1.0	20	0.2	soundcloud	1	https://w.soundcloud.com/player/?url=https://api.soundcloud.com/tracks/766404379&show_artwork=true&color=%23ff5500&hide_related=true&show_comments=false&show_user=true&show_reposts=false&show_teaser=false&visual=true
372	1vt23509	Diplo @ Supernova Stage, Lights All Night, United States	10.216	4300	0	0.988	141	0.553	youtube	1	https://www.youtube.com/watch?v=laMZt105sa0
373	20tv6muk	John Summit - Comfort In Chaos Anniversary Mix	10.213	497	4	1.0	12	0.833	youtube	1	https://www.youtube.com/watch?v=KMRa8F00nWg
374	j0pr5x9	FISHER @ Caterpillar's Garden, Beyond Wonderland Monterrey, Mexico	10.212	8600	2	0.846	26	0.423	youtube	1	https://www.youtube.com/watch?v=UofOU3W0T5Q
375	2gw83y1	deadmau5 @ Mainstage, Ultra Music Festival Miami, United States	10.21	79500	60	1.0	24	0.708	soundcloud	0	https://w.soundcloud.com/player/?url=https://api.soundcloud.com/tracks/142127656&show_artwork=true&color=%23ff5500&hide_related=true&show_comments=false&show_user=true&show_reposts=false&show_teaser=false&visual=true
376	6urb6rk	Diplo - Diplo & Friends 'Rollerskating Thru The Universe' Hip Hop Mix	10.21	7600	2	1.0	88	0.045	soundcloud	1	https://w.soundcloud.com/player/?url=https://api.soundcloud.com/tracks/123949880&show_artwork=true&color=%23ff5500&hide_related=true&show_comments=false&show_user=true&show_reposts=false&show_teaser=false&visual=true
377	915yyk	Avicii - Radio 1's Essential Mix	10.21	73800	62	1.0	43	0.721	soundcloud	0	https://w.soundcloud.com/player/?url=https://api.soundcloud.com/tracks/8746265&show_artwork=true&color=%23ff5500&hide_related=true&show_comments=false&show_user=true&show_reposts=false&show_teaser=false&visual=true
378	2775yp1k	FISHER @ Mainstage, Ultra Music Festival, Taiwan	10.209	4500	5	0.909	33	0.424	youtube	1	https://www.youtube.com/watch?v=HYM-QKblH9s
379	2hhf628t	Kygo @ kineticFIELD, EDC Orlando, United States	10.207	2200	7	0.957	60	0.5	youtube	1	https://www.youtube.com/watch?v=CcAOPb3i6fo
380	mws3pm9	MistaJam & Diplo & James Hype & Camden Cox - The Capital Weekender with MistaJam	10.206	2200	8	1.0	88	0.443	youtube	1	https://www.youtube.com/watch?v=6ycXaYlw4_Q
381	1vqvjqj1	Henrik The Artist & Gryffin - Diplo & Friends	10.203	2800	2	0.981	54	0.278	soundcloud	1	https://w.soundcloud.com/player/?url=https://api.soundcloud.com/tracks/286041960&show_artwork=true&color=%23ff5500&hide_related=true&show_comments=false&show_user=true&show_reposts=false&show_teaser=false&visual=true
382	1wqf19l9	Diplo @ Mainstage, Untold Festival, Romania	10.203	2400	1	1.0	116	0.586	youtube	1	https://www.youtube.com/watch?v=Vcd56g5Wk6A
383	1gudm94k	FISHER - Circoloco Radio 167	10.201	5300	8	1.0	16	0.0	soundcloud	1	https://w.soundcloud.com/player/?url=https://api.soundcloud.com/tracks/944437738&show_artwork=true&color=%23ff5500&hide_related=true&show_comments=false&show_user=true&show_reposts=false&show_teaser=false&visual=true
384	2763cbh9	John Summit @ 1STBANK Center, United States	10.201	1700	5	1.0	37	0.541	youtube	1	https://www.youtube.com/watch?v=QqdQG_NuAKk
385	2tpp5bf1	Lee Foss & John Summit @ Repopulate Mars Malibu Sunset Livestream, United States	10.201	6800	7	1.0	24	0.208	youtube	1	https://www.youtube.com/watch?v=_QhXxLENCb8
386	2mxr7c61	Diplo @ Nightswim, XS Nightclub Las Vegas, United States	10.2	4200	0	1.0	39	0.538	youtube	1	https://www.youtube.com/watch?v=Ts7YpQUM7Z4
387	hz5xdt9	Diplo - Diplo & Friends	10.2	4900	3	1.0	48	0.104	soundcloud	1	https://w.soundcloud.com/player/?url=https://api.soundcloud.com/tracks/357963827&show_artwork=true&color=%23ff5500&hide_related=true&show_comments=false&show_user=true&show_reposts=false&show_teaser=false&visual=true
388	2vdlcdqt	Two Friends - Source Recordings Spring Mix	10.199	1700	1	1.0	22	0.409	soundcloud	1	https://w.soundcloud.com/player/?url=https://api.soundcloud.com/tracks/315685769&show_artwork=true&color=%23ff5500&hide_related=true&show_comments=false&show_user=true&show_reposts=false&show_teaser=false&visual=true
389	kvp49xk	Galantis @ Imagine Music Festival Atlanta, United States	10.198	948	0	1.0	43	0.86	youtube	1	https://www.youtube.com/watch?v=3_Mhj3wG7Lk
390	26yrzxm1	Two Friends & Matoma - 2F Friendly Sessions 041	10.196	2100	1	1.0	47	0.362	soundcloud	1	https://w.soundcloud.com/player/?url=https://api.soundcloud.com/tracks/560007969&show_artwork=true&color=%23ff5500&hide_related=true&show_comments=false&show_user=true&show_reposts=false&show_teaser=false&visual=true
391	13slll59	John Summit @ Off The Grid Block Party, Downtown Tempe Arizona, United States	10.189	2400	1	0.974	38	0.605	youtube	1	https://www.youtube.com/watch?v=fC28DsGgPPo
392	261pmjtk	Diplo @ Tetrix Art Car, Burning Man, United States	10.189	3600	5	0.943	56	0.179	soundcloud	1	https://w.soundcloud.com/player/?url=https://api.soundcloud.com/tracks/679712429&show_artwork=true&color=%23ff5500&hide_related=true&show_comments=false&show_user=true&show_reposts=false&show_teaser=false&visual=true
393	3vukv5t	Hardwell @ Mainstage, Tomorrowland, Belgium	10.189	155100	119	1.0	48	0.729	youtube	0	https://www.youtube.com/watch?v=eBZjZ6eAzMw
394	6p5fnn1	Diplo @ Holy Ship! Miami	10.189	1400	1	0.896	50	0.8	youtube	1	https://www.youtube.com/watch?v=9KBjenrPqtQ
395	29pw84dt	Two Friends - Your EDM Mix 053	10.188	715	0	1.0	21	0.667	soundcloud	1	https://w.soundcloud.com/player/?url=https://api.soundcloud.com/tracks/283640926&show_artwork=true&color=%23ff5500&hide_related=true&show_comments=false&show_user=true&show_reposts=false&show_teaser=false&visual=true
396	2jk3xu3k	Diplo & Green Velvet @ Higher Ground, The Brooklyn Mirage New York, United State	10.188	6300	13	0.947	19	0.211	youtube	1	https://www.youtube.com/watch?v=hyZU-ZdHKRM
397	1ysqd1mt	Diplo & Carlita @ Pineapple Motel, Burning Man, United States	10.187	4900	5	0.966	34	0.088	soundcloud	1	https://w.soundcloud.com/player/?url=https://api.soundcloud.com/tracks/1615538094&show_artwork=true&color=%23ff5500&hide_related=true&show_comments=false&show_user=true&show_reposts=false&show_teaser=false&visual=true
398	wdtbxy9	John Summit - Experts Only Radio 011	10.187	2900	4	1.0	16	0.188	soundcloud	1	https://w.soundcloud.com/player/?url=https://api.soundcloud.com/tracks/1769373375&show_artwork=true&color=%23ff5500&hide_related=true&show_comments=false&show_user=true&show_reposts=false&show_teaser=false&visual=true
399	2pztywg9	John Summit - Defected Radio Show 278	10.184	1800	9	1.0	14	0.214	soundcloud	1	https://w.soundcloud.com/player/?url=https://api.soundcloud.com/tracks/1138265884&show_artwork=true&color=%23ff5500&hide_related=true&show_comments=false&show_user=true&show_reposts=false&show_teaser=false&visual=true
400	108jmtt	Kygo @ Firefly Music Festival Dover, United States	10.183	3900	1	1.0	17	0.471	youtube	1	https://www.youtube.com/watch?v=bakfJWQkIBQ
401	15qwu9pt	Disco Lines @ Mainstage, Ultra Music Festival Miami, United States	10.183	3400	5	0.81	21	0.571	youtube	1	https://www.youtube.com/watch?v=INuZC2vkl50
402	22g1sf7t	RÜFÜS DU SOL @ Club Space Miami, United States (Beatport Live)	10.183	6600	15	1.0	23	0.13	youtube	1	https://www.youtube.com/watch?v=eakRAd2AklU
403	11vqnvgk	John Summit @ circuitGROUNDS, EDC, Mexico	10.181	2400	3	1.0	14	0.5	youtube	1	https://www.youtube.com/watch?v=exDWGsYnScU
404	111j2zvk	John Summit - Experts Only Radio 009	10.174	2700	5	1.0	17	0.176	soundcloud	1	https://w.soundcloud.com/player/?url=https://api.soundcloud.com/tracks/1714899345&show_artwork=true&color=%23ff5500&hide_related=true&show_comments=false&show_user=true&show_reposts=false&show_teaser=false&visual=true
405	2lg2pmn9	it's murph @ Carousel Club, Electric Forest Festival, United States	10.173	1300	4	0.935	31	0.419	soundcloud	1	https://w.soundcloud.com/player/?url=https://api.soundcloud.com/tracks/1875119478&show_artwork=true&color=%23ff5500&hide_related=true&show_comments=false&show_user=true&show_reposts=false&show_teaser=false&visual=true
406	8t3qph1	Axwell @ Mainstage, Tomorrowland, Belgium	10.172	96500	50	1.0	48	0.667	soundcloud	0	https://w.soundcloud.com/player/?url=https://api.soundcloud.com/tracks/103404261&show_artwork=true&color=%23ff5500&hide_related=true&show_comments=false&show_user=true&show_reposts=false&show_teaser=false&visual=true
407	2mxqccpt	Galantis - Fun Radio Party Fun	10.17	467	0	1.0	49	1.0	youtube	1	https://www.youtube.com/watch?v=ZXF3LAVk1uE
408	20tf6qu9	Diplo @ Diplo's Honkytonk, Stagecoach Festival, United States	10.166	4100	8	0.977	90	0.311	youtube	1	https://www.youtube.com/watch?v=s8TiQHP0hUI
409	22d9r4h9	Galantis @ The Prom Virtual Event, Sweden	10.164	1100	4	0.97	33	0.667	youtube	1	https://www.youtube.com/watch?v=70EONuZyzY0
410	13uubtp1	FISHER @ Mothership, Countdown NYE New Year's Invasion, NOS Events Center San Be	10.163	3100	5	0.957	23	0.435	youtube	1	https://www.youtube.com/watch?v=f8cgrI4OiQM
411	rpl64w9	Chris Lake @ FNGRS CRSSD Field Stage Proper NYE, United States	10.151	3800	0	0.905	21	0.381	soundcloud	1	https://w.soundcloud.com/player/?url=https://api.soundcloud.com/tracks/1418528008&show_artwork=true&color=%23ff5500&hide_related=true&show_comments=false&show_user=true&show_reposts=false&show_teaser=false&visual=true
412	9unbmpt	John Summit @ Shaq's Fun House, Mardi Gras World New Orleans, United States	10.148	1400	2	1.0	19	0.632	youtube	1	https://www.youtube.com/watch?v=cA1EozGYj0E
413	1s76wjh9	Diplo @ Mainstage, Creamfields Chile	10.147	3300	3	0.957	70	0.457	youtube	1	https://www.youtube.com/watch?v=0nKoelrlvHI
414	2vsqtkck	John Summit - Experts Only Radio 019	10.145	1800	3	1.0	17	0.294	soundcloud	1	https://w.soundcloud.com/player/?url=https://api.soundcloud.com/tracks/1954334723&show_artwork=true&color=%23ff5500&hide_related=true&show_comments=false&show_user=true&show_reposts=false&show_teaser=false&visual=true
415	3hbub2k	Nicky Romero @ Mainstage, TomorrowWorld Atlanta, United States	10.145	59700	40	1.0	64	0.781	soundcloud	0	https://w.soundcloud.com/player/?url=https://api.soundcloud.com/tracks/113542322&show_artwork=true&color=%23ff5500&hide_related=true&show_comments=false&show_user=true&show_reposts=false&show_teaser=false&visual=true
416	260198n1	Hardwell @ Mainstage, Ultra Music Festival Miami, United States	10.144	239000	178	1.0	72	0.569	youtube	0	https://www.youtube.com/watch?v=yvYeAdcM2Ss
417	2s022s71	Diplo @ ZEROTOKYO, Japan	10.142	2400	4	1.0	57	0.456	youtube	1	https://www.youtube.com/watch?v=ltr7BLsTHb4
418	n79su9	Swedish House Mafia @ Madison Square Garden New York, United States	10.142	69000	54	1.0	60	0.717	soundcloud	0	https://w.soundcloud.com/player/?url=https://api.soundcloud.com/tracks/56844254&show_artwork=true&color=%23ff5500&hide_related=true&show_comments=false&show_user=true&show_reposts=false&show_teaser=false&visual=true
419	y62hz8k	Diplo @ Jenga Loft New York City, United States	10.142	3000	6	0.955	24	0.167	soundcloud	1	https://w.soundcloud.com/player/?url=https://api.soundcloud.com/tracks/1399800403&show_artwork=true&color=%23ff5500&hide_related=true&show_comments=false&show_user=true&show_reposts=false&show_teaser=false&visual=true
420	1jwtbspt	Two Friends @ Big Bootie Mix Vol. 24: Big Bootie Land, KIA Forum Los Angeles	10.139	1000	0	0.996	238	0.824	youtube	1	https://www.youtube.com/watch?v=VGkG2OgUUao
421	1f1239tk	Diplo @ Tulum After Party, Mexico	10.136	2900	4	1.0	37	0.162	soundcloud	1	https://w.soundcloud.com/player/?url=https://api.soundcloud.com/tracks/1195334326&show_artwork=true&color=%23ff5500&hide_related=true&show_comments=false&show_user=true&show_reposts=false&show_teaser=false&visual=true
422	1mppf6p9	John Summit - Experts Only Radio 010	10.134	2700	4	1.0	17	0.176	soundcloud	1	https://w.soundcloud.com/player/?url=https://api.soundcloud.com/tracks/1742122740&show_artwork=true&color=%23ff5500&hide_related=true&show_comments=false&show_user=true&show_reposts=false&show_teaser=false&visual=true
423	1yjmk2xt	Galantis & Martin Solveig - Night Owl Radio 078	10.132	2100	2	0.976	42	0.31	soundcloud	1	https://w.soundcloud.com/player/?url=https://api.soundcloud.com/tracks/308313887&show_artwork=true&color=%23ff5500&hide_related=true&show_comments=false&show_user=true&show_reposts=false&show_teaser=false&visual=true
424	5gttlt1	Dimitri Vegas & Like Mike & 3 Are Legend (Steve Aoki) @ Bringing The World The M	10.129	190100	226	1.0	128	0.586	youtube	0	https://www.youtube.com/watch?v=ta7ITAYTATM
425	28s0jll9	Galantis @ Bravalla Festival, Sweden	10.125	713	0	1.0	35	0.886	youtube	1	https://www.youtube.com/watch?v=iKuqQVT18w8
426	2uqlgkt9	Diplo - BBC Radio 1 Dance Weekend	10.124	3900	11	0.913	27	0.333	youtube	1	https://www.youtube.com/watch?v=YyAu170axTM
427	8p4uct1	Galantis @ Ranch Arena Stage, Electric Forest Festival, United States	10.124	420	0	1.0	44	1.0	youtube	1	https://www.youtube.com/watch?v=dR9tCmUtfLE
428	2j6lu511	Two Friends & Kap Slap - 2F Friendly Sessions Ep. 28	10.116	2400	1	1.0	41	0.293	soundcloud	1	https://w.soundcloud.com/player/?url=https://api.soundcloud.com/tracks/290088771&show_artwork=true&color=%23ff5500&hide_related=true&show_comments=false&show_user=true&show_reposts=false&show_teaser=false&visual=true
429	cqn0sbk	John Summit @ Hordern Pavilion, Australia	10.115	1800	3	0.971	34	0.559	youtube	1	https://www.youtube.com/watch?v=QxaK0bKyuG8
430	1bqb991	Armin van Buuren @ Mainstage, Tomorrowland, Belgium	10.114	119800	62	1.0	44	0.818	youtube	0	https://www.youtube.com/watch?v=ieUGGo3zfo0
431	x46r09	Diplo - Blow Your Head 005	10.114	2400	1	1.0	24	0.292	soundcloud	1	https://w.soundcloud.com/player/?url=https://api.soundcloud.com/tracks/26322348&show_artwork=true&color=%23ff5500&hide_related=true&show_comments=false&show_user=true&show_reposts=false&show_teaser=false&visual=true
432	2whn4hrt	Chris Lake & MEDUZA - Night Owl Radio 300	10.108	3600	6	1.0	31	0.065	soundcloud	1	https://w.soundcloud.com/player/?url=https://api.soundcloud.com/tracks/1049104537&show_artwork=true&color=%23ff5500&hide_related=true&show_comments=false&show_user=true&show_reposts=false&show_teaser=false&visual=true
433	fhgmpn9	John Summit - Experts Only Radio 008	10.107	2100	7	1.0	18	0.167	soundcloud	1	https://w.soundcloud.com/player/?url=https://api.soundcloud.com/tracks/1689485679&show_artwork=true&color=%23ff5500&hide_related=true&show_comments=false&show_user=true&show_reposts=false&show_teaser=false&visual=true
434	vb6j2n1	RÜFÜS DU SOL - Rose Ave Radio 015	10.107	1800	7	1.0	10	0.2	soundcloud	1	https://w.soundcloud.com/player/?url=https://api.soundcloud.com/tracks/1133370988&show_artwork=true&color=%23ff5500&hide_related=true&show_comments=false&show_user=true&show_reposts=false&show_teaser=false&visual=true
435	1d7qmyr1	Diplo @ Palomino Stage, Stagecoach Festival, United States	10.106	4900	5	1.0	57	0.263	youtube	1	https://www.youtube.com/watch?v=-Ac1ySxVxc8
436	2lbyjuwt	FISHER @ Bigger Than A Beach Party Tour, Riverstage Brisbane, Australia	10.104	2200	1	1.0	18	0.556	youtube	1	https://www.youtube.com/watch?v=d8uNtb0sHpo
437	1gugn87t	Tiësto & Jax Jones & FISHER - 1LIVE DJ Session (Best Of 2020)	10.103	2900	0	1.0	25	0.32	soundcloud	1	https://w.soundcloud.com/player/?url=https://api.soundcloud.com/tracks/862470829&show_artwork=true&color=%23ff5500&hide_related=true&show_comments=false&show_user=true&show_reposts=false&show_teaser=false&visual=true
438	nut6wm1	John Summit @ DJ Mag Poolside Sessions, Sagamore Hotel South Beach, Miami Music 	10.102	4500	6	0.947	19	0.316	youtube	1	https://www.youtube.com/watch?v=jeo87rutyrE
439	zvn69g1	Timmy Trumpet @ Mainstage, Tomorrowland Weekend 1, Belgium	10.102	131200	53	0.984	63	0.825	youtube	0	https://www.youtube.com/watch?v=KfrQRR-cyuA
440	12xzckr9	it's murph @ The Other Stage, Bonnaroo Music Festival, United States	10.101	1200	2	0.957	23	0.435	soundcloud	1	https://w.soundcloud.com/player/?url=https://api.soundcloud.com/tracks/1853252481&show_artwork=true&color=%23ff5500&hide_related=true&show_comments=false&show_user=true&show_reposts=false&show_teaser=false&visual=true
441	2ft870t	Diplo - Blow Your Head 008	10.1	3200	1	1.0	27	0.222	soundcloud	1	https://w.soundcloud.com/player/?url=https://api.soundcloud.com/tracks/34327772&show_artwork=true&color=%23ff5500&hide_related=true&show_comments=false&show_user=true&show_reposts=false&show_teaser=false&visual=true
442	441pps1	Avicii @ kineticFIELD, EDC Las Vegas, United States	10.097	38200	31	1.0	59	0.881	soundcloud	0	https://w.soundcloud.com/player/?url=https://api.soundcloud.com/tracks/98256775&show_artwork=true&color=%23ff5500&hide_related=true&show_comments=false&show_user=true&show_reposts=false&show_teaser=false&visual=true
443	50ugujk	Two Friends & Ryos - 2F Friendly Sessions Ep. 22	10.097	1400	1	1.0	35	0.4	soundcloud	1	https://w.soundcloud.com/player/?url=https://api.soundcloud.com/tracks/241814995&show_artwork=true&color=%23ff5500&hide_related=true&show_comments=false&show_user=true&show_reposts=false&show_teaser=false&visual=true
444	24j9cttt	FISHER @ Victoria Park Auckland, New Zealand	10.095	4700	6	0.969	32	0.281	youtube	1	https://www.youtube.com/watch?v=zDKtmqLPH6Y
445	xzv6xut	FISHER & Patrick Topping @ elrow, Encore Beach Club Las Vegas, EDC Week Las Vega	10.094	9400	1	1.0	17	0.235	youtube	1	https://www.youtube.com/watch?v=BnlBC7kzHbU
446	1u23trv1	Kygo @ Palm Tree Music Festival, Mexico	10.093	1400	4	0.977	56	0.571	youtube	1	https://www.youtube.com/watch?v=TQJCKWoT1MQ
447	2n9rjtrt	Galantis @ Perry's Stage, Lollapalooza United States	10.088	1300	5	1.0	59	0.542	youtube	1	https://www.youtube.com/watch?v=wwm7mJfI7ws
448	12mghukt	Diplo - Give & Go Mixtape	10.086	3700	5	1.0	31	0.065	soundcloud	1	https://w.soundcloud.com/player/?url=https://api.soundcloud.com/tracks/400774443&show_artwork=true&color=%23ff5500&hide_related=true&show_comments=false&show_user=true&show_reposts=false&show_teaser=false&visual=true
449	1yuuh521	Disco Lines @ stereoBLOOM, EDC Orlando, United States	10.086	3000	3	0.769	26	0.385	soundcloud	1	https://w.soundcloud.com/player/?url=https://api.soundcloud.com/tracks/1665768939&show_artwork=true&color=%23ff5500&hide_related=true&show_comments=false&show_user=true&show_reposts=false&show_teaser=false&visual=true
450	cqb32b1	FISHER @ kineticFIELD, EDC Mexico	10.086	3900	4	0.968	31	0.355	youtube	1	https://www.youtube.com/watch?v=Q1OLX0jbuRs
451	qx4h7c1	John Summit @ O2 Arena London, United Kingdom	10.083	2400	6	1.0	41	0.39	youtube	1	https://www.youtube.com/watch?v=S8BEtGJzOfM
452	2g46g1t	Dada Life & Munchi - Diplo & Friends	10.08	7300	7	1.0	68	0.132	youtube	1	https://www.youtube.com/watch?v=cWEOKR0Hepo
453	10svsjw1	Galantis @ Aragon Ballroom Chicago, United States	10.077	765	1	1.0	83	0.771	youtube	1	https://www.youtube.com/watch?v=ecCCjPSCfWM
454	kwr4ww9	FISHER @ ANTS Stage, Tomorrowland Weekend 1, Belgium	10.074	4200	1	1.0	20	0.4	youtube	1	https://www.youtube.com/watch?v=MW_eLPdhOLw
455	11q3g8mt	Tiësto @ Mainstage, Tomorrowland Weekend 2, Belgium	10.068	64400	46	1.0	52	0.712	soundcloud	0	https://w.soundcloud.com/player/?url=https://api.soundcloud.com/tracks/477878742&show_artwork=true&color=%23ff5500&hide_related=true&show_comments=false&show_user=true&show_reposts=false&show_teaser=false&visual=true
456	8w8un9	Diplo - Blow Your Head 006	10.068	2900	1	0.955	22	0.273	soundcloud	1	https://w.soundcloud.com/player/?url=https://api.soundcloud.com/tracks/28563472&show_artwork=true&color=%23ff5500&hide_related=true&show_comments=false&show_user=true&show_reposts=false&show_teaser=false&visual=true
457	2b0h3xd1	John Summit - Experts Only Radio 007	10.067	2200	4	1.0	16	0.188	soundcloud	1	https://w.soundcloud.com/player/?url=https://api.soundcloud.com/tracks/1666785015&show_artwork=true&color=%23ff5500&hide_related=true&show_comments=false&show_user=true&show_reposts=false&show_teaser=false&visual=true
458	1sywfdhk	Two Friends & Loud Luxury - 2F Friendly Sessions 038	10.066	2000	0	1.0	34	0.382	soundcloud	1	https://w.soundcloud.com/player/?url=https://api.soundcloud.com/tracks/435116088&show_artwork=true&color=%23ff5500&hide_related=true&show_comments=false&show_user=true&show_reposts=false&show_teaser=false&visual=true
459	16qjndb1	John Summit - Experts Only Radio 023	10.063	2800	4	1.0	15	0.133	soundcloud	1	https://w.soundcloud.com/player/?url=https://api.soundcloud.com/tracks/2031237224&show_artwork=true&color=%23ff5500&hide_related=true&show_comments=false&show_user=true&show_reposts=false&show_teaser=false&visual=true
460	1nq3qgpk	Disco Lines @ cosmicMEADOW, EDC Las Vegas, United States	10.056	3400	2	0.857	21	0.286	soundcloud	1	https://w.soundcloud.com/player/?url=https://api.soundcloud.com/tracks/2103218673&show_artwork=true&color=%23ff5500&hide_related=true&show_comments=false&show_user=true&show_reposts=false&show_teaser=false&visual=true
461	2n79ucbt	John Summit @ Sunset On The Sand, Miami Beach Race Weekend, United States	10.055	2600	4	0.907	43	0.488	youtube	1	https://www.youtube.com/watch?v=Nb_Fa0c2pis
462	34x4gpk	Chris Lake - North America 2015 Tour Mix	10.054	2900	2	1.0	17	0.176	soundcloud	1	https://w.soundcloud.com/player/?url=https://api.soundcloud.com/tracks/223403767&show_artwork=true&color=%23ff5500&hide_related=true&show_comments=false&show_user=true&show_reposts=false&show_teaser=false&visual=true
463	2k7576u1	Two Friends & Sigala - 2F Friendly Sessions 043	10.052	1400	2	1.0	24	0.333	soundcloud	1	https://w.soundcloud.com/player/?url=https://api.soundcloud.com/tracks/655888331&show_artwork=true&color=%23ff5500&hide_related=true&show_comments=false&show_user=true&show_reposts=false&show_teaser=false&visual=true
464	66hqtb9	Hardwell @ Ultra Music Festival Japan	10.052	72300	57	1.0	61	0.656	soundcloud	0	https://w.soundcloud.com/player/?url=https://api.soundcloud.com/tracks/169578543&show_artwork=true&color=%23ff5500&hide_related=true&show_comments=false&show_user=true&show_reposts=false&show_teaser=false&visual=true
465	cjgqfrk	Chris Lake @ Royal Ballroom, Decadence Arizona, United States	10.052	2300	3	0.944	18	0.5	youtube	1	https://www.youtube.com/watch?v=KNdKor5p5_k
466	1p9u1u29	Diplo & Dillon Francis @ Coronight Fever #3, United States	10.051	4200	7	0.952	63	0.286	youtube	1	https://www.youtube.com/watch?v=9rSw3Lkw3so
467	18hhu9r1	FISHER @ Zamna, Hipódromo De Las Americas CDMX, Mexico	10.047	2100	4	1.0	16	0.438	youtube	1	https://www.youtube.com/watch?v=QcDkfSUSxqI
468	1v09k13t	Diplo @ Super Bowl Weekend LA Party, Sunset Room Hollywood, United States	10.044	1700	2	1.0	67	0.537	youtube	1	https://www.youtube.com/watch?v=IR0N-9wFwGg
469	8plr651	Chris Lake @ Loud All Night, Sound Academy Toronto, Canada	10.044	2100	1	1.0	28	0.286	soundcloud	1	https://w.soundcloud.com/player/?url=https://api.soundcloud.com/tracks/47853544&show_artwork=true&color=%23ff5500&hide_related=true&show_comments=false&show_user=true&show_reposts=false&show_teaser=false&visual=true
470	3l0flbk	Porter Robinson @ Mainstage, Ultra Music Festival Miami, United States	10.039	58700	35	1.0	63	0.746	soundcloud	0	https://w.soundcloud.com/player/?url=https://api.soundcloud.com/tracks/86597224&show_artwork=true&color=%23ff5500&hide_related=true&show_comments=false&show_user=true&show_reposts=false&show_teaser=false&visual=true
471	1u23t871	John Summit @ DAY.MVS In The Park San Diego, Petco Park, United States	10.038	2200	4	1.0	26	0.423	youtube	1	https://www.youtube.com/watch?v=TvFUdPdjS7k
472	clxg8k	Chris Lake @ Beta Nightclub Denver, United States	10.037	3200	3	0.846	26	0.269	soundcloud	1	https://w.soundcloud.com/player/?url=https://api.soundcloud.com/tracks/31234682&show_artwork=true&color=%23ff5500&hide_related=true&show_comments=false&show_user=true&show_reposts=false&show_teaser=false&visual=true
473	19g1y3h1	Disco Lines @ Ocean View, CRSSD Festival Spring, United States	10.034	1500	0	0.857	21	0.571	soundcloud	1	https://w.soundcloud.com/player/?url=https://api.soundcloud.com/tracks/1773730407&show_artwork=true&color=%23ff5500&hide_related=true&show_comments=false&show_user=true&show_reposts=false&show_teaser=false&visual=true
474	1jnug5y1	Dennis Ruyer & FISHER - Dance Department 753	10.031	1700	0	1.0	15	0.4	soundcloud	1	https://w.soundcloud.com/player/?url=https://api.soundcloud.com/tracks/789828748&show_artwork=true&color=%23ff5500&hide_related=true&show_comments=false&show_user=true&show_reposts=false&show_teaser=false&visual=true
475	1p7xl5nk	Hardwell @ Mainstage, Tomorrowland Weekend 1, Belgium	10.031	205200	141	1.0	56	0.571	youtube	0	https://www.youtube.com/watch?v=Y8N9vxYxWcc
476	1b9xz8t1	Kygo @ Palm Tree Music Festival Brisbane, Australia	10.03	1200	2	1.0	33	0.606	youtube	1	https://www.youtube.com/watch?v=FVJtV2s0wXE
477	6c2f331	Diplo - Diplo & Friends	10.028	4100	1	0.981	53	0.151	soundcloud	1	https://w.soundcloud.com/player/?url=https://api.soundcloud.com/tracks/56921189&show_artwork=true&color=%23ff5500&hide_related=true&show_comments=false&show_user=true&show_reposts=false&show_teaser=false&visual=true
478	15qxu19t	Chris Lake @ Black Book Records, Factory Town, Miami Music Week, United States	10.027	3500	3	1.0	11	0.091	soundcloud	1	https://w.soundcloud.com/player/?url=https://api.soundcloud.com/tracks/1892855826&show_artwork=true&color=%23ff5500&hide_related=true&show_comments=false&show_user=true&show_reposts=false&show_teaser=false&visual=true
479	1phwh15k	Chris Lake @ kineticFIELD, EDC Las Vegas, United States	10.027	5400	2	0.944	18	0.333	youtube	1	https://www.youtube.com/watch?v=picFMHe0kvU
480	2pmxybt	Steve Angello @ Mainstage, Ultra Music Festival Miami, United States	10.027	99000	73	1.0	31	0.548	soundcloud	0	https://w.soundcloud.com/player/?url=https://api.soundcloud.com/tracks/200329291&show_artwork=true&color=%23ff5500&hide_related=true&show_comments=false&show_user=true&show_reposts=false&show_teaser=false&visual=true
481	rqnf2z1	John Summit - Experts Only Radio 004	10.025	2100	4	1.0	17	0.176	soundcloud	1	https://w.soundcloud.com/player/?url=https://api.soundcloud.com/tracks/1593254769&show_artwork=true&color=%23ff5500&hide_related=true&show_comments=false&show_user=true&show_reposts=false&show_teaser=false&visual=true
482	bbucy99	Galantis @ The Island Sydney, Australia	10.024	333	0	1.0	16	1.0	youtube	1	https://www.youtube.com/watch?v=Sr-nARnciWk
483	6rcbuh1	Alesso @ Ultra Music Festival Miami, United States	10.023	41300	33	1.0	39	0.821	soundcloud	0	https://w.soundcloud.com/player/?url=https://api.soundcloud.com/tracks/85110319&show_artwork=true&color=%23ff5500&hide_related=true&show_comments=false&show_user=true&show_reposts=false&show_teaser=false&visual=true
484	u8cq9p1	Gryffin - Flight Log (Diplo & Friends Mix) 004	10.022	868	0	1.0	24	0.542	soundcloud	1	https://w.soundcloud.com/player/?url=https://api.soundcloud.com/tracks/286041960&show_artwork=true&color=%23ff5500&hide_related=true&show_comments=false&show_user=true&show_reposts=false&show_teaser=false&visual=true
485	16kv1hnt	Diplo & Pablo Fierro @ STARGAZER Art Car, Burning Man, United States	10.018	2900	6	0.963	29	0.103	soundcloud	1	https://w.soundcloud.com/player/?url=https://api.soundcloud.com/tracks/1347688390&show_artwork=true&color=%23ff5500&hide_related=true&show_comments=false&show_user=true&show_reposts=false&show_teaser=false&visual=true
486	3c3t5qt	Dimitri Vegas & Like Mike @ Bringing The Madness 3.0, Sportpaleis Antwerp, Belgi	10.018	186700	97	0.991	126	0.635	youtube	0	https://www.youtube.com/watch?v=acnCwXgstyw
487	1r2kt0tt	Tiësto @ Mainstage, Tomorrowland Weekend 1, Belgium	10.017	97100	52	0.969	37	0.865	youtube	0	https://www.youtube.com/watch?v=UVJ_zysu9Dc
488	2600qnxk	Chris Lake & Will Clarke - Night Owl Radio 134	10.016	3800	1	0.893	28	0.25	soundcloud	1	https://w.soundcloud.com/player/?url=https://api.soundcloud.com/tracks/414930129&show_artwork=true&color=%23ff5500&hide_related=true&show_comments=false&show_user=true&show_reposts=false&show_teaser=false&visual=true
489	pk4pkk	Chris Lake - Essential Mix	10.016	5400	1	1.0	30	0.067	soundcloud	1	https://w.soundcloud.com/player/?url=https://api.soundcloud.com/tracks/4752366&show_artwork=true&color=%23ff5500&hide_related=true&show_comments=false&show_user=true&show_reposts=false&show_teaser=false&visual=true
490	51kgrc1	Hardwell - Radio 1's Essential Mix	10.015	69600	62	1.0	66	0.636	soundcloud	0	https://w.soundcloud.com/player/?url=https://api.soundcloud.com/tracks/68622876&show_artwork=true&color=%23ff5500&hide_related=true&show_comments=false&show_user=true&show_reposts=false&show_teaser=false&visual=true
491	1fv1u4m9	RÜFÜS DU SOL @ Robot Heart, Burning Man, United States	10.014	3100	5	1.0	15	0.067	soundcloud	1	https://w.soundcloud.com/player/?url=https://api.soundcloud.com/tracks/725818801&show_artwork=true&color=%23ff5500&hide_related=true&show_comments=false&show_user=true&show_reposts=false&show_teaser=false&visual=true
492	29prbt7t	Tiësto @ Mainstage, Tomorrowland, Belgium	10.014	43200	48	1.0	30	0.767	soundcloud	0	https://w.soundcloud.com/player/?url=https://api.soundcloud.com/tracks/275486953&show_artwork=true&color=%23ff5500&hide_related=true&show_comments=false&show_user=true&show_reposts=false&show_teaser=false&visual=true
493	1mn0q87t	Swedish House Mafia @ Mainstage, Ultra Music Festival Miami, United States	10.009	52000	94	1.0	46	0.652	soundcloud	0	https://w.soundcloud.com/player/?url=https://api.soundcloud.com/tracks/1480310125&show_artwork=true&color=%23ff5500&hide_related=true&show_comments=false&show_user=true&show_reposts=false&show_teaser=false&visual=true
494	1dtku70k	Don Diablo @ Worldwide Stage, Ultra Music Festival Miami, United States	10.008	40200	37	0.98	52	0.827	soundcloud	0	https://w.soundcloud.com/player/?url=https://api.soundcloud.com/tracks/254656491&show_artwork=true&color=%23ff5500&hide_related=true&show_comments=false&show_user=true&show_reposts=false&show_teaser=false&visual=true
495	9tc73z9	Disco Lines @ City Hall, Regenerate Festival Denver, United States	10.008	1700	2	0.923	26	0.346	soundcloud	1	https://w.soundcloud.com/player/?url=https://api.soundcloud.com/tracks/1857488775&show_artwork=true&color=%23ff5500&hide_related=true&show_comments=false&show_user=true&show_reposts=false&show_teaser=false&visual=true
496	7c9hmb1	Major Lazer & Diplo - SLAM! Mix Marathon XXL	10.005	3400	0	1.0	38	0.237	soundcloud	1	https://w.soundcloud.com/player/?url=https://api.soundcloud.com/tracks/202890822&show_artwork=true&color=%23ff5500&hide_related=true&show_comments=false&show_user=true&show_reposts=false&show_teaser=false&visual=true
497	xfpluxk	FISHER @ Old Royal Naval College London, United Kingdom	10.004	6800	21	0.857	42	0.143	youtube	1	https://www.youtube.com/watch?v=6ko1L5ZfK1k
498	mu8459t	John Summit @ Day Trip, Academy Los Angeles, United States	10.003	2800	5	1.0	12	0.333	youtube	1	https://www.youtube.com/watch?v=tmZUcFk4h58
499	1zrcgknk	Diplo @ Skyline Festival, Expo Park Los Angels, United States	10.0	5900	8	0.892	47	0.234	youtube	1	https://www.youtube.com/watch?v=SPvxcRidK7s
500	4wcupt1	Steve Angello @ Mainstage, Ultra Music Festival Miami, United States	10.0	116100	92	0.944	32	0.531	soundcloud	0	https://w.soundcloud.com/player/?url=https://api.soundcloud.com/tracks/142728460&show_artwork=true&color=%23ff5500&hide_related=true&show_comments=false&show_user=true&show_reposts=false&show_teaser=false&visual=true
501	1d5bys6k	RÜFÜS DU SOL @ Sundream Tulum, Mexico	9.997	2100	5	1.0	21	0.143	soundcloud	1	https://w.soundcloud.com/player/?url=https://api.soundcloud.com/tracks/1436223601&show_artwork=true&color=%23ff5500&hide_related=true&show_comments=false&show_user=true&show_reposts=false&show_teaser=false&visual=true
502	2nv856jk	RÜFÜS DU SOL @ Do LaB	9.997	3700	0	1.0	14	0.214	soundcloud	1	https://w.soundcloud.com/player/?url=https://api.soundcloud.com/tracks/322045509&show_artwork=true&color=%23ff5500&hide_related=true&show_comments=false&show_user=true&show_reposts=false&show_teaser=false&visual=true
503	1s3cu821	Galantis - One Wave: Church of Galantis (Virtual Concert Special Encore)	9.992	745	0	1.0	21	0.81	youtube	1	https://www.youtube.com/watch?v=AtX1ELJb8Ag
504	4grc2wk	Tiësto @ Amsterdam Music Festival, Amsterdam Dance Event, Netherlands	9.991	29900	37	1.0	51	0.863	soundcloud	0	https://w.soundcloud.com/player/?url=https://api.soundcloud.com/tracks/229053800&show_artwork=true&color=%23ff5500&hide_related=true&show_comments=false&show_user=true&show_reposts=false&show_teaser=false&visual=true
505	2ptrz039	KSHMR @ Live Stage, Ultra Music Festival Miami, Miami Music Week, United States	9.989	53400	65	1.0	27	0.926	youtube	0	https://www.youtube.com/watch?v=VG4VDrAc2bo
506	2r0wxx6t	RÜFÜS DU SOL @ Sundream Baja, Mexico	9.989	3300	12	0.87	23	0.087	soundcloud	1	https://w.soundcloud.com/player/?url=https://api.soundcloud.com/tracks/1547444890&show_artwork=true&color=%23ff5500&hide_related=true&show_comments=false&show_user=true&show_reposts=false&show_teaser=false&visual=true
507	mrvkq8k	Marshmello @ Mainstage, Ultra Music Festival Miami, Miami Music Week, United Sta	9.989	181500	91	0.987	113	0.637	youtube	0	https://www.youtube.com/watch?v=5yBSJ2Z6pjY
508	43t6qv9	Dillon Francis - Diplo & Friends	9.985	2900	1	1.0	43	0.186	soundcloud	1	https://w.soundcloud.com/player/?url=https://api.soundcloud.com/tracks/51368009&show_artwork=true&color=%23ff5500&hide_related=true&show_comments=false&show_user=true&show_reposts=false&show_teaser=false&visual=true
509	2c0w21k	Axwell @ Electric Zoo, United States	9.979	44000	36	1.0	58	0.776	soundcloud	0	https://w.soundcloud.com/player/?url=https://api.soundcloud.com/tracks/64606753&show_artwork=true&color=%23ff5500&hide_related=true&show_comments=false&show_user=true&show_reposts=false&show_teaser=false&visual=true
510	2drbvub1	FISHER @ Jäger Stage, Kappa FuturFestival Turin, Italy	9.977	5000	0	0.889	18	0.5	youtube	1	https://www.youtube.com/watch?v=IXGvHrn4MHw
511	9r7l5p1	Galantis @ World Stage, World DJ Festival, South Korea	9.976	961	2	1.0	59	0.627	youtube	1	https://www.youtube.com/watch?v=KR1XgvYnma0
512	2p9kdknk	Disco Lines @ Club Space Miami, United States	9.974	3900	6	0.797	71	0.183	soundcloud	1	https://w.soundcloud.com/player/?url=https://api.soundcloud.com/tracks/2132575722&show_artwork=true&color=%23ff5500&hide_related=true&show_comments=false&show_user=true&show_reposts=false&show_teaser=false&visual=true
513	7kd37ht	Galantis @ Sun City Music Festival, United States	9.974	297	0	1.0	12	1.0	youtube	1	https://www.youtube.com/watch?v=tAQ0cvX7-30
514	k76ru71	Diplo @ Perry's Stage, Lollapalooza Chile	9.974	2400	4	0.968	47	0.404	youtube	1	https://www.youtube.com/watch?v=Fvm1RBqgJl0
515	25yu2fc9	Max Vangeli & Two Friends - NoFace Radio 019	9.973	617	0	1.0	22	0.591	soundcloud	1	https://w.soundcloud.com/player/?url=https://api.soundcloud.com/tracks/293644732&show_artwork=true&color=%23ff5500&hide_related=true&show_comments=false&show_user=true&show_reposts=false&show_teaser=false&visual=true
516	2p23h1tt	Diplo & Lee Foss @ cosmicMEADOW, EDC Las Vegas, United States	9.973	2700	4	1.0	26	0.346	youtube	1	https://www.youtube.com/watch?v=vlfS3RmCQx8
517	zzk461t	Diplo @ Frequency 1.1, Audiotistic, North Island Credit Union Amphitheatre, Unit	9.969	1900	3	1.0	45	0.444	youtube	1	https://www.youtube.com/watch?v=sz_ChhwRY-I
518	lwfpf4k	Two Friends - 2F Friendly Sessions 063	9.968	927	0	1.0	18	0.5	soundcloud	1	https://w.soundcloud.com/player/?url=https://api.soundcloud.com/tracks/956020018&show_artwork=true&color=%23ff5500&hide_related=true&show_comments=false&show_user=true&show_reposts=false&show_teaser=false&visual=true
519	2ftpmrj1	Galantis @ kineticFIELD, EDC Orlando, United States	9.967	1100	2	0.979	70	0.614	youtube	1	https://www.youtube.com/watch?v=lfTb2QjyL78
520	7q128f9	Armin van Buuren @ Mainstage, Tomorrowland Weekend 2, Belgium	9.967	102400	48	1.0	36	0.806	youtube	0	https://www.youtube.com/watch?v=Pk9yuPhChNw
521	1hmvb0u1	Tchami @ Mainstage, Ultra Music Festival Miami, Miami Music Week, United States	9.962	55500	44	1.0	46	0.696	soundcloud	0	https://w.soundcloud.com/player/?url=https://api.soundcloud.com/tracks/315100461&show_artwork=true&color=%23ff5500&hide_related=true&show_comments=false&show_user=true&show_reposts=false&show_teaser=false&visual=true
522	h3zg2pk	Diplo & Dillon Francis @ Coronight Fever #5, United States	9.961	4200	7	0.965	57	0.228	youtube	1	https://www.youtube.com/watch?v=GpfhAlRNuGA
523	3d8fq71	Alesso @ Mainstage, Tomorrowland, Belgium	9.96	99300	44	1.0	55	0.818	youtube	0	https://www.youtube.com/watch?v=oOAU1TOiQRc
524	8sxcy59	David Guetta @ Mainstage, Ultra Music Festival Miami, United States	9.959	36000	30	1.0	35	0.829	soundcloud	0	https://w.soundcloud.com/player/?url=https://api.soundcloud.com/tracks/84710406&show_artwork=true&color=%23ff5500&hide_related=true&show_comments=false&show_user=true&show_reposts=false&show_teaser=false&visual=true
525	2swlbf11	Chris Lake @ Tripolee, Electric Forest Festival, United States	9.958	3600	3	0.952	23	0.348	youtube	1	https://www.youtube.com/watch?v=_lEfm-2S49s
526	1znv3g9	Dimitri Vegas & Like Mike @ Mainstage, TomorrowWorld Atlanta, United States	9.954	69700	48	0.981	61	0.902	youtube	0	https://www.youtube.com/watch?v=npSpcRRnwIE
527	19k6y951	John Summit @ Mainstage, Experts Only Festival, United States	9.948	3400	4	0.974	42	0.31	youtube	1	https://www.youtube.com/watch?v=3dqf7c1xiZc
528	293v9lnk	John Summit @ CODA Toronto, Canada	9.947	2100	3	1.0	51	0.412	youtube	1	https://www.youtube.com/watch?v=f40cCdSICmc
529	21lgtb51	RÜFÜS DU SOL @ Sydney Harbour, Australia (Beatport Live)	9.944	6500	12	0.926	27	0.111	youtube	1	https://www.youtube.com/watch?v=zIRIvCa21gg
530	sb3hh99	Two Friends & Justin Caruso - 2F Friendly Sessions Ep. 25	9.944	1800	1	1.0	26	0.269	soundcloud	1	https://w.soundcloud.com/player/?url=https://api.soundcloud.com/tracks/269263907&show_artwork=true&color=%23ff5500&hide_related=true&show_comments=false&show_user=true&show_reposts=false&show_teaser=false&visual=true
531	zgttr9	Nicky Romero @ Mainstage, Tomorrowland Weekend 2, Belgium	9.943	102500	63	1.0	51	0.765	youtube	0	https://www.youtube.com/watch?v=nU-F5J7hRNc
532	51qn599	Nicky Romero @ Worldwide Stage, Ultra Music Festival Miami, United States	9.942	27100	52	1.0	34	0.824	soundcloud	0	https://w.soundcloud.com/player/?url=https://api.soundcloud.com/tracks/84542135&show_artwork=true&color=%23ff5500&hide_related=true&show_comments=false&show_user=true&show_reposts=false&show_teaser=false&visual=true
533	60t3gzt	Steve Aoki - Diplo & Friends	9.942	3200	1	1.0	35	0.143	soundcloud	1	https://w.soundcloud.com/player/?url=https://api.soundcloud.com/tracks/189834316&show_artwork=true&color=%23ff5500&hide_related=true&show_comments=false&show_user=true&show_reposts=false&show_teaser=false&visual=true
534	2m3zyh1t	RÜFÜS DU SOL - Rose Ave Radio 003	9.941	2500	5	1.0	13	0.077	soundcloud	1	https://w.soundcloud.com/player/?url=https://api.soundcloud.com/tracks/857414686&show_artwork=true&color=%23ff5500&hide_related=true&show_comments=false&show_user=true&show_reposts=false&show_teaser=false&visual=true
535	uhpgnt	Diplo - Blow Your Head	9.941	2900	2	1.0	25	0.12	soundcloud	1	https://w.soundcloud.com/player/?url=https://api.soundcloud.com/tracks/31108445&show_artwork=true&color=%23ff5500&hide_related=true&show_comments=false&show_user=true&show_reposts=false&show_teaser=false&visual=true
536	fdwmj01	Kygo @ Palacio De Los Deportes Mexico City, Mexico	9.934	1400	2	1.0	61	0.525	youtube	1	https://www.youtube.com/watch?v=8qPYG2QLxAc
537	21q2unbk	John Summit - Experts Only Radio 018	9.931	2200	0	1.0	17	0.294	soundcloud	1	https://w.soundcloud.com/player/?url=https://api.soundcloud.com/tracks/1935036746&show_artwork=true&color=%23ff5500&hide_related=true&show_comments=false&show_user=true&show_reposts=false&show_teaser=false&visual=true
538	104pkv39	Disco Lines @ The Other Stage, Bonnaroo Music Festival, United States	9.929	1800	2	0.913	23	0.304	soundcloud	1	https://w.soundcloud.com/player/?url=https://api.soundcloud.com/tracks/1861298520&show_artwork=true&color=%23ff5500&hide_related=true&show_comments=false&show_user=true&show_reposts=false&show_teaser=false&visual=true
539	1mnkktvt	Diplo @ Higher Ground, Troxy London, United Kingdom	9.928	4400	8	0.957	56	0.196	youtube	1	https://www.youtube.com/watch?v=HDT-y7OfAnU
540	1mds2h29	Galantis @ Bill Graham Civic Auditorium San Francisco, United States	9.927	863	0	1.0	55	0.745	youtube	1	https://www.youtube.com/watch?v=grYQ-JR8-aE
541	2gff49bk	Martin Garrix @ Mainstage, Ultra Music Festival Miami, Miami Music Week, United 	9.927	68100	77	1.0	61	0.574	soundcloud	0	https://w.soundcloud.com/player/?url=https://api.soundcloud.com/tracks/602828874&show_artwork=true&color=%23ff5500&hide_related=true&show_comments=false&show_user=true&show_reposts=false&show_teaser=false&visual=true
542	2dlvq141	RÜFÜS DU SOL @ Beatport Live ReConnect	9.925	5300	6	0.889	18	0.0	soundcloud	1	https://w.soundcloud.com/player/?url=https://api.soundcloud.com/tracks/798711100&show_artwork=true&color=%23ff5500&hide_related=true&show_comments=false&show_user=true&show_reposts=false&show_teaser=false&visual=true
543	1lqc8x3t	Nicole Moudaber & John Summit - In The MOOD 469	9.923	1800	2	1.0	14	0.214	soundcloud	1	https://w.soundcloud.com/player/?url=https://api.soundcloud.com/tracks/1497701167&show_artwork=true&color=%23ff5500&hide_related=true&show_comments=false&show_user=true&show_reposts=false&show_teaser=false&visual=true
544	4z2cm9	Diplo - Sirius XM Radio Blow Your Head 003	9.922	2500	2	1.0	21	0.143	soundcloud	1	https://w.soundcloud.com/player/?url=https://api.soundcloud.com/tracks/22335139&show_artwork=true&color=%23ff5500&hide_related=true&show_comments=false&show_user=true&show_reposts=false&show_teaser=false&visual=true
545	15cqwr11	Chris Lake @ Smirnoff House, EDC Orlando, United States	9.921	4400	3	1.0	21	0.238	youtube	1	https://www.youtube.com/watch?v=bcTpMeba_n8
546	74pjpm9	Armin van Buuren @ Mainstage, Ultra Music Festival Miami, United States	9.92	54600	49	1.0	33	0.667	soundcloud	0	https://w.soundcloud.com/player/?url=https://api.soundcloud.com/tracks/198197678&show_artwork=true&color=%23ff5500&hide_related=true&show_comments=false&show_user=true&show_reposts=false&show_teaser=false&visual=true
547	1q7dcgsk	Noizu & Stray Beast - Diplo & Friends	9.918	2800	2	1.0	43	0.116	soundcloud	1	https://w.soundcloud.com/player/?url=https://api.soundcloud.com/tracks/752803498&show_artwork=true&color=%23ff5500&hide_related=true&show_comments=false&show_user=true&show_reposts=false&show_teaser=false&visual=true
548	m55c2t9	Two Friends @ HEATWAVE: The Tour, Red Rocks Amphitheatre, United States	9.917	635	3	0.962	131	0.695	youtube	1	https://www.youtube.com/watch?v=SuOplKS7NbM
549	w8jxqg9	Chris Lake & FISHER @ Só Track Boa Festival, Brazil	9.917	545	1	1.0	17	0.765	youtube	1	https://www.youtube.com/watch?v=rBhxwiofvWI
550	1ju6pp41	Galantis @ Mothership, Countdown NYE New Year's Invasion, NOS Events Center San 	9.916	823	2	0.977	78	0.654	youtube	1	https://www.youtube.com/watch?v=4qd3YMy6-4k
551	2nvbr8ht	Two Friends & Young Bombs - 2F Friendly Sessions Ep. 26	9.913	2000	1	1.0	26	0.231	soundcloud	1	https://w.soundcloud.com/player/?url=https://api.soundcloud.com/tracks/273687273&show_artwork=true&color=%23ff5500&hide_related=true&show_comments=false&show_user=true&show_reposts=false&show_teaser=false&visual=true
552	16p2ttnt	Diplo @ Queen's Domain, Beyond Wonderland Chicago, United States	9.911	1600	4	1.0	14	0.429	youtube	1	https://www.youtube.com/watch?v=4ZIY2-kfkWc
553	242ms9j1	Zedd @ Mainstage, Ultra Music Festival Miami, United States	9.909	31500	20	0.969	32	0.906	soundcloud	0	https://w.soundcloud.com/player/?url=https://api.soundcloud.com/tracks/253713336&show_artwork=true&color=%23ff5500&hide_related=true&show_comments=false&show_user=true&show_reposts=false&show_teaser=false&visual=true
554	1r4cbz61	Oliver Heldens @ Mainstage, Ultra Music Festival Miami, Miami Music Week, United	9.906	70600	65	0.97	53	0.604	soundcloud	0	https://w.soundcloud.com/player/?url=https://api.soundcloud.com/tracks/600645996&show_artwork=true&color=%23ff5500&hide_related=true&show_comments=false&show_user=true&show_reposts=false&show_teaser=false&visual=true
555	2q5lccw1	John Summit - Experts Only Radio 017	9.906	2400	1	1.0	16	0.188	soundcloud	1	https://w.soundcloud.com/player/?url=https://api.soundcloud.com/tracks/1917850340&show_artwork=true&color=%23ff5500&hide_related=true&show_comments=false&show_user=true&show_reposts=false&show_teaser=false&visual=true
556	2361t879	Diplo @ Miami Swim Week, Story Nightclub Miami, United States	9.9	3100	1	0.983	96	0.396	youtube	1	https://www.youtube.com/watch?v=alHrEqGOPjI
557	4vxjrhk	Armin van Buuren @ Ultra Europe, Croatia	9.9	36700	18	1.0	46	0.848	soundcloud	0	https://w.soundcloud.com/player/?url=https://api.soundcloud.com/tracks/101411936&show_artwork=true&color=%23ff5500&hide_related=true&show_comments=false&show_user=true&show_reposts=false&show_teaser=false&visual=true
558	1pf7cnrk	Chris Lake @ Vector Stage, Decadence Colorado, United States	9.899	2700	3	0.933	15	0.4	youtube	1	https://www.youtube.com/watch?v=BCNpROmuqvE
559	26yrm99k	Galantis @ Contact Winter Music Festival, Canada	9.899	526	0	1.0	31	0.839	youtube	1	https://www.youtube.com/watch?v=K5nzR0GFCsM
560	k9tu0r1	Two Friends @ Big Bootie Land, 360° Bass Set, WaMu Theater Seattle, United State	9.898	329	2	0.89	75	0.68	soundcloud	1	https://w.soundcloud.com/player/?url=https://api.soundcloud.com/tracks/2115678021&show_artwork=true&color=%23ff5500&hide_related=true&show_comments=false&show_user=true&show_reposts=false&show_teaser=false&visual=true
561	1njfpt0t	RÜFÜS DU SOL - Rose Ave Radio 018	9.897	2400	4	1.0	12	0.083	soundcloud	1	https://w.soundcloud.com/player/?url=https://api.soundcloud.com/tracks/1296991072&show_artwork=true&color=%23ff5500&hide_related=true&show_comments=false&show_user=true&show_reposts=false&show_teaser=false&visual=true
562	1plnzxjk	John Summit @ Huntington Bank Pavilion, United States	9.897	1400	1	0.95	20	0.6	youtube	1	https://www.youtube.com/watch?v=DyF9_ai-_58
563	96nhpg1	Zedd @ True Colors Tour, Bill Graham Civic Auditorium San Francisco, United Stat	9.897	37900	22	0.982	61	0.836	soundcloud	0	https://w.soundcloud.com/player/?url=https://api.soundcloud.com/tracks/224470135&show_artwork=true&color=%23ff5500&hide_related=true&show_comments=false&show_user=true&show_reposts=false&show_teaser=false&visual=true
564	g26zhyk	Two Friends & Steve Void - 2F Friendly Sessions Ep. 24	9.897	1300	0	1.0	23	0.391	soundcloud	1	https://w.soundcloud.com/player/?url=https://api.soundcloud.com/tracks/264933925&show_artwork=true&color=%23ff5500&hide_related=true&show_comments=false&show_user=true&show_reposts=false&show_teaser=false&visual=true
565	zz2g421	Diplo @ Queen's Domain, Beyond Wonderland, NOS Events Center San Bernardino, Uni	9.896	2200	1	1.0	31	0.452	youtube	1	https://www.youtube.com/watch?v=mC5NXGE4PR0
566	bbxbbtk	Wee-O & Hardwell & Laidback Luke & Kygo & Dannic & Blasterjaxx - ENERGY Mastermi	9.895	1600	0	1.0	110	0.345	soundcloud	1	https://w.soundcloud.com/player/?url=https://api.soundcloud.com/tracks/254813618&show_artwork=true&color=%23ff5500&hide_related=true&show_comments=false&show_user=true&show_reposts=false&show_teaser=false&visual=true
567	1xpjn219	Chris Lake @ Black Book In The Park, Mural Amphitheater Seattle Center, United S	9.894	3000	0	1.0	24	0.458	youtube	1	https://www.youtube.com/watch?v=cpA__empc2Q
568	21fk5lrt	Alan Walker @ Bergan Aquarium (Kygo's Golden Hour Festival)	9.89	2100	1	1.0	24	0.458	youtube	1	https://www.youtube.com/watch?v=LZ2FKB30fsw
569	1hzfx501	RÜFÜS DU SOL @ Mixmag The Lab London, United Kingdom	9.888	7400	7	0.9	30	0.133	youtube	1	https://www.youtube.com/watch?v=aOuS9tivBL0
570	1wuc03wt	Diplo @ Higher Ground, Red Rocks Amphitheatre, United States	9.888	2400	1	1.0	35	0.429	youtube	1	https://www.youtube.com/watch?v=Gn_a0x-QUJQ
571	2trjr6q1	Lane 8 - Winter 2021 Mixtape	9.883	12400	37	1.0	54	1.0	soundcloud	0	https://w.soundcloud.com/player/?url=https://api.soundcloud.com/tracks/1190178526&show_artwork=true&color=%23ff5500&hide_related=true&show_comments=false&show_user=true&show_reposts=false&show_teaser=false&visual=true
572	195r8v0k	RÜFÜS DU SOL - Keinemusik Radio Show	9.881	3800	3	1.0	10	0.0	soundcloud	1	https://w.soundcloud.com/player/?url=https://api.soundcloud.com/tracks/666588176&show_artwork=true&color=%23ff5500&hide_related=true&show_comments=false&show_user=true&show_reposts=false&show_teaser=false&visual=true
573	7hrzj9t	Diplo - Diplo & Friends Access All Areas (AAA) Special	9.878	4000	2	1.0	54	0.019	soundcloud	1	https://w.soundcloud.com/player/?url=https://api.soundcloud.com/tracks/137401709&show_artwork=true&color=%23ff5500&hide_related=true&show_comments=false&show_user=true&show_reposts=false&show_teaser=false&visual=true
574	2rpkbq7k	Two Friends & Project 46 - 2F Friendly Sessions Ep. 32	9.875	1100	0	1.0	24	0.417	soundcloud	1	https://w.soundcloud.com/player/?url=https://api.soundcloud.com/tracks/328056096&show_artwork=true&color=%23ff5500&hide_related=true&show_comments=false&show_user=true&show_reposts=false&show_teaser=false&visual=true
575	1zn1rhuk	John Summit & Biicla - Diplo & Friends	9.874	3900	2	0.933	45	0.089	soundcloud	1	https://w.soundcloud.com/player/?url=https://api.soundcloud.com/tracks/1084263163&show_artwork=true&color=%23ff5500&hide_related=true&show_comments=false&show_user=true&show_reposts=false&show_teaser=false&visual=true
576	1zt16wfk	Galantis @ GMO Sonic, Japan	9.873	904	1	0.962	70	0.671	youtube	1	https://www.youtube.com/watch?v=F5bByXH0W2M
577	1gvdlyyk	Kygo - SiriusXM Dance Again Virtual Festival	9.871	1600	0	1.0	24	0.333	soundcloud	1	https://w.soundcloud.com/player/?url=https://api.soundcloud.com/tracks/893643856&show_artwork=true&color=%23ff5500&hide_related=true&show_comments=false&show_user=true&show_reposts=false&show_teaser=false&visual=true
578	24bur7u9	Diplo @ Park Stage, Tecate Emblema, Mexico	9.869	1800	3	1.0	64	0.406	youtube	1	https://www.youtube.com/watch?v=qGtgYkq8rck
579	262f9xc9	Diplo & Dillon Francis @ Coronight Fever #8, United States	9.869	3100	7	1.0	61	0.213	youtube	1	https://www.youtube.com/watch?v=Toad4CFYSzw
580	63usxnk	Chris Lake - THUMP Mix	9.867	2300	2	1.0	15	0.133	soundcloud	1	https://w.soundcloud.com/player/?url=https://api.soundcloud.com/tracks/194381435&show_artwork=true&color=%23ff5500&hide_related=true&show_comments=false&show_user=true&show_reposts=false&show_teaser=false&visual=true
581	1f5dhptt	Diplo @ Fun Radio Ibiza Experience, Accor Arena Paris, France	9.859	1700	3	1.0	29	0.414	youtube	1	https://www.youtube.com/watch?v=7BQB32sI9SU
582	2n3j8ht	Hardwell - Hardwell On Air 097 (YearMix)	9.856	53100	62	1.0	13	0.615	soundcloud	0	https://w.soundcloud.com/player/?url=https://api.soundcloud.com/tracks/73664859&show_artwork=true&color=%23ff5500&hide_related=true&show_comments=false&show_user=true&show_reposts=false&show_teaser=false&visual=true
583	9fm60f1	Tiësto & The Chainsmokers & Hardwell @ Tiesto Presents Clublife 500, Ziggo Dome,	9.855	30000	58	1.0	189	0.746	soundcloud	0	https://w.soundcloud.com/player/?url=https://api.soundcloud.com/tracks/290258265&show_artwork=true&color=%23ff5500&hide_related=true&show_comments=false&show_user=true&show_reposts=false&show_teaser=false&visual=true
584	2n6rjyx9	Diplo @ NYE, Finns Beach Club Bali, Indonesia	9.854	1700	2	0.971	53	0.472	youtube	1	https://www.youtube.com/watch?v=M73QhH8Zb5Q
585	2p3j8xm1	John Summit @ ANTS Invasion, Ushuaïa Ibiza, Spain	9.853	2800	2	0.833	24	0.5	youtube	1	https://www.youtube.com/watch?v=qVPRa2Owuiw
586	287zps2t	it's murph @ cosmicMEADOW, EDC Las Vegas, United States	9.852	2700	2	0.864	22	0.227	soundcloud	1	https://w.soundcloud.com/player/?url=https://api.soundcloud.com/tracks/2100576786&show_artwork=true&color=%23ff5500&hide_related=true&show_comments=false&show_user=true&show_reposts=false&show_teaser=false&visual=true
587	1tvgx4x9	Diplo @ Hot 99.5, Verizon Center Washington, United States	9.851	1700	0	1.0	25	0.56	youtube	1	https://www.youtube.com/watch?v=XPK9_B246Ik
588	2882bj1	Hardwell @ Ultra Buenos Aires, Ultra Music Festival Argentina	9.849	32300	43	1.0	54	0.759	soundcloud	0	https://w.soundcloud.com/player/?url=https://api.soundcloud.com/tracks/80263895&show_artwork=true&color=%23ff5500&hide_related=true&show_comments=false&show_user=true&show_reposts=false&show_teaser=false&visual=true
589	2vhvxw19	Two Friends - 2F Friendly Sessions 053	9.846	905	0	1.0	18	0.444	soundcloud	1	https://w.soundcloud.com/player/?url=https://api.soundcloud.com/tracks/812273209&show_artwork=true&color=%23ff5500&hide_related=true&show_comments=false&show_user=true&show_reposts=false&show_teaser=false&visual=true
590	5zj9859	R3HAB @ Mainstage, Ultra Music Festival Miami, United States	9.844	38400	10	1.0	23	0.87	soundcloud	0	https://w.soundcloud.com/player/?url=https://api.soundcloud.com/tracks/84558745&show_artwork=true&color=%23ff5500&hide_related=true&show_comments=false&show_user=true&show_reposts=false&show_teaser=false&visual=true
591	29sdnzgk	Tiësto @ Mainstage, Ultra Music Festival Miami, Miami Music Week, United States	9.84	33700	55	1.0	89	0.719	soundcloud	0	https://w.soundcloud.com/player/?url=https://api.soundcloud.com/tracks/598191666&show_artwork=true&color=%23ff5500&hide_related=true&show_comments=false&show_user=true&show_reposts=false&show_teaser=false&visual=true
592	1sfw1d1t	FISHER @ APEX Stage, Creamfields North, United Kingdom	9.837	6100	9	0.872	39	0.154	youtube	1	https://www.youtube.com/watch?v=MT7zB-SbUl4
593	1rhyrkuk	John Summit @ Mainstage, Veld Music Festival, Canada	9.834	2300	2	1.0	30	0.367	youtube	1	https://www.youtube.com/watch?v=Ym95fkR2pm4
594	cqf4hj1	John Summit - Experts Only Radio 025 (MMW Special)	9.834	2600	3	1.0	17	0.059	soundcloud	1	https://w.soundcloud.com/player/?url=https://api.soundcloud.com/tracks/2051330872&show_artwork=true&color=%23ff5500&hide_related=true&show_comments=false&show_user=true&show_reposts=false&show_teaser=false&visual=true
595	1cd5v2qk	John Summit - Experts Only Radio 031	9.833	1900	2	1.0	19	0.158	soundcloud	1	https://w.soundcloud.com/player/?url=https://api.soundcloud.com/tracks/2106704859&show_artwork=true&color=%23ff5500&hide_related=true&show_comments=false&show_user=true&show_reposts=false&show_teaser=false&visual=true
596	yvcuupk	Two Friends & The White Panda - 2F Friendly Sessions Ep. 31	9.832	2700	0	0.967	30	0.233	soundcloud	1	https://w.soundcloud.com/player/?url=https://api.soundcloud.com/tracks/311041596&show_artwork=true&color=%23ff5500&hide_related=true&show_comments=false&show_user=true&show_reposts=false&show_teaser=false&visual=true
597	20d9h0ct	Alesso @ Mainstage, Ultra Music Festival Miami, Miami Music Week, United States	9.831	49700	39	1.0	39	0.667	soundcloud	0	https://w.soundcloud.com/player/?url=https://api.soundcloud.com/tracks/314376383&show_artwork=true&color=%23ff5500&hide_related=true&show_comments=false&show_user=true&show_reposts=false&show_teaser=false&visual=true
598	1bzxfb29	Tiësto @ kineticFIELD, EDC Las Vegas, United States	9.829	34200	42	1.0	69	0.739	soundcloud	0	https://w.soundcloud.com/player/?url=https://api.soundcloud.com/tracks/446609709&show_artwork=true&color=%23ff5500&hide_related=true&show_comments=false&show_user=true&show_reposts=false&show_teaser=false&visual=true
599	1r1bmqck	Chris Lake & Will Clarke - Night Owl Radio 027	9.827	2600	1	0.913	23	0.217	soundcloud	1	https://w.soundcloud.com/player/?url=https://api.soundcloud.com/tracks/249134112&show_artwork=true&color=%23ff5500&hide_related=true&show_comments=false&show_user=true&show_reposts=false&show_teaser=false&visual=true
600	26ws1h8k	Two Friends & Mako - 2F Friendly Sessions Ep. 30	9.822	1600	1	1.0	30	0.233	soundcloud	1	https://w.soundcloud.com/player/?url=https://api.soundcloud.com/tracks/302717629&show_artwork=true&color=%23ff5500&hide_related=true&show_comments=false&show_user=true&show_reposts=false&show_teaser=false&visual=true
601	10uhv101	RÜFÜS DU SOL - Rose Ave Radio 002	9.82	2200	8	1.0	13	0.0	soundcloud	1	https://w.soundcloud.com/player/?url=https://api.soundcloud.com/tracks/836164687&show_artwork=true&color=%23ff5500&hide_related=true&show_comments=false&show_user=true&show_reposts=false&show_teaser=false&visual=true
602	mtru19k	Topic & NightFunk & John Summit & AVIRA - The Future Four 001 (One World Radio)	9.819	937	2	1.0	23	0.304	soundcloud	1	https://w.soundcloud.com/player/?url=https://api.soundcloud.com/tracks/897490234&show_artwork=true&color=%23ff5500&hide_related=true&show_comments=false&show_user=true&show_reposts=false&show_teaser=false&visual=true
603	3nt847t	Diplo & Flying Lotus & Dismantle - Diplo & Friends	9.818	3800	2	0.964	55	0.036	soundcloud	1	https://w.soundcloud.com/player/?url=https://api.soundcloud.com/tracks/692578141&show_artwork=true&color=%23ff5500&hide_related=true&show_comments=false&show_user=true&show_reposts=false&show_teaser=false&visual=true
604	276bv0dt	Disco Lines @ 1001Tracklists x DJ Lovers Club pres. Miami Rooftop Sessions, Unit	9.817	922	7	1.0	15	0.2	soundcloud	1	https://w.soundcloud.com/player/?url=https://api.soundcloud.com/tracks/1555180285&show_artwork=true&color=%23ff5500&hide_related=true&show_comments=false&show_user=true&show_reposts=false&show_teaser=false&visual=true
605	1fvmxz99	Diplo & Dillon Francis @ Coronight Fever #10, United States	9.816	3000	7	1.0	62	0.194	youtube	1	https://www.youtube.com/watch?v=oy9EFRZtz70
606	20s7mpt	Alesso @ Mainstage, Ultra Music Festival Miami, United States	9.815	82300	82	1.0	25	0.72	youtube	0	https://www.youtube.com/watch?v=8AGMT5glde8
607	35sd28t	Dimitri Vegas & Like Mike @ neonGARDEN, EDC Las Vegas, United States	9.813	19600	26	1.0	41	0.902	soundcloud	0	https://w.soundcloud.com/player/?url=https://api.soundcloud.com/tracks/50286523&show_artwork=true&color=%23ff5500&hide_related=true&show_comments=false&show_user=true&show_reposts=false&show_teaser=false&visual=true
608	nmfsxpt	KSHMR - 1001Tracklists Exclusive Mix	9.812	25100	55	1.0	13	0.769	soundcloud	0	https://w.soundcloud.com/player/?url=https://api.soundcloud.com/tracks/303420566%3Fsecret_token%3Ds-8cbrd&show_artwork=true&color=%23ff5500&hide_related=true&show_comments=false&show_user=true&show_reposts=false&show_teaser=false&visual=true
609	2vpv2qb9	John Summit @ Red Rocks Amphitheatre, United States	9.811	1100	2	0.96	27	0.556	youtube	1	https://www.youtube.com/watch?v=nX3h1rWQ9a4
610	1pdgxck1	Diplo @ Higher Ground, Seattle Center, United States	9.809	1900	1	1.0	25	0.44	youtube	1	https://www.youtube.com/watch?v=liIp3akhhvY
611	g2s54u9	Dimitri Vegas & Like Mike & Steve Angello & AFROJACK & Lost Frequencies @ Bringi	9.809	81600	54	1.0	131	0.763	youtube	0	https://www.youtube.com/watch?v=HNjQ2pTv7FE
612	16j6hp99	RÜFÜS DU SOL - Rose Ave Radio 016	9.805	2100	3	1.0	11	0.091	soundcloud	1	https://w.soundcloud.com/player/?url=https://api.soundcloud.com/tracks/1169995537&show_artwork=true&color=%23ff5500&hide_related=true&show_comments=false&show_user=true&show_reposts=false&show_teaser=false&visual=true
613	1vuku2bt	Diplo & Dillon Francis @ Coronight Fever #7, United States	9.803	4300	4	1.0	50	0.16	youtube	1	https://www.youtube.com/watch?v=u-fDuP9xJyo
614	2fg05xy9	Two Friends - Source Recordings Autumn Mix	9.803	1500	1	1.0	21	0.238	soundcloud	1	https://w.soundcloud.com/player/?url=https://api.soundcloud.com/tracks/345598799&show_artwork=true&color=%23ff5500&hide_related=true&show_comments=false&show_user=true&show_reposts=false&show_teaser=false&visual=true
615	16cyg0w9	RÜFÜS DU SOL @ Outdoor Theatre, Coachella Festival, United States	9.801	2900	2	1.0	10	0.3	youtube	1	https://www.youtube.com/watch?v=roDU84ObMjw
616	1ht9l0gk	Two Friends - 2F Friendly Sessions 069	9.797	625	0	1.0	18	0.5	soundcloud	1	https://w.soundcloud.com/player/?url=https://api.soundcloud.com/tracks/1068327451&show_artwork=true&color=%23ff5500&hide_related=true&show_comments=false&show_user=true&show_reposts=false&show_teaser=false&visual=true
617	4hl6wl1	Diplo & Jack Beats & Rita Ora & Raf Riley - Diplo & Friends	9.795	2700	2	1.0	48	0.062	soundcloud	1	https://w.soundcloud.com/player/?url=https://api.soundcloud.com/tracks/57921807&show_artwork=true&color=%23ff5500&hide_related=true&show_comments=false&show_user=true&show_reposts=false&show_teaser=false&visual=true
618	12x5bkh9	it's murph @ Radius Chicago, United States, elrow	9.794	673	1	1.0	27	0.407	soundcloud	1	https://w.soundcloud.com/player/?url=https://api.soundcloud.com/tracks/1727620071&show_artwork=true&color=%23ff5500&hide_related=true&show_comments=false&show_user=true&show_reposts=false&show_teaser=false&visual=true
619	7vdzs8k	Tiësto @ TomorrowWorld Atlanta, United States	9.791	47500	40	1.0	52	0.654	soundcloud	0	https://w.soundcloud.com/player/?url=https://api.soundcloud.com/tracks/112902906&show_artwork=true&color=%23ff5500&hide_related=true&show_comments=false&show_user=true&show_reposts=false&show_teaser=false&visual=true
620	1pbqzb91	RÜFÜS DU SOL - Rose Ave Radio 006	9.79	2100	3	1.0	12	0.083	soundcloud	1	https://w.soundcloud.com/player/?url=https://api.soundcloud.com/tracks/907352926&show_artwork=true&color=%23ff5500&hide_related=true&show_comments=false&show_user=true&show_reposts=false&show_teaser=false&visual=true
621	2ghkx249	RÜFÜS DU SOL - Rose Ave Radio 007	9.787	2500	5	1.0	12	0.0	soundcloud	1	https://w.soundcloud.com/player/?url=https://api.soundcloud.com/tracks/928757380&show_artwork=true&color=%23ff5500&hide_related=true&show_comments=false&show_user=true&show_reposts=false&show_teaser=false&visual=true
622	pqk2nd1	RÜFÜS DU SOL - Rose Ave Radio 011	9.786	1700	5	1.0	12	0.083	soundcloud	1	https://w.soundcloud.com/player/?url=https://api.soundcloud.com/tracks/1038210895&show_artwork=true&color=%23ff5500&hide_related=true&show_comments=false&show_user=true&show_reposts=false&show_teaser=false&visual=true
623	2gqmkrp1	John Summit - Tomorrowland Friendship Mix	9.785	1200	0	1.0	17	0.353	soundcloud	1	https://w.soundcloud.com/player/?url=https://api.soundcloud.com/tracks/1844836494&show_artwork=true&color=%23ff5500&hide_related=true&show_comments=false&show_user=true&show_reposts=false&show_teaser=false&visual=true
624	1r5pr0rt	Diplo & Dillon Francis @ IDGAFOS Weekend, Coronight Fever #11, United States	9.783	3500	3	0.982	59	0.237	youtube	1	https://www.youtube.com/watch?v=ginn95ji_TE
625	22226nk	Sebastian Ingrosso & Alesso @ BBC Radio 1 Essential Mix, Spain (Privilege Ibiza)	9.783	25100	29	1.0	45	0.822	soundcloud	0	https://w.soundcloud.com/player/?url=https://api.soundcloud.com/tracks/56399811&show_artwork=true&color=%23ff5500&hide_related=true&show_comments=false&show_user=true&show_reposts=false&show_teaser=false&visual=true
626	252247vt	FISHER & Paul Woolford - Night Owl Radio 126	9.783	3500	2	0.963	27	0.037	soundcloud	1	https://w.soundcloud.com/player/?url=https://api.soundcloud.com/tracks/386869826&show_artwork=true&color=%23ff5500&hide_related=true&show_comments=false&show_user=true&show_reposts=false&show_teaser=false&visual=true
627	vgxjn79	Chris Lake @ East Side Stage, Skyline Grand Park LA, United States	9.783	3500	2	0.842	19	0.158	soundcloud	1	https://w.soundcloud.com/player/?url=https://api.soundcloud.com/tracks/1780707630&show_artwork=true&color=%23ff5500&hide_related=true&show_comments=false&show_user=true&show_reposts=false&show_teaser=false&visual=true
628	1bbxk561	Diplo & Francis Mercier @ The Fluffy Cloud, Burning Man, United States	9.781	1900	4	0.944	38	0.132	soundcloud	1	https://w.soundcloud.com/player/?url=https://api.soundcloud.com/tracks/1627846461&show_artwork=true&color=%23ff5500&hide_related=true&show_comments=false&show_user=true&show_reposts=false&show_teaser=false&visual=true
629	2m29qh9k	Armin van Buuren @ Main Stage, A State Of Trance Festival 900, Jaarbeurs Utrecht	9.78	33100	34	1.0	43	0.744	soundcloud	0	https://w.soundcloud.com/player/?url=https://api.soundcloud.com/tracks/580364781&show_artwork=true&color=%23ff5500&hide_related=true&show_comments=false&show_user=true&show_reposts=false&show_teaser=false&visual=true
630	26y43q71	Two Friends & QUIX - 2F Friendly Sessions 039	9.779	2600	0	0.977	44	0.205	soundcloud	1	https://w.soundcloud.com/player/?url=https://api.soundcloud.com/tracks/469379829&show_artwork=true&color=%23ff5500&hide_related=true&show_comments=false&show_user=true&show_reposts=false&show_teaser=false&visual=true
631	m641gbt	John Summit - Experts Only Radio 041	9.779	1800	3	1.0	18	0.111	soundcloud	1	https://w.soundcloud.com/player/?url=https://api.soundcloud.com/tracks/2195346959&show_artwork=true&color=%23ff5500&hide_related=true&show_comments=false&show_user=true&show_reposts=false&show_teaser=false&visual=true
632	68552u1	AFROJACK @ Tomorrowland, Belgium	9.778	44400	36	1.0	26	0.923	youtube	0	https://www.youtube.com/watch?v=AZl9PrulnRc
633	3y4p9wt	Steve Aoki @ Mainstage, Tomorrowland, Belgium	9.777	54500	25	1.0	30	0.667	soundcloud	0	https://w.soundcloud.com/player/?url=https://api.soundcloud.com/tracks/103623559&show_artwork=true&color=%23ff5500&hide_related=true&show_comments=false&show_user=true&show_reposts=false&show_teaser=false&visual=true
634	1mrcwlt	Sebastian Ingrosso @ Mainstage, TomorrowWorld Atlanta, United States	9.775	29500	23	1.0	52	0.808	soundcloud	0	https://w.soundcloud.com/player/?url=https://api.soundcloud.com/tracks/112867881&show_artwork=true&color=%23ff5500&hide_related=true&show_comments=false&show_user=true&show_reposts=false&show_teaser=false&visual=true
635	1lk1kz2k	Diplo @ Higher Ground Pres. Transmissions, Joshua Tree National Park, United Sta	9.774	3900	4	1.0	24	0.167	youtube	1	https://www.youtube.com/watch?v=oHcnPoMtqRQ
636	33q5cg9	Armin van Buuren @ 650 New Horizons, A State Of Trance Festival, Ciudad Del Rock	9.772	30900	16	1.0	42	0.833	soundcloud	0	https://w.soundcloud.com/player/?url=https://api.soundcloud.com/tracks/137495182&show_artwork=true&color=%23ff5500&hide_related=true&show_comments=false&show_user=true&show_reposts=false&show_teaser=false&visual=true
637	17j6qcbk	John Summit & Kaskade @ New Year's Eve, Bill Graham Civic Auditorium San Francis	9.77	3200	2	0.947	19	0.316	youtube	1	https://www.youtube.com/watch?v=-IttIZsBae4
638	10ssrfgk	Two Friends & Codeko - 2F Friendly Sessions 040	9.767	1600	1	0.974	43	0.233	soundcloud	1	https://w.soundcloud.com/player/?url=https://api.soundcloud.com/tracks/548350683&show_artwork=true&color=%23ff5500&hide_related=true&show_comments=false&show_user=true&show_reposts=false&show_teaser=false&visual=true
639	1jkp3cft	AFROJACK @ Mainstage, Ultra Music Festival Miami, Miami Music Week, United State	9.767	53300	51	1.0	88	0.591	soundcloud	0	https://w.soundcloud.com/player/?url=https://api.soundcloud.com/tracks/315037724&show_artwork=true&color=%23ff5500&hide_related=true&show_comments=false&show_user=true&show_reposts=false&show_teaser=false&visual=true
640	1r7kfu9	Two Friends & Friendzone - 2F Friendly Sessions Ep. 12	9.764	800	1	1.0	31	0.355	soundcloud	1	https://w.soundcloud.com/player/?url=https://api.soundcloud.com/tracks/156324699&show_artwork=true&color=%23ff5500&hide_related=true&show_comments=false&show_user=true&show_reposts=false&show_teaser=false&visual=true
641	1hwtrhrk	Martin Garrix @ Mainstage, Ultra Music Festival Miami, United States	9.763	115100	253	1.0	58	0.5	youtube	0	https://www.youtube.com/watch?v=o3YadwGH0ZA
642	1u9nqpdk	John Summit - Experts Only Radio 039 (Festival Edition)	9.763	1200	2	1.0	36	0.222	soundcloud	1	https://w.soundcloud.com/player/?url=https://api.soundcloud.com/tracks/2172240669&show_artwork=true&color=%23ff5500&hide_related=true&show_comments=false&show_user=true&show_reposts=false&show_teaser=false&visual=true
643	39k0y41	Hardwell - Hardwell On Air Yearmix	9.761	33200	33	1.0	57	0.737	soundcloud	0	https://w.soundcloud.com/player/?url=https://api.soundcloud.com/tracks/126701011&show_artwork=true&color=%23ff5500&hide_related=true&show_comments=false&show_user=true&show_reposts=false&show_teaser=false&visual=true
644	2hckfh0k	Tiësto @ Mainstage, Tomorrowland Weekend 1, Belgium	9.76	88700	61	0.978	63	0.73	youtube	0	https://www.youtube.com/watch?v=keAW7CDF3_0
645	725k3c9	Chris Lake - Annie Mac Radio Show Minimix	9.76	1500	0	1.0	24	0.292	soundcloud	1	https://w.soundcloud.com/player/?url=https://api.soundcloud.com/tracks/228707885&show_artwork=true&color=%23ff5500&hide_related=true&show_comments=false&show_user=true&show_reposts=false&show_teaser=false&visual=true
646	ch7pmu9	RÜFÜS DU SOL - Rose Ave Radio 014	9.76	1600	5	1.0	12	0.083	soundcloud	1	https://w.soundcloud.com/player/?url=https://api.soundcloud.com/tracks/1096581523&show_artwork=true&color=%23ff5500&hide_related=true&show_comments=false&show_user=true&show_reposts=false&show_teaser=false&visual=true
647	1cw1xdbk	Martin Garrix @ Mainstage, Tomorrowland, Belgium	9.759	97900	73	1.0	63	0.667	youtube	0	https://www.youtube.com/watch?v=vii_aEkB_1k
648	8vmwrr9	Diplo - FunX Dance Summer Sessions	9.759	1800	1	1.0	34	0.176	soundcloud	1	https://w.soundcloud.com/player/?url=https://api.soundcloud.com/tracks/47334974&show_artwork=true&color=%23ff5500&hide_related=true&show_comments=false&show_user=true&show_reposts=false&show_teaser=false&visual=true
649	zt6ums9	Don Diablo @ Main Stage, Ultra Music Festival Miami, MMW, United States	9.758	35500	50	0.976	41	0.951	youtube	0	https://www.youtube.com/watch?v=5QrdTzCQrIU
650	4tl895k	Armin van Buuren @ kineticFIELD, EDC Las Vegas, United States	9.754	19300	19	1.0	22	0.909	soundcloud	0	https://w.soundcloud.com/player/?url=https://api.soundcloud.com/tracks/155421583&show_artwork=true&color=%23ff5500&hide_related=true&show_comments=false&show_user=true&show_reposts=false&show_teaser=false&visual=true
651	97fj1rt	Diplo - BBC Radio 1Xtra	9.754	2300	3	0.976	43	0.07	soundcloud	1	https://w.soundcloud.com/player/?url=https://api.soundcloud.com/tracks/56921188&show_artwork=true&color=%23ff5500&hide_related=true&show_comments=false&show_user=true&show_reposts=false&show_teaser=false&visual=true
652	cc9yw91	Diplo @ SUNFEST Colombo, Sri Lanka	9.753	1800	0	0.985	107	0.514	youtube	1	https://www.youtube.com/watch?v=8qS0D_CqRXA
653	46fyvx9	Diplo - Blow Your Head 009	9.752	3300	1	1.0	24	0.042	soundcloud	1	https://w.soundcloud.com/player/?url=https://api.soundcloud.com/tracks/37167732&show_artwork=true&color=%23ff5500&hide_related=true&show_comments=false&show_user=true&show_reposts=false&show_teaser=false&visual=true
654	8171pp1	Nicky Romero @ kineticFIELD, EDC Las Vegas, United States	9.752	28700	15	1.0	39	0.846	soundcloud	0	https://w.soundcloud.com/player/?url=https://api.soundcloud.com/tracks/98030735&show_artwork=true&color=%23ff5500&hide_related=true&show_comments=false&show_user=true&show_reposts=false&show_teaser=false&visual=true
655	13tzghd9	RÜFÜS DU SOL - Rose Ave Radio 022	9.751	2300	5	1.0	11	0.0	soundcloud	1	https://w.soundcloud.com/player/?url=https://api.soundcloud.com/tracks/1574540788&show_artwork=true&color=%23ff5500&hide_related=true&show_comments=false&show_user=true&show_reposts=false&show_teaser=false&visual=true
656	2n1llcw1	Two Friends - 2F Friendly Sessions 055	9.748	1100	0	1.0	17	0.353	soundcloud	1	https://w.soundcloud.com/player/?url=https://api.soundcloud.com/tracks/830811253&show_artwork=true&color=%23ff5500&hide_related=true&show_comments=false&show_user=true&show_reposts=false&show_teaser=false&visual=true
657	1hwph1jt	RÜFÜS DU SOL - Rose Ave Radio 021	9.745	2100	6	1.0	12	0.0	soundcloud	1	https://w.soundcloud.com/player/?url=https://api.soundcloud.com/tracks/1457560213&show_artwork=true&color=%23ff5500&hide_related=true&show_comments=false&show_user=true&show_reposts=false&show_teaser=false&visual=true
658	2wnmbv8t	FISHER @ Raise Tokyo, Japan	9.744	1600	4	0.931	29	0.414	youtube	1	https://www.youtube.com/watch?v=cCYit3WxJDo
659	1tbj27st	FISHER @ Gunnersbury Park London, United Kingdom	9.736	2400	5	0.969	34	0.265	youtube	1	https://www.youtube.com/watch?v=dhTLPOAdbjE
660	17lgstz1	Diplo @ Perry's Stage, Lollapalooza Argentina	9.735	1800	5	0.932	66	0.364	youtube	1	https://www.youtube.com/watch?v=-3pEAYs_a14
661	ullu97t	FISHER @ Mainstage, Creamfields Chile	9.734	3000	2	0.963	27	0.296	youtube	1	https://www.youtube.com/watch?v=bBOihKRV1Lk
662	416zhn9	Axwell @ Mainstage, TomorrowWorld Atlanta, United States	9.731	45700	41	1.0	54	0.63	soundcloud	0	https://w.soundcloud.com/player/?url=https://api.soundcloud.com/tracks/113061443&show_artwork=true&color=%23ff5500&hide_related=true&show_comments=false&show_user=true&show_reposts=false&show_teaser=false&visual=true
663	dmnhfk9	Diplo @ Wynn Las Vegas, United States (SiriusXM, Diplo's Revolution)	9.731	1400	5	0.914	49	0.184	soundcloud	1	https://w.soundcloud.com/player/?url=https://api.soundcloud.com/tracks/1973753207&show_artwork=true&color=%23ff5500&hide_related=true&show_comments=false&show_user=true&show_reposts=false&show_teaser=false&visual=true
664	33cxl61	Alesso @ Electric Zoo, United States	9.73	33400	21	1.0	43	0.767	soundcloud	0	https://w.soundcloud.com/player/?url=https://api.soundcloud.com/tracks/108089707&show_artwork=true&color=%23ff5500&hide_related=true&show_comments=false&show_user=true&show_reposts=false&show_teaser=false&visual=true
665	6clfhlk	Chris Lake @ Cielo New York, United States	9.727	3000	3	0.923	39	0.051	soundcloud	1	https://w.soundcloud.com/player/?url=https://api.soundcloud.com/tracks/97886491&show_artwork=true&color=%23ff5500&hide_related=true&show_comments=false&show_user=true&show_reposts=false&show_teaser=false&visual=true
666	11zxhdw9	Diplo @ Madonna Celebration Tour, Copacabana Beach, Rio de Janeiro, Brazil	9.725	2400	6	0.942	67	0.269	youtube	1	https://www.youtube.com/watch?v=OgBrNJEYlOA
667	1ytwgnrk	Ship Wrek & Disco Lines @ DoLab Stage, Coachella Festival Weekend 2, United Stat	9.725	1400	3	0.944	36	0.194	soundcloud	1	https://w.soundcloud.com/player/?url=https://api.soundcloud.com/tracks/1516333957&show_artwork=true&color=%23ff5500&hide_related=true&show_comments=false&show_user=true&show_reposts=false&show_teaser=false&visual=true
668	1kc1r5k	Steve Aoki @ Mainstage, Tomorrowland Weekend 2, Belgium	9.718	27300	15	1.0	25	0.84	soundcloud	0	https://w.soundcloud.com/player/?url=https://api.soundcloud.com/tracks/162028690&show_artwork=true&color=%23ff5500&hide_related=true&show_comments=false&show_user=true&show_reposts=false&show_teaser=false&visual=true
669	1nhthzzk	Diplo & Sean Maynard - Dance Anthems Radio Show 100	9.715	748	4	1.0	53	0.245	soundcloud	1	https://w.soundcloud.com/player/?url=https://api.soundcloud.com/tracks/1226818009&show_artwork=true&color=%23ff5500&hide_related=true&show_comments=false&show_user=true&show_reposts=false&show_teaser=false&visual=true
670	2hmjdc01	John Summit @ The Amphitheater, Suwannee Hulaween, United States	9.715	512	1	1.0	31	0.677	youtube	1	https://www.youtube.com/watch?v=s64HJTetDOk
671	1r825zh9	Kygo @ FEST Festival Chorzów, Poland	9.713	990	0	1.0	23	0.609	youtube	1	https://www.youtube.com/watch?v=CAw3aqKpwHs
672	8j4lrtk	Nicky Romero @ Into The Wild, Sensation Netherlands	9.712	22900	12	1.0	39	0.897	soundcloud	0	https://w.soundcloud.com/player/?url=https://api.soundcloud.com/tracks/100042225&show_artwork=true&color=%23ff5500&hide_related=true&show_comments=false&show_user=true&show_reposts=false&show_teaser=false&visual=true
673	4ugv0p1	RL Grime @ Hard Stage, HARD Summer Festival, United States	9.709	26200	8	1.0	75	0.907	soundcloud	0	https://w.soundcloud.com/player/?url=https://api.soundcloud.com/tracks/756435886&show_artwork=true&color=%23ff5500&hide_related=true&show_comments=false&show_user=true&show_reposts=false&show_teaser=false&visual=true
674	2l5qt3b9	Two Friends - 2F Friendly Sessions 052	9.708	1100	0	1.0	18	0.333	soundcloud	1	https://w.soundcloud.com/player/?url=https://api.soundcloud.com/tracks/790186456&show_artwork=true&color=%23ff5500&hide_related=true&show_comments=false&show_user=true&show_reposts=false&show_teaser=false&visual=true
675	1lg63ph9	Oliver Heldens @ Mainstage, Ultra Music Festival Miami, Miami Music Week, United	9.707	80500	66	1.0	49	0.694	youtube	0	https://www.youtube.com/watch?v=CgRKFBQre1A
676	39wj169	Calvin Harris @ circuitGROUNDS, EDC Las Vegas, United States	9.707	53300	38	1.0	54	0.593	soundcloud	0	https://w.soundcloud.com/player/?url=https://api.soundcloud.com/tracks/155843750&show_artwork=true&color=%23ff5500&hide_related=true&show_comments=false&show_user=true&show_reposts=false&show_teaser=false&visual=true
677	22j68lp1	The Chainsmokers & Diplo - Nice Hair 100	9.706	1700	3	1.0	23	0.087	soundcloud	1	https://w.soundcloud.com/player/?url=https://api.soundcloud.com/tracks/1455071689&show_artwork=true&color=%23ff5500&hide_related=true&show_comments=false&show_user=true&show_reposts=false&show_teaser=false&visual=true
678	15n4qwz9	RÜFÜS DU SOL - Rose Ave Radio 019	9.704	2100	2	0.929	14	0.143	soundcloud	1	https://w.soundcloud.com/player/?url=https://api.soundcloud.com/tracks/1353037507&show_artwork=true&color=%23ff5500&hide_related=true&show_comments=false&show_user=true&show_reposts=false&show_teaser=false&visual=true
679	1d0m5v9t	Two Friends - 2F Friendly Sessions 060	9.702	1400	0	1.0	18	0.278	soundcloud	1	https://w.soundcloud.com/player/?url=https://api.soundcloud.com/tracks/897086800&show_artwork=true&color=%23ff5500&hide_related=true&show_comments=false&show_user=true&show_reposts=false&show_teaser=false&visual=true
680	28vdw0lk	Two Friends - 2F Friendly Sessions 048	9.702	1400	0	1.0	18	0.278	soundcloud	1	https://w.soundcloud.com/player/?url=https://api.soundcloud.com/tracks/739799329&show_artwork=true&color=%23ff5500&hide_related=true&show_comments=false&show_user=true&show_reposts=false&show_teaser=false&visual=true
681	2m58m269	RÜFÜS DU SOL - Rose Ave Radio 010	9.702	1900	6	1.0	13	0.0	soundcloud	1	https://w.soundcloud.com/player/?url=https://api.soundcloud.com/tracks/1015530019&show_artwork=true&color=%23ff5500&hide_related=true&show_comments=false&show_user=true&show_reposts=false&show_teaser=false&visual=true
682	7p9nk6k	Hardwell @ kineticFIELD, EDC Las Vegas, United States	9.702	79800	60	1.0	54	0.704	youtube	0	https://www.youtube.com/watch?v=fqKx8Ewrxmk
683	18cnv4x9	John Summit @ EDC Las Vegas Camp, United States	9.699	1600	4	1.0	31	0.323	youtube	1	https://www.youtube.com/watch?v=HAtJG--YX34
684	1gcdvx1	Oliver Heldens - Heldeep Mixtape 005 (Summer Edition)	9.699	56500	36	1.0	43	0.581	soundcloud	0	https://w.soundcloud.com/player/?url=https://api.soundcloud.com/tracks/160158877&show_artwork=true&color=%23ff5500&hide_related=true&show_comments=false&show_user=true&show_reposts=false&show_teaser=false&visual=true
685	2b1ypukk	John Summit - Experts Only Radio 016	9.698	1900	3	1.0	17	0.059	soundcloud	1	https://w.soundcloud.com/player/?url=https://api.soundcloud.com/tracks/1895927658&show_artwork=true&color=%23ff5500&hide_related=true&show_comments=false&show_user=true&show_reposts=false&show_teaser=false&visual=true
686	1tckzv11	Two Friends @ Perry's, Lollapalooza United States Chicago	9.697	580	2	0.986	72	0.611	youtube	1	https://www.youtube.com/watch?v=Y52njEBtL80
687	z99kuq1	N2N & John Summit @ Bubbles & Bass, Burning Man Sunrise, United States	9.697	1600	7	0.978	47	0.043	soundcloud	1	https://w.soundcloud.com/player/?url=https://api.soundcloud.com/tracks/2162689566&show_artwork=true&color=%23ff5500&hide_related=true&show_comments=false&show_user=true&show_reposts=false&show_teaser=false&visual=true
688	268jf9g1	Diplo @ Woogie, Lightning In A Bottle Festival, United States	9.696	3000	5	0.947	46	0.217	youtube	1	https://www.youtube.com/watch?v=lZtiyuTTw6M
689	mp12vk	Chris Lake - Podcast 028	9.693	2900	0	0.846	26	0.269	soundcloud	1	https://w.soundcloud.com/player/?url=https://api.soundcloud.com/tracks/31234682&show_artwork=true&color=%23ff5500&hide_related=true&show_comments=false&show_user=true&show_reposts=false&show_teaser=false&visual=true
690	1d6nj299	Diplo @ L Train New York Subway, United States	9.692	3200	7	1.0	17	0.118	youtube	1	https://www.youtube.com/watch?v=EopqNy7Jy2g
691	22bj7df1	Destructo & Diplo - All My Friends Radio Show 074 (Higher Ground Special)	9.692	1800	1	1.0	14	0.143	soundcloud	1	https://w.soundcloud.com/player/?url=https://api.soundcloud.com/tracks/687069292&show_artwork=true&color=%23ff5500&hide_related=true&show_comments=false&show_user=true&show_reposts=false&show_teaser=false&visual=true
692	2bs336h1	Kygo - #RADIORAVE	9.686	1300	2	1.0	12	0.167	soundcloud	1	https://w.soundcloud.com/player/?url=https://api.soundcloud.com/tracks/893643856&show_artwork=true&color=%23ff5500&hide_related=true&show_comments=false&show_user=true&show_reposts=false&show_teaser=false&visual=true
693	5cghg6k	DJ Snake @ kineticFIELD, EDC Las Vegas, United States	9.686	39300	21	0.96	52	0.75	soundcloud	0	https://w.soundcloud.com/player/?url=https://api.soundcloud.com/tracks/155537665&show_artwork=true&color=%23ff5500&hide_related=true&show_comments=false&show_user=true&show_reposts=false&show_teaser=false&visual=true
694	1r5sry9t	Dennis Ruyer & FISHER - Dance Department 763	9.683	2100	1	1.0	19	0.105	soundcloud	1	https://w.soundcloud.com/player/?url=https://api.soundcloud.com/tracks/837654640&show_artwork=true&color=%23ff5500&hide_related=true&show_comments=false&show_user=true&show_reposts=false&show_teaser=false&visual=true
695	5fyk7rt	Hardwell @ Hardwell Presents Revealed, Passenger Terminal, Amsterdam Dance Event	9.682	29400	29	1.0	80	0.738	soundcloud	0	https://w.soundcloud.com/player/?url=https://api.soundcloud.com/tracks/116019867&show_artwork=true&color=%23ff5500&hide_related=true&show_comments=false&show_user=true&show_reposts=false&show_teaser=false&visual=true
696	2dskmyw9	Disco Lines @ kineticFIELD, EDC Mexico	9.68	1600	2	0.9	32	0.219	soundcloud	1	https://w.soundcloud.com/player/?url=https://api.soundcloud.com/tracks/1456447195&show_artwork=true&color=%23ff5500&hide_related=true&show_comments=false&show_user=true&show_reposts=false&show_teaser=false&visual=true
697	1uz6bv11	Zeds Dead & Dom Dolla - Diplo & Friends	9.679	1800	2	1.0	54	0.093	soundcloud	1	https://w.soundcloud.com/player/?url=https://api.soundcloud.com/tracks/1038138304&show_artwork=true&color=%23ff5500&hide_related=true&show_comments=false&show_user=true&show_reposts=false&show_teaser=false&visual=true
698	45n8bn1	Chris Lake - The Music Ninja Residency Mix 002	9.679	1900	0	1.0	15	0.2	soundcloud	1	https://w.soundcloud.com/player/?url=https://api.soundcloud.com/tracks/219654964&show_artwork=true&color=%23ff5500&hide_related=true&show_comments=false&show_user=true&show_reposts=false&show_teaser=false&visual=true
699	2m48ypqt	Diplo @ Abracadabra Virtual Festival, United States	9.677	1500	3	1.0	20	0.1	soundcloud	1	https://w.soundcloud.com/player/?url=https://api.soundcloud.com/tracks/905285380&show_artwork=true&color=%23ff5500&hide_related=true&show_comments=false&show_user=true&show_reposts=false&show_teaser=false&visual=true
700	2nwlrt1t	Two Friends & Pegboard Nerds - 2F Friendly Sessions Ep. 36	9.677	1800	0	1.0	38	0.211	soundcloud	1	https://w.soundcloud.com/player/?url=https://api.soundcloud.com/tracks/365931329&show_artwork=true&color=%23ff5500&hide_related=true&show_comments=false&show_user=true&show_reposts=false&show_teaser=false&visual=true
701	1pjuftut	Dom Dolla & John Summit @ Stargate Stage, Movement Electronic Music Festival Det	9.676	503	0	1.0	19	0.737	youtube	1	https://www.youtube.com/watch?v=TYw_7fYw1Qo
702	2n11dj5k	Diplo @ Grand Pavilion, Decadence Arizona, United States	9.676	1500	0	1.0	12	0.5	youtube	1	https://www.youtube.com/watch?v=u2A4H0zkfU8
703	1s8fulk	Annie Mac & Chris Lake & Duke Dumont - Annie Mac Friday Night Friday Night	9.673	2900	0	1.0	38	0.105	soundcloud	1	https://w.soundcloud.com/player/?url=https://api.soundcloud.com/tracks/228707885&show_artwork=true&color=%23ff5500&hide_related=true&show_comments=false&show_user=true&show_reposts=false&show_teaser=false&visual=true
704	2wbxuxht	Diplo & Cut Chemist & E-rock - Diplo & Friends	9.67	2300	0	1.0	65	0.154	soundcloud	1	https://w.soundcloud.com/player/?url=https://api.soundcloud.com/tracks/358720724&show_artwork=true&color=%23ff5500&hide_related=true&show_comments=false&show_user=true&show_reposts=false&show_teaser=false&visual=true
705	1vv1nmb9	RÜFÜS DU SOL - Rose Ave Radio 004	9.668	1900	5	1.0	14	0.0	soundcloud	1	https://w.soundcloud.com/player/?url=https://api.soundcloud.com/tracks/874167835&show_artwork=true&color=%23ff5500&hide_related=true&show_comments=false&show_user=true&show_reposts=false&show_teaser=false&visual=true
706	1zm0vcvk	RÜFÜS DU SOL - Rose Ave Radio 008	9.668	1900	5	0.923	13	0.077	soundcloud	1	https://w.soundcloud.com/player/?url=https://api.soundcloud.com/tracks/968808967&show_artwork=true&color=%23ff5500&hide_related=true&show_comments=false&show_user=true&show_reposts=false&show_teaser=false&visual=true
707	2731wcut	Diplo - OCHO by Gray Area	9.668	1100	1	0.952	21	0.286	soundcloud	1	https://w.soundcloud.com/player/?url=https://api.soundcloud.com/tracks/1153862662&show_artwork=true&color=%23ff5500&hide_related=true&show_comments=false&show_user=true&show_reposts=false&show_teaser=false&visual=true
708	29qpgc79	Two Friends & Pierce Fulton - 2F Friendly Sessions Ep. 34	9.668	1400	0	1.0	23	0.261	soundcloud	1	https://w.soundcloud.com/player/?url=https://api.soundcloud.com/tracks/338147256&show_artwork=true&color=%23ff5500&hide_related=true&show_comments=false&show_user=true&show_reposts=false&show_teaser=false&visual=true
709	3h9dt1k	Avicii @ Electric Zoo, United States	9.668	17600	6	1.0	22	1.0	soundcloud	0	https://w.soundcloud.com/player/?url=https://api.soundcloud.com/tracks/108252283&show_artwork=true&color=%23ff5500&hide_related=true&show_comments=false&show_user=true&show_reposts=false&show_teaser=false&visual=true
710	7qh4pj1	Tiësto @ Mainstage, Ultra Music Festival Argentina	9.667	23300	41	1.0	82	0.744	soundcloud	0	https://w.soundcloud.com/player/?url=https://api.soundcloud.com/tracks/192256874&show_artwork=true&color=%23ff5500&hide_related=true&show_comments=false&show_user=true&show_reposts=false&show_teaser=false&visual=true
711	k7v9wu1	Diplo @ Badlands Music Festival, Canada	9.667	1500	4	1.0	103	0.32	youtube	1	https://www.youtube.com/watch?v=jokUfEa40JU
712	2uv95xg9	John Summit - Experts Only Radio 021	9.666	2500	1	1.0	17	0.059	soundcloud	1	https://w.soundcloud.com/player/?url=https://api.soundcloud.com/tracks/2008574075&show_artwork=true&color=%23ff5500&hide_related=true&show_comments=false&show_user=true&show_reposts=false&show_teaser=false&visual=true
713	w8zr7sk	Diplo @ Encore Beach Club Las Vegas, United States	9.665	1500	2	1.0	16	0.375	youtube	1	https://www.youtube.com/watch?v=W2w5ZIHO9oM
714	2vqjr0mt	Diplo & Carlita @ Looners Camp Hot Air Balloon, Burning Man, United States	9.663	2400	4	0.824	21	0.143	soundcloud	1	https://w.soundcloud.com/player/?url=https://api.soundcloud.com/tracks/1627085874&show_artwork=true&color=%23ff5500&hide_related=true&show_comments=false&show_user=true&show_reposts=false&show_teaser=false&visual=true
715	1yn41xht	Diplo - Ministry Of Sound Recordings Weekender	9.661	1600	0	1.0	23	0.478	youtube	1	https://www.youtube.com/watch?v=oeePAkMqSdk
716	2bpvcbq9	Diplo @ Djakarta Warehouse Project, Indonesia	9.659	1200	1	0.964	38	0.5	youtube	1	https://www.youtube.com/watch?v=FN1HCxE9e30
717	8dp1c31	Avicii @ kineticFIELD, EDC Las Vegas, United States	9.658	14300	17	1.0	16	0.938	soundcloud	0	https://w.soundcloud.com/player/?url=https://api.soundcloud.com/tracks/53103551&show_artwork=true&color=%23ff5500&hide_related=true&show_comments=false&show_user=true&show_reposts=false&show_teaser=false&visual=true
718	33z0nw1	Hardwell @ Mainstage, Ultra Europe, Croatia	9.657	40600	29	0.966	58	0.69	soundcloud	0	https://w.soundcloud.com/player/?url=https://api.soundcloud.com/tracks/158351595&show_artwork=true&color=%23ff5500&hide_related=true&show_comments=false&show_user=true&show_reposts=false&show_teaser=false&visual=true
719	1g47psmt	Diplo & HUGEL @ Higher Ground, The Brooklyn Mirage New York, United States	9.656	3000	6	0.923	39	0.205	youtube	1	https://www.youtube.com/watch?v=91wIFm-xKyI
720	2mxmwm5k	Two Friends & Win and Woo - 2F Friendly Sessions Ep. 27	9.656	1500	0	1.0	25	0.24	soundcloud	1	https://w.soundcloud.com/player/?url=https://api.soundcloud.com/tracks/278377493&show_artwork=true&color=%23ff5500&hide_related=true&show_comments=false&show_user=true&show_reposts=false&show_teaser=false&visual=true
721	2ft3tz2k	FISHER @ Perry's Stage, Lollapalooza United States	9.655	2000	2	0.963	29	0.345	youtube	1	https://www.youtube.com/watch?v=wbfR4u2w8-k
722	1xqfjm1	Armin van Buuren @ A State Of Trance Festival Festival, Mainstage 1, Jaarbeurs U	9.647	15900	28	1.0	28	0.857	soundcloud	0	https://w.soundcloud.com/player/?url=https://api.soundcloud.com/tracks/192360856&show_artwork=true&color=%23ff5500&hide_related=true&show_comments=false&show_user=true&show_reposts=false&show_teaser=false&visual=true
723	271w6gz1	John Summit & Steve Darko - Night Owl Radio 293	9.647	1500	1	0.96	25	0.2	soundcloud	1	https://w.soundcloud.com/player/?url=https://api.soundcloud.com/tracks/1017151048&show_artwork=true&color=%23ff5500&hide_related=true&show_comments=false&show_user=true&show_reposts=false&show_teaser=false&visual=true
724	1gp3n7s1	Armin van Buuren @ Mainstage, A State Of Trance Festival ASOT 750, Jaarbeurs Utr	9.646	20200	31	1.0	34	0.794	soundcloud	0	https://w.soundcloud.com/player/?url=https://api.soundcloud.com/tracks/249251106&show_artwork=true&color=%23ff5500&hide_related=true&show_comments=false&show_user=true&show_reposts=false&show_teaser=false&visual=true
725	1j2rd51	Diplo - Blow Your Head 002	9.644	860	2	1.0	17	0.235	soundcloud	1	https://w.soundcloud.com/player/?url=https://api.soundcloud.com/tracks/20235669&show_artwork=true&color=%23ff5500&hide_related=true&show_comments=false&show_user=true&show_reposts=false&show_teaser=false&visual=true
726	179u9121	Diplo @ Luna Stage, Empire Music Festival, Guatemala	9.643	1400	0	0.96	39	0.538	youtube	1	https://www.youtube.com/watch?v=IJO7ryVIecM
727	kxjmn5k	Diplo & Dillon Francis @ Coronight Fever #9, United States	9.643	3800	4	0.968	65	0.138	youtube	1	https://www.youtube.com/watch?v=_eHkc9qCsxI
728	1dzl0jlt	Two Friends - 2F Friendly Sessions 068	9.641	861	0	1.0	17	0.353	soundcloud	1	https://w.soundcloud.com/player/?url=https://api.soundcloud.com/tracks/1032677632&show_artwork=true&color=%23ff5500&hide_related=true&show_comments=false&show_user=true&show_reposts=false&show_teaser=false&visual=true
729	x3ngvvt	Two Friends - 2F Friendly Sessions 058	9.641	941	0	1.0	18	0.333	soundcloud	1	https://w.soundcloud.com/player/?url=https://api.soundcloud.com/tracks/881242795&show_artwork=true&color=%23ff5500&hide_related=true&show_comments=false&show_user=true&show_reposts=false&show_teaser=false&visual=true
730	1c3rllt	Zedd @ Mainstage, Ultra Music Festival Miami, United States	9.64	60500	22	0.975	44	0.864	youtube	0	https://www.youtube.com/watch?v=iva4vy_4B_8
731	111vku4k	Chris Lake @ UFO STATION, S-Factory Seoul, South Korea	9.639	1300	1	0.897	31	0.29	soundcloud	1	https://w.soundcloud.com/player/?url=https://api.soundcloud.com/tracks/1773203934&show_artwork=true&color=%23ff5500&hide_related=true&show_comments=false&show_user=true&show_reposts=false&show_teaser=false&visual=true
732	7f0n919	Dillon Francis @ cosmicMEADOW, EDC Las Vegas, United States	9.638	27000	11	0.983	60	0.85	soundcloud	0	https://w.soundcloud.com/player/?url=https://api.soundcloud.com/tracks/176268785&show_artwork=true&color=%23ff5500&hide_related=true&show_comments=false&show_user=true&show_reposts=false&show_teaser=false&visual=true
733	zsbcy51	Steve Angello @ Mainstage, Ultra Music Festival Miami, United States	9.637	32700	47	1.0	39	0.641	soundcloud	0	https://w.soundcloud.com/player/?url=https://api.soundcloud.com/tracks/259073385&show_artwork=true&color=%23ff5500&hide_related=true&show_comments=false&show_user=true&show_reposts=false&show_teaser=false&visual=true
734	m21mqsk	Diplo & Francis Mercier & Nitefreak @ Higher Ground, Deep Root Tribe Lisbon, Por	9.635	967	4	1.0	20	0.4	youtube	1	https://www.youtube.com/watch?v=8bLJYJ3vMqw
735	2s1661y9	John Summit - Zeskullz Presents 293	9.633	844	0	1.0	17	0.353	soundcloud	1	https://w.soundcloud.com/player/?url=https://api.soundcloud.com/tracks/1872579480&show_artwork=true&color=%23ff5500&hide_related=true&show_comments=false&show_user=true&show_reposts=false&show_teaser=false&visual=true
736	x0rqrdt	Tchami & Malaa @ Live Stage, Ultra Music Festival Miami, Miami Music Week, Unite	9.631	26900	23	1.0	45	0.756	soundcloud	0	https://w.soundcloud.com/player/?url=https://api.soundcloud.com/tracks/421939962&show_artwork=true&color=%23ff5500&hide_related=true&show_comments=false&show_user=true&show_reposts=false&show_teaser=false&visual=true
737	8gwmzw1	Diplo - Triple J (JJJ) Mixup	9.63	3200	0	1.0	16	0.062	soundcloud	1	https://w.soundcloud.com/player/?url=https://api.soundcloud.com/tracks/229679227&show_artwork=true&color=%23ff5500&hide_related=true&show_comments=false&show_user=true&show_reposts=false&show_teaser=false&visual=true
738	1vw9z55k	Two Friends - 2F Friendly Sessions 067	9.627	705	0	1.0	18	0.389	soundcloud	1	https://w.soundcloud.com/player/?url=https://api.soundcloud.com/tracks/1022734435&show_artwork=true&color=%23ff5500&hide_related=true&show_comments=false&show_user=true&show_reposts=false&show_teaser=false&visual=true
739	y79dt81	Chris Lake @ Splash House After Hours, Palm Spring Air Museum, United States	9.627	2900	3	0.864	22	0.318	youtube	1	https://www.youtube.com/watch?v=ZCLy9cLoARo
740	tk1l3l9	Disco Lines @ stereoBLOOM, EDC Orlando, United States	9.626	2000	1	0.878	43	0.209	soundcloud	1	https://w.soundcloud.com/player/?url=https://api.soundcloud.com/tracks/1393883317&show_artwork=true&color=%23ff5500&hide_related=true&show_comments=false&show_user=true&show_reposts=false&show_teaser=false&visual=true
741	23jgt5hk	John Summit @ OCASO Festival, Costa Rica	9.624	797	1	1.0	28	0.536	youtube	1	https://www.youtube.com/watch?v=jcF-0rNxNmY
742	19jd8b09	Disco Lines @ Red Rocks Amphitheatre, United States	9.621	2800	5	0.907	51	0.235	youtube	1	https://www.youtube.com/watch?v=e3Oo1ASxr7U
743	7y601st	Steve Angello @ circuitGROUNDS, EDC New York, United States	9.621	21600	20	1.0	32	0.812	soundcloud	0	https://w.soundcloud.com/player/?url=https://api.soundcloud.com/tracks/93552350&show_artwork=true&color=%23ff5500&hide_related=true&show_comments=false&show_user=true&show_reposts=false&show_teaser=false&visual=true
744	2cqlrs2t	Diplo @ The Vanguard Orlando, United States	9.618	1800	4	0.952	23	0.304	youtube	1	https://www.youtube.com/watch?v=z15oHV8e5xA
745	2cxmn1bt	Andrea Oliva & John Summit - BBC Radio 1 Dance Presents Ibiza 2024 (ANTS BBC Rad	9.615	1800	5	0.941	17	0.294	youtube	1	https://www.youtube.com/watch?v=LYmgp4NXTHE
746	1wqd6p11	Martin Garrix @ Mainstage, Tomorrowland Weekend 2, Belgium	9.612	99100	57	1.0	47	0.617	youtube	0	https://www.youtube.com/watch?v=s2u1hw8HDPU
747	2kl8tq4k	Diplo @ Coca Cola Stage, The Calgary Stampede, Canada	9.612	1500	2	0.979	92	0.37	youtube	1	https://www.youtube.com/watch?v=kai_dOPjqD0
748	780cnuk	Tiësto @ South Stage, Creamfields UK, United Kingdom	9.607	11200	34	1.0	28	0.893	soundcloud	0	https://w.soundcloud.com/player/?url=https://api.soundcloud.com/tracks/221627926&show_artwork=true&color=%23ff5500&hide_related=true&show_comments=false&show_user=true&show_reposts=false&show_teaser=false&visual=true
749	2vgk593t	John Summit - Country Club Disco Mix	9.605	792	1	1.0	18	0.278	soundcloud	1	https://w.soundcloud.com/player/?url=https://api.soundcloud.com/tracks/581897637&show_artwork=true&color=%23ff5500&hide_related=true&show_comments=false&show_user=true&show_reposts=false&show_teaser=false&visual=true
750	1cz0p5x1	Chris Lake @ Shaky Beats Music Festival, United States	9.604	2500	0	0.882	17	0.471	youtube	1	https://www.youtube.com/watch?v=KuCRI4gUylc
751	262uk3c1	Dennis Ruyer & John Summit - Dance Department 769	9.603	678	3	0.941	17	0.294	soundcloud	1	https://w.soundcloud.com/player/?url=https://api.soundcloud.com/tracks/866042860&show_artwork=true&color=%23ff5500&hide_related=true&show_comments=false&show_user=true&show_reposts=false&show_teaser=false&visual=true
752	2rvkdfb9	Diplo @ Higher Ground, The Brooklyn Mirage New York, United States	9.603	1100	3	1.0	50	0.38	youtube	1	https://www.youtube.com/watch?v=hyZU-ZdHKRM
753	19j804lt	John Summit - Experts Only Radio 027 (Australia Edition)	9.602	2000	3	1.0	17	0.0	soundcloud	1	https://w.soundcloud.com/player/?url=https://api.soundcloud.com/tracks/2071033460&show_artwork=true&color=%23ff5500&hide_related=true&show_comments=false&show_user=true&show_reposts=false&show_teaser=false&visual=true
754	1uvkyq5t	Tchami @ Mainstage, Ultra Music Festival Miami, Miami Music Week, United States	9.602	33900	31	1.0	47	0.66	soundcloud	0	https://w.soundcloud.com/player/?url=https://api.soundcloud.com/tracks/599506944&show_artwork=true&color=%23ff5500&hide_related=true&show_comments=false&show_user=true&show_reposts=false&show_teaser=false&visual=true
755	2kcmz2q1	RÜFÜS DU SOL - Rose Ave Radio 017	9.602	2000	3	1.0	12	0.0	soundcloud	1	https://w.soundcloud.com/player/?url=https://api.soundcloud.com/tracks/1225232116&show_artwork=true&color=%23ff5500&hide_related=true&show_comments=false&show_user=true&show_reposts=false&show_teaser=false&visual=true
756	2gdkq3sk	Diplo @ SonarVillage by Estrella Damm, Sónar Festival, Spain	9.599	2400	2	1.0	25	0.24	youtube	1	https://www.youtube.com/watch?v=EL1WyitC87E
757	pzmngnt	MEDUZA - John Summit's Experts Only Radio 042	9.599	1500	6	1.0	13	0.0	soundcloud	1	https://w.soundcloud.com/player/?url=https://api.soundcloud.com/tracks/2205787115&show_artwork=true&color=%23ff5500&hide_related=true&show_comments=false&show_user=true&show_reposts=false&show_teaser=false&visual=true
758	1fv1hbwt	Two Friends - 2F Friendly Sessions 046	9.597	1100	0	1.0	18	0.278	soundcloud	1	https://w.soundcloud.com/player/?url=https://api.soundcloud.com/tracks/724109731&show_artwork=true&color=%23ff5500&hide_related=true&show_comments=false&show_user=true&show_reposts=false&show_teaser=false&visual=true
759	2dnf1g4k	Two Friends - 2F Friendly Sessions 065	9.597	778	0	1.0	17	0.353	soundcloud	1	https://w.soundcloud.com/player/?url=https://api.soundcloud.com/tracks/982260754&show_artwork=true&color=%23ff5500&hide_related=true&show_comments=false&show_user=true&show_reposts=false&show_teaser=false&visual=true
760	1t4rzumk	Diplo @ LA Pop Up, Elysian Park Los Angeles, United States	9.595	836	2	1.0	15	0.467	youtube	1	https://www.youtube.com/watch?v=JBHhA_5Y8m4
761	17g4zl8k	Galantis - Big Beat Radio 176 (New Year's Eve Mix)	9.594	669	3	1.0	30	0.233	soundcloud	1	https://w.soundcloud.com/player/?url=https://api.soundcloud.com/tracks/1179702748&show_artwork=true&color=%23ff5500&hide_related=true&show_comments=false&show_user=true&show_reposts=false&show_teaser=false&visual=true
762	jdt5us1	John Summit @ Folsom Field Boulder, United States	9.592	1000	1	1.0	17	0.471	youtube	1	https://www.youtube.com/watch?v=tw_a4Xgjzb0
763	3l71w8t	Tiësto @ Mainstage, Tomorrowland, Belgium	9.59	89300	57	0.969	50	0.66	youtube	0	https://www.youtube.com/watch?v=natScFinSfQ
764	lnqkdk	Avicii @ Tomorrowland, Belgium	9.59	61900	42	1.0	27	0.741	youtube	0	https://www.youtube.com/watch?v=kmqqb8qnIz4
765	14k7x6k1	Two Friends - 2F Friendly Sessions 050	9.589	1000	0	1.0	17	0.294	soundcloud	1	https://w.soundcloud.com/player/?url=https://api.soundcloud.com/tracks/764533294&show_artwork=true&color=%23ff5500&hide_related=true&show_comments=false&show_user=true&show_reposts=false&show_teaser=false&visual=true
766	2n218qp1	Two Friends - 2F Friendly Sessions 059	9.589	985	1	1.0	18	0.222	soundcloud	1	https://w.soundcloud.com/player/?url=https://api.soundcloud.com/tracks/889369084&show_artwork=true&color=%23ff5500&hide_related=true&show_comments=false&show_user=true&show_reposts=false&show_teaser=false&visual=true
767	87szz09	Martin Garrix @ kineticFIELD, EDC New York, United States	9.586	28100	15	1.0	43	0.767	soundcloud	0	https://w.soundcloud.com/player/?url=https://api.soundcloud.com/tracks/151152150&show_artwork=true&color=%23ff5500&hide_related=true&show_comments=false&show_user=true&show_reposts=false&show_teaser=false&visual=true
768	7tr3bn1	Hardwell @ kineticFIELD, EDC Las Vegas, United States	9.583	41200	39	1.0	60	0.583	soundcloud	0	https://w.soundcloud.com/player/?url=https://api.soundcloud.com/tracks/211302489&show_artwork=true&color=%23ff5500&hide_related=true&show_comments=false&show_user=true&show_reposts=false&show_teaser=false&visual=true
769	tpqp5dt	it's murph @ AM.RADIO 008, Boulevard Coffee Venice Los Angeles, United States	9.583	1200	4	0.846	13	0.231	soundcloud	1	https://w.soundcloud.com/player/?url=https://api.soundcloud.com/tracks/2061604084&show_artwork=true&color=%23ff5500&hide_related=true&show_comments=false&show_user=true&show_reposts=false&show_teaser=false&visual=true
770	2n9p06nk	Hardwell @ Freedom Stage, Tomorrowland Weekend 1, Belgium	9.58	37200	80	1.0	72	0.778	youtube	0	https://www.youtube.com/watch?v=SMMW2tj_Q2E
771	dgfgv5k	Martin Garrix @ Mainstage, Ultra Music Festival Miami, United States	9.58	67600	119	1.0	38	0.605	youtube	0	https://www.youtube.com/watch?v=7xpja4fejbk
772	1zl6rhu1	Two Friends - 2F Friendly Sessions 057	9.579	978	0	1.0	17	0.294	soundcloud	1	https://w.soundcloud.com/player/?url=https://api.soundcloud.com/tracks/865493407&show_artwork=true&color=%23ff5500&hide_related=true&show_comments=false&show_user=true&show_reposts=false&show_teaser=false&visual=true
773	2b2gkcs9	Dillon Francis & Disco Lines @ kineticFIELD, EDC Orlando, United States	9.577	2100	2	0.968	31	0.29	youtube	1	https://www.youtube.com/watch?v=pAgNB9RaBQk
774	2bn3zcl9	Marshmello @ Perry's Stage, Lollapalooza Brazil	9.576	36200	12	1.0	51	0.98	youtube	0	https://www.youtube.com/watch?v=zT3EogQ3IyI
775	1941d6k9	Two Friends & Hook N Sling - 2F Friendly Sessions 037	9.575	1400	0	1.0	28	0.214	soundcloud	1	https://w.soundcloud.com/player/?url=https://api.soundcloud.com/tracks/395485002&show_artwork=true&color=%23ff5500&hide_related=true&show_comments=false&show_user=true&show_reposts=false&show_teaser=false&visual=true
776	6zwrhj1	Diplo - Blow Your Head 11	9.575	3100	0	1.0	24	0.042	soundcloud	1	https://w.soundcloud.com/player/?url=https://api.soundcloud.com/tracks/43456863&show_artwork=true&color=%23ff5500&hide_related=true&show_comments=false&show_user=true&show_reposts=false&show_teaser=false&visual=true
777	6nzpl01	The Chainsmokers @ Mainstage, Ultra Music Festival Miami, United States	9.574	79300	33	0.976	46	0.478	soundcloud	0	https://w.soundcloud.com/player/?url=https://api.soundcloud.com/tracks/142531526&show_artwork=true&color=%23ff5500&hide_related=true&show_comments=false&show_user=true&show_reposts=false&show_teaser=false&visual=true
778	2m18r9pk	Armin van Buuren @ Mainstage, Ultra Music Festival Miami, Miami Music Week, Unit	9.572	91900	61	1.0	33	0.606	youtube	0	https://www.youtube.com/watch?v=bFbOHqCpeFs
779	72ctjg1	Two Friends - Tropical Around The World	9.572	1000	0	1.0	21	0.286	soundcloud	1	https://w.soundcloud.com/player/?url=https://api.soundcloud.com/tracks/238554632&show_artwork=true&color=%23ff5500&hide_related=true&show_comments=false&show_user=true&show_reposts=false&show_teaser=false&visual=true
780	2uq0gyv1	Two Friends - 2F Friendly Sessions Ep. 77	9.568	795	0	1.0	18	0.333	soundcloud	1	https://w.soundcloud.com/player/?url=https://api.soundcloud.com/tracks/1260107818&show_artwork=true&color=%23ff5500&hide_related=true&show_comments=false&show_user=true&show_reposts=false&show_teaser=false&visual=true
781	2kb8d6y9	Two Friends - 2F Friendly Sessions 070	9.567	764	2	1.0	18	0.222	soundcloud	1	https://w.soundcloud.com/player/?url=https://api.soundcloud.com/tracks/1077078514&show_artwork=true&color=%23ff5500&hide_related=true&show_comments=false&show_user=true&show_reposts=false&show_teaser=false&visual=true
782	2srxrjt1	RÜFÜS DU SOL - Rose Ave Radio 009	9.565	1500	5	1.0	12	0.0	soundcloud	1	https://w.soundcloud.com/player/?url=https://api.soundcloud.com/tracks/991046275&show_artwork=true&color=%23ff5500&hide_related=true&show_comments=false&show_user=true&show_reposts=false&show_teaser=false&visual=true
783	1nbwj4b1	Two Friends & graves - 2F Friendly Sessions 042	9.563	1900	1	0.9	30	0.167	soundcloud	1	https://w.soundcloud.com/player/?url=https://api.soundcloud.com/tracks/589518456&show_artwork=true&color=%23ff5500&hide_related=true&show_comments=false&show_user=true&show_reposts=false&show_teaser=false&visual=true
784	9k6d7dk	Diplo & Dillon Francis @ Coronight Fever #6, United States	9.563	3400	4	0.932	44	0.159	youtube	1	https://www.youtube.com/watch?v=83TNBaNZViY
785	rhlyvj1	Two Friends & KREAM - 2F Friendly Sessions 044	9.563	1400	0	1.0	24	0.208	soundcloud	1	https://w.soundcloud.com/player/?url=https://api.soundcloud.com/tracks/686161009&show_artwork=true&color=%23ff5500&hide_related=true&show_comments=false&show_user=true&show_reposts=false&show_teaser=false&visual=true
786	21gh0v39	Surf Mesa & Joel Corry & John Summit - 1LIVE DJ Session (Best Of 2020)	9.562	841	0	1.0	22	0.318	soundcloud	1	https://w.soundcloud.com/player/?url=https://api.soundcloud.com/tracks/1280596084&show_artwork=true&color=%23ff5500&hide_related=true&show_comments=false&show_user=true&show_reposts=false&show_teaser=false&visual=true
787	1rcqfczk	Disco Lines @ Carousel Club, Electric Forest Festival, United States	9.561	1500	2	0.889	38	0.184	soundcloud	1	https://w.soundcloud.com/player/?url=https://api.soundcloud.com/tracks/1554809305&show_artwork=true&color=%23ff5500&hide_related=true&show_comments=false&show_user=true&show_reposts=false&show_teaser=false&visual=true
788	2dkhj311	Diplo - Records On Records 032	9.56	1100	0	1.0	27	0.259	soundcloud	1	https://w.soundcloud.com/player/?url=https://api.soundcloud.com/tracks/447273597&show_artwork=true&color=%23ff5500&hide_related=true&show_comments=false&show_user=true&show_reposts=false&show_teaser=false&visual=true
789	hzurl5k	Dimitri Vegas & Like Mike @ Mainstage, Tomorrowland Weekend 1, Belgium	9.56	88100	38	1.0	47	0.66	youtube	0	https://www.youtube.com/watch?v=PR6DEZXgf-o
790	sm96441	Diplo @ FIFA Fan Festival, Qatar	9.559	763	1	1.0	39	0.513	youtube	1	https://www.youtube.com/watch?v=ev5GsJG4WJs
791	1zhqdy01	Diplo @ Robot Heart 10 Year Anniversary, Burning Man, United States	9.558	2800	0	1.0	18	0.056	soundcloud	1	https://w.soundcloud.com/player/?url=https://api.soundcloud.com/tracks/467260758&show_artwork=true&color=%23ff5500&hide_related=true&show_comments=false&show_user=true&show_reposts=false&show_teaser=false&visual=true
792	5m94d41	Swedish House Mafia @ Milton Keynes Bowl, United Kingdom	9.558	24100	18	1.0	69	0.768	soundcloud	0	https://w.soundcloud.com/player/?url=https://api.soundcloud.com/tracks/138234066&show_artwork=true&color=%23ff5500&hide_related=true&show_comments=false&show_user=true&show_reposts=false&show_teaser=false&visual=true
793	1ftj99s9	Nicky Romero @ Mainstage, Tomorrowland Weekend 1, Belgium	9.557	41300	47	1.0	40	0.8	youtube	0	https://www.youtube.com/watch?v=k3Gck1SEN-A
794	1xr40wtt	Two Friends - 2F Friendly Sessions 061	9.557	930	0	1.0	17	0.294	soundcloud	1	https://w.soundcloud.com/player/?url=https://api.soundcloud.com/tracks/930437605&show_artwork=true&color=%23ff5500&hide_related=true&show_comments=false&show_user=true&show_reposts=false&show_teaser=false&visual=true
795	6ncm2ft	Tiesto @ Mega Structure Stage, Ultra Music Festival Miami, United States	9.557	23900	27	1.0	22	0.727	soundcloud	0	https://w.soundcloud.com/player/?url=https://api.soundcloud.com/tracks/83754697&show_artwork=true&color=%23ff5500&hide_related=true&show_comments=false&show_user=true&show_reposts=false&show_teaser=false&visual=true
796	13jvbz8k	Hardwell @ Mainstage, Ultra Music Festival Japan	9.555	31200	37	1.0	85	0.635	soundcloud	0	https://w.soundcloud.com/player/?url=https://api.soundcloud.com/tracks/342732969&show_artwork=true&color=%23ff5500&hide_related=true&show_comments=false&show_user=true&show_reposts=false&show_teaser=false&visual=true
797	1v5bdpr9	John Summit @ Tripolee Stage, Electric Forest Festival, United States	9.555	330	1	1.0	39	0.692	youtube	1	https://www.youtube.com/watch?v=GLk1dviCgy4
798	4b3gt9k	Tiësto @ Clublife South Stage, Creamfields, United Kingdom	9.555	38600	27	1.0	45	0.622	soundcloud	0	https://w.soundcloud.com/player/?url=https://api.soundcloud.com/tracks/108027963&show_artwork=true&color=%23ff5500&hide_related=true&show_comments=false&show_user=true&show_reposts=false&show_teaser=false&visual=true
799	2kfsx9b9	Valentino Khan & Diplo - High Power Radio 200	9.554	552	4	1.0	13	0.231	soundcloud	1	https://w.soundcloud.com/player/?url=https://api.soundcloud.com/tracks/1491928837&show_artwork=true&color=%23ff5500&hide_related=true&show_comments=false&show_user=true&show_reposts=false&show_teaser=false&visual=true
800	ywyrb1	Hardwell @ Amsterdam Music Festival, Amsterdam Dance Event, Netherlands	9.554	56800	25	1.0	49	0.796	youtube	0	https://www.youtube.com/watch?v=u_za7ZHgW5s
801	5m9lxy9	David Guetta @ Tomorrowland, Belgium	9.552	46500	39	1.0	24	0.792	youtube	0	https://www.youtube.com/watch?v=KmeYiO0A1U0
802	nz3hy51	Chris Lake @ Black Book Records, Pier 4, Brooklyn Army Terminal, United States	9.552	2200	3	0.941	19	0.263	youtube	1	https://www.youtube.com/watch?v=6GJx80Vi8vc
803	1119z2bk	FISHER @ UFO Station Ep.4, S-Factory Sector 'D', Seoul, South Korea	9.551	1200	2	0.9	30	0.467	youtube	1	https://www.youtube.com/watch?v=m38eQuXZkuk
804	15jw5h8k	Two Friends - 2F Friendly Sessions 066	9.549	898	1	1.0	18	0.222	soundcloud	1	https://w.soundcloud.com/player/?url=https://api.soundcloud.com/tracks/1001938990&show_artwork=true&color=%23ff5500&hide_related=true&show_comments=false&show_user=true&show_reposts=false&show_teaser=false&visual=true
805	mq1xy8k	Two Friends & Viceroy - 2F Friendly Sessions Ep. 33	9.548	1700	1	1.0	24	0.083	soundcloud	1	https://w.soundcloud.com/player/?url=https://api.soundcloud.com/tracks/333758183&show_artwork=true&color=%23ff5500&hide_related=true&show_comments=false&show_user=true&show_reposts=false&show_teaser=false&visual=true
806	ybk7dht	Westend @ John Summit's Experts Only Radio 026 (Experts Only, Tahoe Blue Event C	9.547	1400	1	1.0	24	0.125	soundcloud	1	https://w.soundcloud.com/player/?url=https://api.soundcloud.com/tracks/2062512860&show_artwork=true&color=%23ff5500&hide_related=true&show_comments=false&show_user=true&show_reposts=false&show_teaser=false&visual=true
807	2ftf48z9	Diplo & Francis Mercier @ Titanic's End Art Car, Burning Man, United States	9.545	2100	5	0.861	36	0.056	soundcloud	1	https://w.soundcloud.com/player/?url=https://api.soundcloud.com/tracks/1923923618&show_artwork=true&color=%23ff5500&hide_related=true&show_comments=false&show_user=true&show_reposts=false&show_teaser=false&visual=true
808	24cp421	Two Friends & Halogen - 2F Friendly Sessions Ep. 21	9.541	1200	0	1.0	26	0.231	soundcloud	1	https://w.soundcloud.com/player/?url=https://api.soundcloud.com/tracks/237560231&show_artwork=true&color=%23ff5500&hide_related=true&show_comments=false&show_user=true&show_reposts=false&show_teaser=false&visual=true
809	18zwkxt	Hardwell @ Mainstage, Tomorrowland Brasil	9.539	51800	55	1.0	51	0.725	youtube	0	https://www.youtube.com/watch?v=rhUvo4xj2oU
810	43kcht9	Sebastian Ingrosso @ kineticFIELD, EDC New York, United States	9.538	22000	13	1.0	53	0.811	soundcloud	0	https://w.soundcloud.com/player/?url=https://api.soundcloud.com/tracks/47425946&show_artwork=true&color=%23ff5500&hide_related=true&show_comments=false&show_user=true&show_reposts=false&show_teaser=false&visual=true
811	6dj4p2k	Two Friends & Hellberg - 2F Friendly Sessions 14	9.538	700	0	1.0	26	0.346	soundcloud	1	https://w.soundcloud.com/player/?url=https://api.soundcloud.com/tracks/174117925&show_artwork=true&color=%23ff5500&hide_related=true&show_comments=false&show_user=true&show_reposts=false&show_teaser=false&visual=true
812	4r5ycl9	3 Are Legend (Dimitri Vegas & Like Mike & Steve Aoki) @ Mainstage, Ultra Music F	9.534	40900	30	1.0	34	0.588	soundcloud	0	https://w.soundcloud.com/player/?url=https://api.soundcloud.com/tracks/198413671&show_artwork=true&color=%23ff5500&hide_related=true&show_comments=false&show_user=true&show_reposts=false&show_teaser=false&visual=true
813	nx0urgt	Diplo @ Savaya Bali, Indonesia	9.533	1100	4	0.96	36	0.361	youtube	1	https://www.youtube.com/watch?v=ZZeYyXgx4og
814	cr1wpf1	John Summit - Experts Only Radio 033 (Ibiza Edition)	9.532	1700	3	1.0	17	0.0	soundcloud	1	https://w.soundcloud.com/player/?url=https://api.soundcloud.com/tracks/2122687455&show_artwork=true&color=%23ff5500&hide_related=true&show_comments=false&show_user=true&show_reposts=false&show_teaser=false&visual=true
815	uhtmjqk	FISHER @ SAGA Festival, Romania	9.532	2600	1	0.8	30	0.433	youtube	1	https://www.youtube.com/watch?v=Nn2_7GnjIjw
816	zuh1hg9	Oliver Heldens @ Musical Freedom Stage, Tomorrowland Weekend 1, Belgium	9.532	48000	29	1.0	67	0.806	youtube	0	https://www.youtube.com/watch?v=Rqx_I5bm6Yg
817	28w67gdt	Galantis @ Solstice Stage, Spring Awakening Music Festival, United States	9.527	219	0	1.0	76	0.842	youtube	1	https://www.youtube.com/watch?v=VVKbiwJgjgU
818	2c08sbwt	Two Friends @ Main Stage, Breakaway Music Festival KC, Bonner Springs, Kansas, U	9.527	311	0	0.952	86	0.814	youtube	1	https://www.youtube.com/watch?v=lifWWmIHHCg
819	2nvmdz6t	JAUZ @ Beats x Bass x Cologne, Bootshaus Cologne, Germany	9.527	23300	15	0.991	127	0.787	soundcloud	0	https://w.soundcloud.com/player/?url=https://api.soundcloud.com/tracks/307225306&show_artwork=true&color=%23ff5500&hide_related=true&show_comments=false&show_user=true&show_reposts=false&show_teaser=false&visual=true
820	6ncz369	Armin van Buuren @ 600 The Expedition, A State Of Trance Festival, Ultra Music F	9.527	59200	36	1.0	34	0.735	youtube	0	https://www.youtube.com/watch?v=Uibm_RQfZ-M
821	mpc18yk	Hardwell @ Mainstage, Ultra Music Festival Japan	9.527	29600	41	1.0	90	0.622	soundcloud	0	https://w.soundcloud.com/player/?url=https://api.soundcloud.com/tracks/283470499&show_artwork=true&color=%23ff5500&hide_related=true&show_comments=false&show_user=true&show_reposts=false&show_teaser=false&visual=true
822	dc0x6xk	Two Friends - 2F Friendly Sessions 056	9.526	933	0	1.0	18	0.278	soundcloud	1	https://w.soundcloud.com/player/?url=https://api.soundcloud.com/tracks/857438617&show_artwork=true&color=%23ff5500&hide_related=true&show_comments=false&show_user=true&show_reposts=false&show_teaser=false&visual=true
823	x03qyrt	Martin Garrix @ Mainstage, Tomorrowland Weekend 2, Belgium	9.525	58400	52	1.0	53	0.698	youtube	0	https://www.youtube.com/watch?v=g_s17HMFaug
824	1bj7wlk	Steve Angello - BBC Radio 1 Essential Mix	9.524	27100	28	1.0	50	0.68	soundcloud	0	https://w.soundcloud.com/player/?url=https://api.soundcloud.com/tracks/85954548&show_artwork=true&color=%23ff5500&hide_related=true&show_comments=false&show_user=true&show_reposts=false&show_teaser=false&visual=true
825	jzj0jtt	Two Friends - 2F Friendly Sessions 051	9.524	1200	0	1.0	18	0.222	soundcloud	1	https://w.soundcloud.com/player/?url=https://api.soundcloud.com/tracks/781654903&show_artwork=true&color=%23ff5500&hide_related=true&show_comments=false&show_user=true&show_reposts=false&show_teaser=false&visual=true
826	1tdvzyt	Steve Aoki @ Worldwide Stage, Ultra Music Festival Miami, United States	9.522	28400	11	1.0	17	0.765	soundcloud	0	https://w.soundcloud.com/player/?url=https://api.soundcloud.com/tracks/84772706&show_artwork=true&color=%23ff5500&hide_related=true&show_comments=false&show_user=true&show_reposts=false&show_teaser=false&visual=true
827	1w4f589t	Steve Aoki @ Diplo's Honkytonk, Stagecoach Festival, United States	9.522	813	4	0.964	36	0.417	youtube	1	https://www.youtube.com/watch?v=A_LdRSpNC7Q
828	cqspuut	FISHER @ Out 2 Lunch Festival, Surfers Paradise Beach, Queensland, Australia	9.521	4000	4	0.862	29	0.172	youtube	1	https://www.youtube.com/watch?v=vf53F3U_-Ik
829	6vdj061	Hardwell @ Amsterdam Music Festival, Amsterdam Dance Event, Netherlands	9.52	86400	99	1.0	48	0.542	youtube	0	https://www.youtube.com/watch?v=ygd3EQhbI88
830	4ytv9d9	Axwell @ Inox Festival Toulouse, France	9.519	26700	32	1.0	63	0.667	soundcloud	0	https://w.soundcloud.com/player/?url=https://api.soundcloud.com/tracks/91684267&show_artwork=true&color=%23ff5500&hide_related=true&show_comments=false&show_user=true&show_reposts=false&show_teaser=false&visual=true
831	1uswkfbt	Armin van Buuren @ Mainstage, Tomorrowland, Belgium	9.517	48500	31	1.0	38	0.789	youtube	0	https://www.youtube.com/watch?v=pDhTRuWyRmQ
832	1xmu93kt	JAUZ @ Mainstage, Ultra Music Festival Miami, Miami Music Week, United States	9.513	25500	19	0.985	74	0.743	soundcloud	0	https://w.soundcloud.com/player/?url=https://api.soundcloud.com/tracks/419593372&show_artwork=true&color=%23ff5500&hide_related=true&show_comments=false&show_user=true&show_reposts=false&show_teaser=false&visual=true
833	74fjv2k	Diplo - Solid Steel Radio Show	9.512	2300	1	1.0	56	0.0	soundcloud	1	https://w.soundcloud.com/player/?url=https://api.soundcloud.com/tracks/179646632&show_artwork=true&color=%23ff5500&hide_related=true&show_comments=false&show_user=true&show_reposts=false&show_teaser=false&visual=true
834	2jc7r6h9	Two Friends - 2F Friendly Sessions 062	9.509	897	0	1.0	18	0.278	soundcloud	1	https://w.soundcloud.com/player/?url=https://api.soundcloud.com/tracks/938812723&show_artwork=true&color=%23ff5500&hide_related=true&show_comments=false&show_user=true&show_reposts=false&show_teaser=false&visual=true
835	8lyd5zt	Swedish House Mafia @ Mainstage, Ultra Music Festival Miami, United States	9.509	21800	16	1.0	27	0.778	soundcloud	0	https://w.soundcloud.com/player/?url=https://api.soundcloud.com/tracks/84042375&show_artwork=true&color=%23ff5500&hide_related=true&show_comments=false&show_user=true&show_reposts=false&show_teaser=false&visual=true
836	7p9q6x9	Steve Angello @ kineticFIELD, EDC Las Vegas, United States	9.503	22000	17	1.0	30	0.767	soundcloud	0	https://w.soundcloud.com/player/?url=https://api.soundcloud.com/tracks/98564303&show_artwork=true&color=%23ff5500&hide_related=true&show_comments=false&show_user=true&show_reposts=false&show_teaser=false&visual=true
837	2up0r9vt	Galantis @ Tecate Light, Tecate Pa'l Norte, Mexico	9.5	368	2	1.0	77	0.597	youtube	1	https://www.youtube.com/watch?v=cNwGAMyZsqA
838	nq2lhp9	Diplo @ Citizens Bank Park Philadelphia, United States	9.496	1200	0	0.875	12	0.583	youtube	1	https://www.youtube.com/watch?v=6IzeLXeKdfo
839	26cb14xk	John Summit - Zeskullz Presents 302	9.495	805	0	1.0	17	0.294	soundcloud	1	https://w.soundcloud.com/player/?url=https://api.soundcloud.com/tracks/1954334723&show_artwork=true&color=%23ff5500&hide_related=true&show_comments=false&show_user=true&show_reposts=false&show_teaser=false&visual=true
840	5s7n9w9	Alesso @ Mainstage, Tomorrowland, Belgium	9.49	47400	29	1.0	33	0.788	youtube	0	https://www.youtube.com/watch?v=UT1Vd53s_fE
841	6l982w9	Zedd @ Lollapalooza United States	9.488	14500	11	0.981	57	0.912	soundcloud	0	https://w.soundcloud.com/player/?url=https://api.soundcloud.com/tracks/183692896&show_artwork=true&color=%23ff5500&hide_related=true&show_comments=false&show_user=true&show_reposts=false&show_teaser=false&visual=true
842	m3p4s9k	it's murph @ Perry's Stage, Lollapalooza United States	9.487	609	2	1.0	27	0.481	youtube	1	https://www.youtube.com/watch?v=scrWRuA4Usw
843	2nywy7h9	Two Friends - 2F Friendly Sessions 049	9.486	1100	0	1.0	18	0.222	soundcloud	1	https://w.soundcloud.com/player/?url=https://api.soundcloud.com/tracks/754397332&show_artwork=true&color=%23ff5500&hide_related=true&show_comments=false&show_user=true&show_reposts=false&show_teaser=false&visual=true
844	1dtkqyjt	Blasterjaxx @ Mainstage, Ultra Music Festival Miami, United States	9.485	67100	56	0.943	38	0.447	soundcloud	0	https://w.soundcloud.com/player/?url=https://api.soundcloud.com/tracks/252851475&show_artwork=true&color=%23ff5500&hide_related=true&show_comments=false&show_user=true&show_reposts=false&show_teaser=false&visual=true
845	249rblqk	Galantis @ The Shrine, Freaky Deaky Texas, United States	9.485	313	2	1.0	56	0.625	youtube	1	https://www.youtube.com/watch?v=l-4gZo2DrOs
846	1bbn92lk	Disco Lines @ Perry's, Lollapalooza United States	9.483	1500	1	0.962	30	0.367	youtube	1	https://www.youtube.com/watch?v=y3PSypp30jY
847	2cv7s11k	John Summit @ ONYX Bangkok, Thailand	9.482	350	1	1.0	14	0.643	youtube	1	https://www.youtube.com/watch?v=ula2iNEkJf0
848	11n7f8y1	KSHMR @ Mainstage, Tomorrowland, Belgium	9.481	30900	39	0.973	39	0.872	youtube	0	https://www.youtube.com/watch?v=exsSSKmRhfc
849	15lzxg8k	FISHER @ Royal Ballroom, Decadence Arizona, United States	9.481	1700	1	0.95	20	0.35	youtube	1	https://www.youtube.com/watch?v=suhjEO5_j9s
850	plpqbpk	Hardwell @ Mainstage, Tomorrowland Weekend 2, Belgium	9.48	79900	70	1.0	66	0.576	youtube	0	https://www.youtube.com/watch?v=UD_Nj0sNmpE
851	1g4qw61k	Galantis @ Mothership, Countdown NYE, NOS Events Center San Bernardino, United S	9.479	462	1	1.0	43	0.581	youtube	1	https://www.youtube.com/watch?v=vWl06ETeG00
852	19f1xx1t	Annie Nightingale & Galantis & Knife Party - Annie Nightingale Show	9.477	717	3	1.0	50	0.16	soundcloud	1	https://w.soundcloud.com/player/?url=https://api.soundcloud.com/tracks/305245170&show_artwork=true&color=%23ff5500&hide_related=true&show_comments=false&show_user=true&show_reposts=false&show_teaser=false&visual=true
853	2spwrvyk	Diplo & Kai Whiston - Diplo & Friends	9.477	1500	3	1.0	45	0.0	soundcloud	1	https://w.soundcloud.com/player/?url=https://api.soundcloud.com/tracks/717070657&show_artwork=true&color=%23ff5500&hide_related=true&show_comments=false&show_user=true&show_reposts=false&show_teaser=false&visual=true
854	24bf9nt	Kygo @ Roundhouse London, United Kingdom	9.476	2500	0	0.889	20	0.4	youtube	1	https://www.youtube.com/watch?v=u7BGuENz610
855	2yl1fxk	David Guetta @ Mainstage, Ultra Music Festival Miami, United States	9.474	94100	65	1.0	44	0.545	youtube	0	https://www.youtube.com/watch?v=SdmpBeLrzys
856	15d131f9	David Guetta @ Mainstage, Ultra Music Festival Miami, Miami Music Week, United S	9.472	40800	40	1.0	55	0.527	soundcloud	0	https://w.soundcloud.com/player/?url=https://api.soundcloud.com/tracks/316392095&show_artwork=true&color=%23ff5500&hide_related=true&show_comments=false&show_user=true&show_reposts=false&show_teaser=false&visual=true
857	fg4cxst	Chris Lake @ elrow, Factory Town, Miami Music Week	9.472	3200	1	0.947	19	0.211	youtube	1	https://www.youtube.com/watch?v=OcdbLk6Fpu0
858	12vu7tck	it's murph @ DoLab Stage, Coachella Festival Weekend 2, United States	9.471	1400	0	0.973	37	0.189	soundcloud	1	https://w.soundcloud.com/player/?url=https://api.soundcloud.com/tracks/1501885771&show_artwork=true&color=%23ff5500&hide_related=true&show_comments=false&show_user=true&show_reposts=false&show_teaser=false&visual=true
859	18gkx9q9	Kygo @ Project Glow, United States	9.471	815	0	1.0	17	0.529	youtube	1	https://www.youtube.com/watch?v=mR7NSm7GJ_E
860	10rjquy1	Two Friends & Just A Gent - 2F Friendly Sessions Ep. 35	9.47	1500	0	1.0	34	0.147	soundcloud	1	https://w.soundcloud.com/player/?url=https://api.soundcloud.com/tracks/346756873&show_artwork=true&color=%23ff5500&hide_related=true&show_comments=false&show_user=true&show_reposts=false&show_teaser=false&visual=true
861	4vrjvut	AFROJACK @ Mainstage, Ultra Music Festival Miami, United States	9.47	34900	17	1.0	30	0.9	youtube	0	https://www.youtube.com/watch?v=SChxua_oHvs
862	x5dw1ht	John Summit - SLAM! MixMarathon	9.467	1300	0	1.0	17	0.176	soundcloud	1	https://w.soundcloud.com/player/?url=https://api.soundcloud.com/tracks/1084263163&show_artwork=true&color=%23ff5500&hide_related=true&show_comments=false&show_user=true&show_reposts=false&show_teaser=false&visual=true
863	2wfgx44k	Diplo @ Ronatronix, United States	9.466	1600	4	1.0	34	0.206	youtube	1	https://www.youtube.com/watch?v=o_Po7iFz_Sk
864	3dyb39t	Tiësto @ Mainstage, Tomorrowland Weekend 2, Belgium	9.466	42600	27	1.0	31	0.806	youtube	0	https://www.youtube.com/watch?v=phslqLOcsW4
865	gdhxzmk	Joel Corry & Imanbek & FISHER + More - 1LIVE DJ Session Parookaville Special	9.464	1100	2	1.0	158	0.342	youtube	1	https://www.youtube.com/watch?v=vBfAZCp5s9Q
866	2l3g21k	AC Slater & Mitch Murder - Diplo & Friends	9.463	2900	0	0.978	46	0.022	soundcloud	1	https://w.soundcloud.com/player/?url=https://api.soundcloud.com/tracks/160672280&show_artwork=true&color=%23ff5500&hide_related=true&show_comments=false&show_user=true&show_reposts=false&show_teaser=false&visual=true
867	185fxvgt	Martin Garrix @ Mainstage, Ultra Music Festival Miami, Miami Music Week, United 	9.462	62900	70	1.0	63	0.619	youtube	0	https://www.youtube.com/watch?v=OUK_TVxwFx0
868	y10d8ft	Diplo & Carnage @ Higher Ground Presents: Transmissions, United States	9.46	3200	3	0.985	65	0.092	youtube	1	https://www.youtube.com/watch?v=fiSQXBr-1gw
869	19hl3ybt	MOGUAI & Tiësto & John Summit + More - 1LIVE DJ Session (Best Of 2024 Part 1)	9.459	1700	0	0.963	53	0.151	soundcloud	1	https://w.soundcloud.com/player/?url=https://api.soundcloud.com/tracks/1981315663&show_artwork=true&color=%23ff5500&hide_related=true&show_comments=false&show_user=true&show_reposts=false&show_teaser=false&visual=true
870	gh5ksgt	Diplo @ Ritvales Festival, Medellin, Colombia	9.459	1500	2	0.808	56	0.214	soundcloud	1	https://w.soundcloud.com/player/?url=https://api.soundcloud.com/tracks/1964032055&show_artwork=true&color=%23ff5500&hide_related=true&show_comments=false&show_user=true&show_reposts=false&show_teaser=false&visual=true
871	1h2p2r71	Disco Lines - John Summit's Experts Only Radio 022	9.455	1600	1	0.95	20	0.1	soundcloud	1	https://w.soundcloud.com/player/?url=https://api.soundcloud.com/tracks/2019900013&show_artwork=true&color=%23ff5500&hide_related=true&show_comments=false&show_user=true&show_reposts=false&show_teaser=false&visual=true
872	1q3w5xk1	Alesso @ Mainstage, Tomorrowland, Belgium	9.451	39000	27	1.0	33	0.818	youtube	0	https://www.youtube.com/watch?v=OvSoTT0NIio
873	4rjfj5t	Martin Garrix @ Sziget Festival, Hungary	9.45	67300	45	1.0	93	0.645	youtube	0	https://www.youtube.com/watch?v=AJRWr7-pfiQ
874	jx9xs81	Afrojack @ Mainstage, Ultra Music Festival Miami, Miami Music Week, United State	9.449	40800	33	1.0	97	0.536	soundcloud	0	https://w.soundcloud.com/player/?url=https://api.soundcloud.com/tracks/421348803&show_artwork=true&color=%23ff5500&hide_related=true&show_comments=false&show_user=true&show_reposts=false&show_teaser=false&visual=true
875	2kgdyumt	Chris Lake @ Omnia Nightclub Las Vegas, United States	9.441	1700	4	0.895	21	0.286	youtube	1	https://www.youtube.com/watch?v=87j_uykF1F4
876	58r88u9	Martin Garrix @ Amsterdam Music Festival, Amsterdam Dance Event, Netherlands	9.441	61400	29	1.0	58	0.707	youtube	0	https://www.youtube.com/watch?v=pFscrs6qmDY
877	spp904k	Martin Garrix @ Mainstage, Ultra Music Festival Miami, United States	9.439	78300	136	1.0	43	0.488	youtube	0	https://www.youtube.com/watch?v=-OSs746YI90
878	1pg3g6nk	The Chainsmokers & Disco Lines - Nice Hair 095	9.438	998	2	1.0	20	0.1	soundcloud	1	https://w.soundcloud.com/player/?url=https://api.soundcloud.com/tracks/1296644266&show_artwork=true&color=%23ff5500&hide_related=true&show_comments=false&show_user=true&show_reposts=false&show_teaser=false&visual=true
879	6hftz4k	Steve Angello @ Ultra Music Festival Japan	9.438	24700	20	1.0	26	0.692	soundcloud	0	https://w.soundcloud.com/player/?url=https://api.soundcloud.com/tracks/169577978&show_artwork=true&color=%23ff5500&hide_related=true&show_comments=false&show_user=true&show_reposts=false&show_teaser=false&visual=true
880	6p7hnxt	Armin van Buuren @ Mainstage, Tomorrowland, Belgium	9.436	58900	33	1.0	40	0.7	youtube	0	https://www.youtube.com/watch?v=vgmZaXt949I
881	6s51wck	Blasterjaxx @ kineticFIELD, EDC Las Vegas, United States	9.434	64300	26	0.964	57	0.491	soundcloud	0	https://w.soundcloud.com/player/?url=https://api.soundcloud.com/tracks/155839182&show_artwork=true&color=%23ff5500&hide_related=true&show_comments=false&show_user=true&show_reposts=false&show_teaser=false&visual=true
882	1wx68wrt	Subtronics & John Summit @ Prehistoric Evolution, Lost Lands Festival Pre-Party,	9.433	1700	2	0.938	34	0.294	youtube	1	https://www.youtube.com/watch?v=KUg-0ra2rKU
883	3j7vcl9	Martin Garrix @ Experience NYE, Pier 36 New York, United States	9.431	31600	17	0.987	140	0.664	soundcloud	0	https://w.soundcloud.com/player/?url=https://api.soundcloud.com/tracks/190018004&show_artwork=true&color=%23ff5500&hide_related=true&show_comments=false&show_user=true&show_reposts=false&show_teaser=false&visual=true
884	234l8r1	Hardwell @ kineticFIELD, EDC Las Vegas, United States	9.422	57200	49	1.0	73	0.658	youtube	0	https://www.youtube.com/watch?v=e98QF3wQunQ
885	2ffu540t	Oliver Heldens @ Mainstage, Tomorrowland Weekend 1, Belgium	9.422	46700	28	1.0	46	0.761	youtube	0	https://www.youtube.com/watch?v=fkYIAdJvP5Q
886	100sxp11	Subtronics & John Summit @ EVOL Afters, Electric Forest Festival, United States	9.421	3500	2	0.828	58	0.241	youtube	1	https://www.youtube.com/watch?v=MG0MHBlUOJM
887	28rsf9q9	Kygo & Gryffin & Fakear & Tycho & Rabbit In The Moon - UMF Radio 366	9.421	1800	0	0.6	29	0.483	soundcloud	1	https://w.soundcloud.com/player/?url=https://api.soundcloud.com/tracks/254813618&show_artwork=true&color=%23ff5500&hide_related=true&show_comments=false&show_user=true&show_reposts=false&show_teaser=false&visual=true
888	2dhxhn61	Marshmello @ kineticFIELD, EDC Las Vegas, United States	9.421	18300	11	1.0	126	0.81	soundcloud	0	https://w.soundcloud.com/player/?url=https://api.soundcloud.com/tracks/329559133&show_artwork=true&color=%23ff5500&hide_related=true&show_comments=false&show_user=true&show_reposts=false&show_teaser=false&visual=true
889	23hhz6qk	Diplo @ New York Fashion Week, The William Vale Brooklyn, United States	9.42	2400	3	0.781	34	0.088	soundcloud	1	https://w.soundcloud.com/player/?url=https://api.soundcloud.com/tracks/1613954985&show_artwork=true&color=%23ff5500&hide_related=true&show_comments=false&show_user=true&show_reposts=false&show_teaser=false&visual=true
890	g22nqkk	David Guetta @ Mainstage, Ultra Music Festival Miami, United States	9.419	56200	46	1.0	42	0.667	youtube	0	https://www.youtube.com/watch?v=eVCfp8WuAA0
891	1jpd2w9	Hardwell - Hardwell On Air 127	9.416	33500	17	1.0	19	0.632	soundcloud	0	https://w.soundcloud.com/player/?url=https://api.soundcloud.com/tracks/103828635&show_artwork=true&color=%23ff5500&hide_related=true&show_comments=false&show_user=true&show_reposts=false&show_teaser=false&visual=true
892	1kv67509	MOGUAI & John Summit & MARTEN HØRGER - 1LIVE DJ Session	9.416	776	2	0.971	52	0.173	soundcloud	1	https://w.soundcloud.com/player/?url=https://api.soundcloud.com/tracks/1906308668&show_artwork=true&color=%23ff5500&hide_related=true&show_comments=false&show_user=true&show_reposts=false&show_teaser=false&visual=true
893	2qvfzjst	Oliver Heldens @ DJ Mag Top 100 DJs Virtual Festival	9.416	24600	31	1.0	22	0.636	soundcloud	0	https://w.soundcloud.com/player/?url=https://api.soundcloud.com/tracks/890007130&show_artwork=true&color=%23ff5500&hide_related=true&show_comments=false&show_user=true&show_reposts=false&show_teaser=false&visual=true
894	1u00hp5t	John Summit @ Live From The Cube	9.415	1500	2	0.938	16	0.312	youtube	1	https://www.youtube.com/watch?v=taS7Edl4PKg
895	22f6l9ht	RÜFÜS DU SOL - Rose Ave Radio 012	9.415	1500	2	1.0	11	0.0	soundcloud	1	https://w.soundcloud.com/player/?url=https://api.soundcloud.com/tracks/1056091783&show_artwork=true&color=%23ff5500&hide_related=true&show_comments=false&show_user=true&show_reposts=false&show_teaser=false&visual=true
896	kwynltt	Durante & Dombresky - Diplo & Friends	9.412	2200	0	1.0	29	0.034	soundcloud	1	https://w.soundcloud.com/player/?url=https://api.soundcloud.com/tracks/726341602&show_artwork=true&color=%23ff5500&hide_related=true&show_comments=false&show_user=true&show_reposts=false&show_teaser=false&visual=true
897	11snds41	Diplo @ Democratic National Convention After Party, United States	9.411	1400	2	1.0	19	0.263	youtube	1	https://www.youtube.com/watch?v=O7uplqYWDh0
898	1ktp0cgk	FISHER @ neonGARDEN, EDC Orlando, United States	9.411	2800	4	0.743	35	0.314	youtube	1	https://www.youtube.com/watch?v=UsxZWLVK7VI
899	74cg4b1	Armin van Buuren @ Slaughterhouse Stage, Escape All Hallow's Eve, NOS Events Cen	9.411	10800	7	1.0	27	0.963	soundcloud	0	https://w.soundcloud.com/player/?url=https://api.soundcloud.com/tracks/175077236&show_artwork=true&color=%23ff5500&hide_related=true&show_comments=false&show_user=true&show_reposts=false&show_teaser=false&visual=true
900	2ckgydgk	Axwell @ Mainstage, Ultra Music Festival Singapore	9.41	24600	29	1.0	100	0.64	soundcloud	0	https://w.soundcloud.com/player/?url=https://api.soundcloud.com/tracks/287516310&show_artwork=true&color=%23ff5500&hide_related=true&show_comments=false&show_user=true&show_reposts=false&show_teaser=false&visual=true
901	8hyyh7t	Armin van Buuren @ Mainstage, Ultra Music Festival Miami, United States	9.41	51400	32	1.0	25	0.72	youtube	0	https://www.youtube.com/watch?v=Uibm_RQfZ-M
902	uds7ukt	Two Friends - 2F Friendly Sessions 074	9.407	501	0	1.0	17	0.353	soundcloud	1	https://w.soundcloud.com/player/?url=https://api.soundcloud.com/tracks/1168847881&show_artwork=true&color=%23ff5500&hide_related=true&show_comments=false&show_user=true&show_reposts=false&show_teaser=false&visual=true
903	1yxvt0mt	John Summit - Experts Only Radio 029	9.406	1800	1	1.0	17	0.0	soundcloud	1	https://w.soundcloud.com/player/?url=https://api.soundcloud.com/tracks/2090687421&show_artwork=true&color=%23ff5500&hide_related=true&show_comments=false&show_user=true&show_reposts=false&show_teaser=false&visual=true
904	3xnzk89	Boy 8-Bit & Diplo & Ezra Koenig - Diplo & Friends	9.406	1800	1	1.0	50	0.0	soundcloud	1	https://w.soundcloud.com/player/?url=https://api.soundcloud.com/tracks/55367115&show_artwork=true&color=%23ff5500&hide_related=true&show_comments=false&show_user=true&show_reposts=false&show_teaser=false&visual=true
905	32lr5k	Axwell @ LIV Miami, United States	9.404	14600	13	1.0	60	0.833	soundcloud	0	https://w.soundcloud.com/player/?url=https://api.soundcloud.com/tracks/9437809&show_artwork=true&color=%23ff5500&hide_related=true&show_comments=false&show_user=true&show_reposts=false&show_teaser=false&visual=true
906	nnjq8l1	Nicky Romero @ Mainstage, Ultra Music Festival Miami, Miami Music Week, United S	9.404	31100	41	1.0	60	0.55	soundcloud	0	https://w.soundcloud.com/player/?url=https://api.soundcloud.com/tracks/420469464&show_artwork=true&color=%23ff5500&hide_related=true&show_comments=false&show_user=true&show_reposts=false&show_teaser=false&visual=true
907	2y5x631	Alesso @ Ultra Music Festival, Japan	9.402	41700	29	1.0	35	0.771	youtube	0	https://www.youtube.com/watch?v=X-aqVBbNOog
908	6ywvktt	DJ Snake @ kineticFIELD, EDC Las Vegas, United States	9.398	18200	9	0.983	67	0.836	soundcloud	0	https://w.soundcloud.com/player/?url=https://api.soundcloud.com/tracks/231857370&show_artwork=true&color=%23ff5500&hide_related=true&show_comments=false&show_user=true&show_reposts=false&show_teaser=false&visual=true
909	2xdybmt	Steve Angello @ Creamfields, United Kingdom	9.396	33300	22	1.0	52	0.846	youtube	0	https://www.youtube.com/watch?v=-rFkMOHCk1c
910	1wv5pdlt	John Summit - Dancing In The Dark 015	9.395	1100	0	1.0	17	0.176	soundcloud	1	https://w.soundcloud.com/player/?url=https://api.soundcloud.com/tracks/1140589966&show_artwork=true&color=%23ff5500&hide_related=true&show_comments=false&show_user=true&show_reposts=false&show_teaser=false&visual=true
911	4182ydt	Armin van Buuren @ Amsterdam Music Festival, Amsterdam Dance Event, Netherlands	9.392	25600	20	0.941	25	0.72	soundcloud	0	https://w.soundcloud.com/player/?url=https://api.soundcloud.com/tracks/117816100&show_artwork=true&color=%23ff5500&hide_related=true&show_comments=false&show_user=true&show_reposts=false&show_teaser=false&visual=true
912	52bx5v1	Hardwell @ Hardwell On Air 161 (UMF Miami 2014-03-30)	9.391	22300	8	1.0	46	0.783	soundcloud	0	https://w.soundcloud.com/player/?url=https://api.soundcloud.com/tracks/143083872&show_artwork=true&color=%23ff5500&hide_related=true&show_comments=false&show_user=true&show_reposts=false&show_teaser=false&visual=true
913	hcglz9	Avicii @ kineticFIELD, EDC Las Vegas, United States	9.391	21500	6	1.0	22	0.818	soundcloud	0	https://w.soundcloud.com/player/?url=https://api.soundcloud.com/tracks/23868577&show_artwork=true&color=%23ff5500&hide_related=true&show_comments=false&show_user=true&show_reposts=false&show_teaser=false&visual=true
914	5hjdqft	DJ Snake @ Amsterdam Music Festival, Amsterdam Dance Event, Netherlands	9.39	30200	18	0.982	62	0.903	youtube	0	https://www.youtube.com/watch?v=5qIoh6lI2C4
915	6hq1cv9	Diplo - Blow Your Head	9.39	420	1	1.0	26	0.308	soundcloud	1	https://w.soundcloud.com/player/?url=https://api.soundcloud.com/tracks/19366046&show_artwork=true&color=%23ff5500&hide_related=true&show_comments=false&show_user=true&show_reposts=false&show_teaser=false&visual=true
916	16bx1jj1	Armin van Buuren @ circuitGROUNDS, EDC Las Vegas, United States	9.386	20600	35	1.0	51	0.647	soundcloud	0	https://w.soundcloud.com/player/?url=https://api.soundcloud.com/tracks/446640579&show_artwork=true&color=%23ff5500&hide_related=true&show_comments=false&show_user=true&show_reposts=false&show_teaser=false&visual=true
917	1ncyq34t	Diplo @ Coronight Fever #1, United States	9.386	2300	2	1.0	21	0.143	youtube	1	https://www.youtube.com/watch?v=yRUqSxzjIK0
918	1ljctlwt	Diplo @ The Thomas Wesley Show, United States	9.383	1600	2	1.0	50	0.22	youtube	1	https://www.youtube.com/watch?v=eKxu53TebqM
919	mrsgs9	Swedish House Mafia @ kineticFIELD, EDC Los Angeles, United States	9.379	47000	13	1.0	60	0.567	soundcloud	0	https://w.soundcloud.com/player/?url=https://api.soundcloud.com/tracks/3708355&show_artwork=true&color=%23ff5500&hide_related=true&show_comments=false&show_user=true&show_reposts=false&show_teaser=false&visual=true
920	22774rx9	Valentino Khan @ cosmicMEADOW, EDC Las Vegas, United States	9.378	18900	16	0.986	74	0.757	soundcloud	0	https://w.soundcloud.com/player/?url=https://api.soundcloud.com/tracks/270238976&show_artwork=true&color=%23ff5500&hide_related=true&show_comments=false&show_user=true&show_reposts=false&show_teaser=false&visual=true
921	2qruucz1	Armin van Buuren @ Mainstage, Tomorrowland Weekend 1, Belgium	9.376	55600	47	1.0	31	0.645	youtube	0	https://www.youtube.com/watch?v=qkIvs6Z-5Ms
922	57u15z1	Afrojack @ kineticFIELD, EDC Las Vegas, United States	9.375	14900	7	1.0	24	0.875	soundcloud	0	https://w.soundcloud.com/player/?url=https://api.soundcloud.com/tracks/98062355&show_artwork=true&color=%23ff5500&hide_related=true&show_comments=false&show_user=true&show_reposts=false&show_teaser=false&visual=true
923	9vntzg9	Kygo @ Red Stage, Sunrise Festival Poland	9.374	496	3	0.949	47	0.489	youtube	1	https://www.youtube.com/watch?v=TLbS2jxLikQ
924	g6c9zvk	Two Friends - 2F Friendly Sessions 054	9.371	844	0	1.0	18	0.222	soundcloud	1	https://w.soundcloud.com/player/?url=https://api.soundcloud.com/tracks/823361941&show_artwork=true&color=%23ff5500&hide_related=true&show_comments=false&show_user=true&show_reposts=false&show_teaser=false&visual=true
925	7wy4u51	Hardwell @ Mainstage, TomorrowWorld, United States	9.368	32300	25	1.0	66	0.576	soundcloud	0	https://w.soundcloud.com/player/?url=https://api.soundcloud.com/tracks/225780419&show_artwork=true&color=%23ff5500&hide_related=true&show_comments=false&show_user=true&show_reposts=false&show_teaser=false&visual=true
926	1luxdbdt	John Summit - Experts Only Radio 035	9.365	1300	1	1.0	20	0.05	soundcloud	1	https://w.soundcloud.com/player/?url=https://api.soundcloud.com/tracks/2138621640&show_artwork=true&color=%23ff5500&hide_related=true&show_comments=false&show_user=true&show_reposts=false&show_teaser=false&visual=true
927	3236f0k	Two Friends & Lash - 2F Friendly Sessions Ep. 20	9.364	1300	0	0.917	24	0.208	soundcloud	1	https://w.soundcloud.com/player/?url=https://api.soundcloud.com/tracks/233662357&show_artwork=true&color=%23ff5500&hide_related=true&show_comments=false&show_user=true&show_reposts=false&show_teaser=false&visual=true
928	1r772sk	R3HAB @ circuitGROUNDS, EDC Las Vegas, United States	9.361	16600	8	0.971	36	0.861	soundcloud	0	https://w.soundcloud.com/player/?url=https://api.soundcloud.com/tracks/155830632&show_artwork=true&color=%23ff5500&hide_related=true&show_comments=false&show_user=true&show_reposts=false&show_teaser=false&visual=true
929	5k56lm9	Nicky Romero @ Ultra Music Festival Argentina	9.359	16600	5	1.0	80	0.875	soundcloud	0	https://w.soundcloud.com/player/?url=https://api.soundcloud.com/tracks/113542322&show_artwork=true&color=%23ff5500&hide_related=true&show_comments=false&show_user=true&show_reposts=false&show_teaser=false&visual=true
930	276k2q1k	John Summit - Zeskullz Presents 235	9.357	538	0	1.0	16	0.312	soundcloud	1	https://w.soundcloud.com/player/?url=https://api.soundcloud.com/tracks/1568309038&show_artwork=true&color=%23ff5500&hide_related=true&show_comments=false&show_user=true&show_reposts=false&show_teaser=false&visual=true
931	103wlj1	Avicii @ Mawazine Festival Rabat, Morocco	9.355	15400	17	1.0	87	0.77	soundcloud	0	https://w.soundcloud.com/player/?url=https://api.soundcloud.com/tracks/619453086&show_artwork=true&color=%23ff5500&hide_related=true&show_comments=false&show_user=true&show_reposts=false&show_teaser=false&visual=true
932	54nyxw1	Swedish House Mafia @ Madison Square Garden New York, United States	9.351	19300	19	1.0	65	0.708	soundcloud	0	https://w.soundcloud.com/player/?url=https://api.soundcloud.com/tracks/56844254&show_artwork=true&color=%23ff5500&hide_related=true&show_comments=false&show_user=true&show_reposts=false&show_teaser=false&visual=true
933	12l437fk	Hardwell @ I Am Hardwell #UnitedWeAre, Hockenheimring, Germany	9.35	38800	102	1.0	161	0.627	youtube	0	https://www.youtube.com/watch?v=FFhCMLXiWzk
934	15kvh41	Tiësto @ Mainstage, TomorrowWorld, United States	9.349	20200	38	0.957	69	0.667	soundcloud	0	https://w.soundcloud.com/player/?url=https://api.soundcloud.com/tracks/169563742&show_artwork=true&color=%23ff5500&hide_related=true&show_comments=false&show_user=true&show_reposts=false&show_teaser=false&visual=true
935	1yymzgv1	Two Friends @ Marquee Skydeck, Edge New York City, United States	9.348	294	1	0.966	176	0.648	youtube	1	https://www.youtube.com/watch?v=NzONElkCQK0
936	3zgjs6k	KSHMR - Welcome to KSHMR Vol. 5	9.348	17700	26	1.0	26	0.692	soundcloud	0	https://w.soundcloud.com/player/?url=https://api.soundcloud.com/tracks/205893032&show_artwork=true&color=%23ff5500&hide_related=true&show_comments=false&show_user=true&show_reposts=false&show_teaser=false&visual=true
937	27yg9bb1	Diplo @ Higher Ground, Fortnite Party Royale	9.346	1700	0	1.0	13	0.308	youtube	1	https://www.youtube.com/watch?v=3bQvzVtnXm4
938	11z9fyjk	John Summit @ DAER Dayclub, United States	9.344	2200	3	0.8	10	0.3	youtube	1	https://www.youtube.com/watch?v=_kn_uulWh20
939	14k761b9	Armin van Buuren @ Mainstage, A State Of Trance Festival 950, Jaarbeurs Utrecht,	9.344	28500	24	1.0	42	0.595	soundcloud	0	https://w.soundcloud.com/player/?url=https://api.soundcloud.com/tracks/761388418&show_artwork=true&color=%23ff5500&hide_related=true&show_comments=false&show_user=true&show_reposts=false&show_teaser=false&visual=true
940	234u10b1	KSHMR @ Worldwide Stage, Ultra Music Festival Miami, United States	9.343	18400	20	1.0	24	0.958	youtube	0	https://www.youtube.com/watch?v=QfG6EblmUHM
941	8fk4pf9	Armin van Buuren @ Mainstage, A State Of Trance 650 New Horizons, Jaarbeurs Utre	9.34	26000	16	1.0	21	0.905	youtube	0	https://www.youtube.com/watch?v=XpHOmw2mlRg
942	13hp8myt	JAUZ @ cosmicMEADOW, EDC New York, United States	9.339	13600	14	0.986	79	0.823	soundcloud	0	https://w.soundcloud.com/player/?url=https://api.soundcloud.com/tracks/264510822&show_artwork=true&color=%23ff5500&hide_related=true&show_comments=false&show_user=true&show_reposts=false&show_teaser=false&visual=true
943	11rm4r9k	Diplo @ Elecronic Aid, Finns Beach Club Bali, Indonesia	9.332	809	0	1.0	13	0.462	youtube	1	https://www.youtube.com/watch?v=XWse5WlKjrY
944	2nfd1yt	AFROJACK @ Jacked Stage, Tomorrowland, Belgium	9.33	29100	14	1.0	27	0.889	youtube	0	https://www.youtube.com/watch?v=jjbBy-cxs5M
945	3q209nk	Armin van Buuren @ Amsterdam Music Festival, Amsterdam Dance Event, Netherlands	9.33	20700	18	1.0	16	0.938	youtube	0	https://www.youtube.com/watch?v=BmzuCN_88PU
946	7d8zq39	Hardwell - Hardwell On Air 114 (I AM HARDWELL Special)	9.33	20400	10	1.0	56	0.75	soundcloud	0	https://w.soundcloud.com/player/?url=https://api.soundcloud.com/tracks/90587154&show_artwork=true&color=%23ff5500&hide_related=true&show_comments=false&show_user=true&show_reposts=false&show_teaser=false&visual=true
947	7urpyw9	Diplo - Blow Your Head 10	9.33	1200	0	1.0	24	0.125	soundcloud	1	https://w.soundcloud.com/player/?url=https://api.soundcloud.com/tracks/40387211&show_artwork=true&color=%23ff5500&hide_related=true&show_comments=false&show_user=true&show_reposts=false&show_teaser=false&visual=true
948	2whw9v0t	RÜFÜS DU SOL - Rose Ave Radio 013	9.327	1500	1	1.0	14	0.0	soundcloud	1	https://w.soundcloud.com/player/?url=https://api.soundcloud.com/tracks/1078530199&show_artwork=true&color=%23ff5500&hide_related=true&show_comments=false&show_user=true&show_reposts=false&show_teaser=false&visual=true
949	2uvr2c41	RÜFÜS DU SOL @ Estereo Picnic Bogota, Colombia	9.324	1100	1	1.0	19	0.316	youtube	1	https://www.youtube.com/watch?v=SL_NcPgHSzk
950	1g35qxb9	Diplo @ teamLab Planets Tokyo, Japan	9.322	2000	10	0.857	21	0.143	youtube	1	https://www.youtube.com/watch?v=yhG-HdQ6P7Y
951	1fxtyrdk	ILLENIUM @ Trilogy, Allegiant Stadium Las Vegas, United States	9.321	12900	24	0.992	165	0.764	soundcloud	0	https://w.soundcloud.com/player/?url=https://api.soundcloud.com/tracks/1081304503&show_artwork=true&color=%23ff5500&hide_related=true&show_comments=false&show_user=true&show_reposts=false&show_teaser=false&visual=true
952	w7bn9kt	Dennis Ruyer & Chris Lake & Riva Starr - Dance Department 813	9.318	1600	2	0.938	16	0.0	soundcloud	1	https://w.soundcloud.com/player/?url=https://api.soundcloud.com/tracks/1056210340&show_artwork=true&color=%23ff5500&hide_related=true&show_comments=false&show_user=true&show_reposts=false&show_teaser=false&visual=true
953	2dwstdy9	Diplo @ S2O Songkran Music Festival Thailand	9.317	1100	1	1.0	32	0.312	youtube	1	https://www.youtube.com/watch?v=UX2p9_R8XfU
954	sd1vbh9	Timmy Trumpet @ Mainstage, Tomorrowland Weekend 1, Belgium	9.316	41300	23	0.985	74	0.77	youtube	0	https://www.youtube.com/watch?v=ExxIEtD3pcI
955	1fwsr389	Two Friends - 2F Friendly Sessions 064	9.315	916	0	1.0	17	0.176	soundcloud	1	https://w.soundcloud.com/player/?url=https://api.soundcloud.com/tracks/965076211&show_artwork=true&color=%23ff5500&hide_related=true&show_comments=false&show_user=true&show_reposts=false&show_teaser=false&visual=true
956	4g8wm2t	Armin van Buuren @ A State Of Trance Festival 700, Mandarine Park Buenos Aires, 	9.315	16800	23	1.0	40	0.7	soundcloud	0	https://w.soundcloud.com/player/?url=https://api.soundcloud.com/tracks/200420574&show_artwork=true&color=%23ff5500&hide_related=true&show_comments=false&show_user=true&show_reposts=false&show_teaser=false&visual=true
957	hyc0lwk	Steve Angello & Dimitri Vegas & Like Mike @ Bringing Home The Madness, Sportpale	9.314	12300	9	1.0	29	0.862	soundcloud	0	https://w.soundcloud.com/player/?url=https://api.soundcloud.com/tracks/307541153&show_artwork=true&color=%23ff5500&hide_related=true&show_comments=false&show_user=true&show_reposts=false&show_teaser=false&visual=true
958	1czyv8y9	Diplo & Dillon Francis @ Official Corona Afterparty, Taco Tuesday Moombahton #6,	9.311	3200	1	0.909	89	0.169	youtube	1	https://www.youtube.com/watch?v=09UqkgiGmPo
959	93rmyqt	Dimitri Vegas & Like Mike @ Amsterdam Music Festival, Amsterdam Dance Event, Net	9.31	49800	42	1.0	71	0.648	youtube	0	https://www.youtube.com/watch?v=Dp4_-GwZNW0
960	2mybtt2t	Dillon Francis @ kineticFIELD, EDC Las Vegas, United States	9.306	40600	15	0.987	98	0.561	soundcloud	0	https://w.soundcloud.com/player/?url=https://api.soundcloud.com/tracks/329117866&show_artwork=true&color=%23ff5500&hide_related=true&show_comments=false&show_user=true&show_reposts=false&show_teaser=false&visual=true
961	58z5l99	Hardwell @ Ultra Music Festival South Africa	9.306	17500	21	1.0	46	0.696	soundcloud	0	https://w.soundcloud.com/player/?url=https://api.soundcloud.com/tracks/199643787&show_artwork=true&color=%23ff5500&hide_related=true&show_comments=false&show_user=true&show_reposts=false&show_teaser=false&visual=true
962	1mshwxt	Tiësto @ Heineken Starclub, Ziggo Dome, Amsterdam Dance Event, Netherlands	9.305	55000	55	1.0	89	0.596	youtube	0	https://www.youtube.com/watch?v=tQ9fGxXthM4
963	2b407bp9	Diplo @ The Ventura County Fair, United States	9.305	1100	3	0.929	43	0.302	youtube	1	https://www.youtube.com/watch?v=Yd5qTDLkrkg
964	194lzylk	Diplo @ Camp Question Mark, Burning Man Part 2, United States	9.304	406	0	1.0	72	0.597	youtube	1	https://www.youtube.com/watch?v=eui6xWkgpUg
965	1pkkb6ck	Armin van Buuren @ Mainstage, Ultra Music Festival Miami, United States	9.304	47500	92	1.0	28	0.571	youtube	0	https://www.youtube.com/watch?v=gnyvzMfADm4
966	2tsjt6r1	John Summit @ The Canopy Club, United States	9.304	427	1	0.913	23	0.348	soundcloud	1	https://w.soundcloud.com/player/?url=https://api.soundcloud.com/tracks/286871516&show_artwork=true&color=%23ff5500&hide_related=true&show_comments=false&show_user=true&show_reposts=false&show_teaser=false&visual=true
967	2wbcpusk	Armin van Buuren @ Mainstage, Ultra Music Festival Miami, Miami Music Week, Unit	9.304	42700	47	1.0	33	0.667	youtube	0	https://www.youtube.com/watch?v=cLcKew4cQq4
968	2bvkvq9k	FISHER @ In The Park San Diego, United States	9.3	1900	1	0.778	27	0.407	youtube	1	https://www.youtube.com/watch?v=fdCwTq8UZvw
969	14uj9lk1	MOGUAI & FISHER & LOVRA - 1LIVE DJ Session	9.296	1100	1	1.0	58	0.052	soundcloud	1	https://w.soundcloud.com/player/?url=https://api.soundcloud.com/tracks/1996664191&show_artwork=true&color=%23ff5500&hide_related=true&show_comments=false&show_user=true&show_reposts=false&show_teaser=false&visual=true
970	33jq51	Swedish House Mafia @ Masquerade Motel Miami The One Night Stand, Miami Music We	9.296	26500	9	1.0	51	0.686	soundcloud	0	https://w.soundcloud.com/player/?url=https://api.soundcloud.com/tracks/14842631&show_artwork=true&color=%23ff5500&hide_related=true&show_comments=false&show_user=true&show_reposts=false&show_teaser=false&visual=true
971	mr1dtzt	Tchami & Malaa @ STMPD RCRDS Stage, Tomorrowland Weekend 1, Belgium	9.295	13500	15	1.0	32	0.781	soundcloud	0	https://w.soundcloud.com/player/?url=https://api.soundcloud.com/tracks/476066667&show_artwork=true&color=%23ff5500&hide_related=true&show_comments=false&show_user=true&show_reposts=false&show_teaser=false&visual=true
972	1mnxq0r1	Armin van Buuren @ Ushuaïa Ibiza, Spain	9.294	45600	75	1.0	77	0.597	youtube	0	https://www.youtube.com/watch?v=l-TUrm26VzQ
973	2cwzd6vt	Dillon Francis & Ship Wrek @ Diplo's Honkytonk, Stagecoach Festival, United Stat	9.294	1500	1	0.938	54	0.296	youtube	1	https://www.youtube.com/watch?v=ey_eTxzd06g
974	1u84hbpk	Diplo @ Stage 1, Forever Midnight, Los Angeles Convention Center, United States	9.293	1100	2	1.0	39	0.256	youtube	1	https://www.youtube.com/watch?v=LtewlaUSLIw
975	qkn0dqk	DJ Snake @ Mainstage, Tomorrowland Weekend 2, Belgium	9.293	25200	16	0.984	73	0.904	youtube	0	https://www.youtube.com/watch?v=LhM9bM_xxA0
976	25b8xlk	Calvin Harris @ Ultra Music Festival Miami, United States	9.292	28100	21	1.0	29	0.586	soundcloud	0	https://w.soundcloud.com/player/?url=https://api.soundcloud.com/tracks/84758830&show_artwork=true&color=%23ff5500&hide_related=true&show_comments=false&show_user=true&show_reposts=false&show_teaser=false&visual=true
977	jx0qqv1	Hardwell @ World's Biggest Guestlist, D.Y. Patil Stadium, Mumbai, India	9.29	42700	59	1.0	96	0.635	youtube	0	https://www.youtube.com/watch?v=8Q4aAzFZ7dM
978	nmlujlk	Sam Feldt @ Mainstage, Ultra Music Festival Miami, Miami Music Week, United Stat	9.29	21300	27	1.0	61	0.869	youtube	0	https://www.youtube.com/watch?v=TfO1WTIXYLs
979	1d3jkmqk	Diplo @ NOTO Philadelphia, United States	9.289	854	0	1.0	21	0.429	youtube	1	https://www.youtube.com/watch?v=4bVDnLAoPmM
980	1rzdlvw9	JAUZ @ kineticFIELD, EDC Las Vegas, United States	9.288	18300	12	0.984	72	0.75	soundcloud	0	https://w.soundcloud.com/player/?url=https://api.soundcloud.com/tracks/269931133&show_artwork=true&color=%23ff5500&hide_related=true&show_comments=false&show_user=true&show_reposts=false&show_teaser=false&visual=true
981	7mqsu99	AFROJACK @ The Flying Dutch, Ahoy Rotterdam, Netherlands	9.288	33700	13	1.0	64	0.594	soundcloud	0	https://w.soundcloud.com/player/?url=https://api.soundcloud.com/tracks/208579201&show_artwork=true&color=%23ff5500&hide_related=true&show_comments=false&show_user=true&show_reposts=false&show_teaser=false&visual=true
982	1u9mht9	Steve Angello @ BBC Radio 1 Essential Mix (Privilege Ibiza, Spain)	9.287	19600	22	1.0	35	0.657	soundcloud	0	https://w.soundcloud.com/player/?url=https://api.soundcloud.com/tracks/161507419&show_artwork=true&color=%23ff5500&hide_related=true&show_comments=false&show_user=true&show_reposts=false&show_teaser=false&visual=true
983	252n9bm1	Armin van Buuren @ Mainstage, Untold Festival, Romania	9.287	48700	62	1.0	185	0.6	youtube	0	https://www.youtube.com/watch?v=9776a3VAALY
984	2dskk60k	Chris Lake @ circuitGROUNDS, EDC Mexico	9.287	3300	1	0.824	17	0.235	youtube	1	https://www.youtube.com/watch?v=x4jIo84fR3g
985	4cmc2j1	Annie Mac & Nero & Diplo - Annie Mac Radio Show	9.287	2200	0	0.972	36	0.25	youtube	1	https://www.youtube.com/watch?v=7_dXYk8jy5s
986	1zuy0tyk	Diplo @ Pacha Ibiza, Spain	9.285	1300	5	0.953	48	0.188	youtube	1	https://www.youtube.com/watch?v=zs8MXlqonIA
987	2l29pjv9	Two Friends & Party Pupils - 2F Friendly Sessions Ep. 29	9.279	1900	0	0.923	26	0.077	soundcloud	1	https://w.soundcloud.com/player/?url=https://api.soundcloud.com/tracks/297912201&show_artwork=true&color=%23ff5500&hide_related=true&show_comments=false&show_user=true&show_reposts=false&show_teaser=false&visual=true
988	2pznsxwt	Two Friends - 2F Friendly Sessions 072	9.278	622	1	1.0	18	0.167	soundcloud	1	https://w.soundcloud.com/player/?url=https://api.soundcloud.com/tracks/1120654345&show_artwork=true&color=%23ff5500&hide_related=true&show_comments=false&show_user=true&show_reposts=false&show_teaser=false&visual=true
989	1jlrkd2k	Martin Garrix @ circuitGROUNDS, EDC Las Vegas, United States	9.275	22600	21	1.0	80	0.625	soundcloud	0	https://w.soundcloud.com/player/?url=https://api.soundcloud.com/tracks/528306624&show_artwork=true&color=%23ff5500&hide_related=true&show_comments=false&show_user=true&show_reposts=false&show_teaser=false&visual=true
990	bgmujf1	Tiësto - Club Life 665 (Most Supported Tracks Of 2019)	9.271	6000	13	1.0	25	0.96	soundcloud	0	https://w.soundcloud.com/player/?url=https://api.soundcloud.com/tracks/737497837&show_artwork=true&color=%23ff5500&hide_related=true&show_comments=false&show_user=true&show_reposts=false&show_teaser=false&visual=true
991	yxhumpk	Armin van Buuren @ A State Of Trance Festival 900, Ultra Music Festival Miami, M	9.271	38600	47	1.0	67	0.672	youtube	0	https://www.youtube.com/watch?v=xr40tgMaD1k
992	5gftfu1	Steve Angello @ kineticFIELD, EDC Las Vegas, United States	9.27	24500	24	1.0	44	0.591	soundcloud	0	https://w.soundcloud.com/player/?url=https://api.soundcloud.com/tracks/155370554&show_artwork=true&color=%23ff5500&hide_related=true&show_comments=false&show_user=true&show_reposts=false&show_teaser=false&visual=true
993	4lnvfc9	Tiësto @ Stereosonic, Melbourne Showgrounds, Australia	9.269	30500	47	1.0	36	0.722	youtube	0	https://www.youtube.com/watch?v=xxhdpVkd4DI
994	99gn739	Armin van Buuren @ Mainstage, Ultra Europe, Croatia	9.267	36900	34	1.0	69	0.464	soundcloud	0	https://w.soundcloud.com/player/?url=https://api.soundcloud.com/tracks/214349920&show_artwork=true&color=%23ff5500&hide_related=true&show_comments=false&show_user=true&show_reposts=false&show_teaser=false&visual=true
995	5d7mln1	Calvin Harris @ kineticFIELD, EDC Las Vegas, United States	9.266	35000	13	1.0	47	0.574	soundcloud	0	https://w.soundcloud.com/player/?url=https://api.soundcloud.com/tracks/212351158&show_artwork=true&color=%23ff5500&hide_related=true&show_comments=false&show_user=true&show_reposts=false&show_teaser=false&visual=true
996	2p9sn6r9	John Summit - Experts Only Radio 037	9.265	1300	1	1.0	17	0.0	soundcloud	1	https://w.soundcloud.com/player/?url=https://api.soundcloud.com/tracks/2159323311&show_artwork=true&color=%23ff5500&hide_related=true&show_comments=false&show_user=true&show_reposts=false&show_teaser=false&visual=true
997	8l2n6yk	Hardwell - Hardwell On Air 250	9.263	13800	27	1.0	20	0.95	youtube	0	https://www.youtube.com/watch?v=Vs3co_soq8Y
998	2q4plqy1	Disco Lines - Good Good Radio 009	9.262	408	1	1.0	16	0.25	soundcloud	1	https://w.soundcloud.com/player/?url=https://api.soundcloud.com/tracks/1791088063&show_artwork=true&color=%23ff5500&hide_related=true&show_comments=false&show_user=true&show_reposts=false&show_teaser=false&visual=true
999	5msgvg1	Hardwell @ Ultra Europe, Croatia	9.261	36800	18	1.0	63	0.778	youtube	0	https://www.youtube.com/watch?v=tVPp3rBhaE8
1000	1ccfzry9	Kygo @ World Tour, Estadio GNP Seguros, Mexico	9.257	560	2	0.977	49	0.408	youtube	1	https://www.youtube.com/watch?v=9UOAIXWqFis
1001	25y9frgk	David Guetta @ Mainstage, Tomorrowland Brasil	9.257	35400	25	1.0	52	0.75	youtube	0	https://www.youtube.com/watch?v=sq0GW1nRsYo
1002	27u8w04t	Tiësto @ Mainstage, Ultra Music Festival, Japan	9.257	14500	24	1.0	63	0.698	soundcloud	0	https://w.soundcloud.com/player/?url=https://api.soundcloud.com/tracks/283604138&show_artwork=true&color=%23ff5500&hide_related=true&show_comments=false&show_user=true&show_reposts=false&show_teaser=false&visual=true
1003	2qqrzh6t	Tiësto & Hardwell @ 538 Koningsdag, Chasseveld Breda, Netherlands	9.255	15000	19	1.0	56	0.714	soundcloud	0	https://w.soundcloud.com/player/?url=https://api.soundcloud.com/tracks/261188840&show_artwork=true&color=%23ff5500&hide_related=true&show_comments=false&show_user=true&show_reposts=false&show_teaser=false&visual=true
1004	5b992f1	Steve Angello @ cosmicMEADOW, EDC New York, United States	9.253	12000	25	1.0	45	0.733	soundcloud	0	https://w.soundcloud.com/player/?url=https://api.soundcloud.com/tracks/47425946&show_artwork=true&color=%23ff5500&hide_related=true&show_comments=false&show_user=true&show_reposts=false&show_teaser=false&visual=true
1005	5ud98mt	Martin Garrix @ Sensation, Netherlands	9.252	16700	10	1.0	57	0.754	soundcloud	0	https://w.soundcloud.com/player/?url=https://api.soundcloud.com/tracks/157627436&show_artwork=true&color=%23ff5500&hide_related=true&show_comments=false&show_user=true&show_reposts=false&show_teaser=false&visual=true
1006	1t0kd101	Timmy Trumpet & W&W @ Two Is One, Amsterdam Music Festival, Johan Cruijff ArenA 	9.251	27700	31	0.978	55	0.8	youtube	0	https://www.youtube.com/watch?v=DhsL3yKluxc
1007	xx80x8k	Martin Garrix @ 18+ Show, RAI, Amsterdam Dance Event, Netherlands	9.251	44300	44	1.0	144	0.639	youtube	0	https://www.youtube.com/watch?v=s5ZmgCk4rUs
1008	1nljf9y1	Armin van Buuren @ Burj Khalifa, United Arab Emirates	9.25	8200	46	1.0	11	1.0	youtube	0	https://www.youtube.com/watch?v=g32YD5YQCkg
1009	j10uwr9	Armin van Buuren @ Mainstage, Untold Festival, Romania	9.25	35900	51	1.0	190	0.668	youtube	0	https://www.youtube.com/watch?v=t0uXNhUA97Y
1010	3pmywt1	Blasterjaxx @ Mainstage, Ultra Music Festival Miami, United States	9.249	70400	40	0.971	46	0.326	soundcloud	0	https://w.soundcloud.com/player/?url=https://api.soundcloud.com/tracks/142589604&show_artwork=true&color=%23ff5500&hide_related=true&show_comments=false&show_user=true&show_reposts=false&show_teaser=false&visual=true
1011	1mbh98wk	Don Diablo @ Mainstage, Tomorrowland, Belgium	9.246	24800	20	0.98	52	0.865	youtube	0	https://www.youtube.com/watch?v=F5Gq2m6lpgM
1012	1g37vct	AFROJACK @ Mainstage, Ultra Music Festival Miami, United States	9.245	83900	38	1.0	39	0.513	youtube	0	https://www.youtube.com/watch?v=lW2EkfDMu8k
1013	260cugp9	Brooks @ STMPD RCRDS Stage, Tomorrowland Weekend 1, Belgium	9.242	35400	29	1.0	66	0.727	youtube	0	https://www.youtube.com/watch?v=67WdnbfaOaQ
1014	d8p12r9	Alesso @ Freedom Stage, Tomorrowland Weekend 2, Belgium	9.242	34400	26	1.0	51	0.745	youtube	0	https://www.youtube.com/watch?v=MngU7uEeqgs
1015	1plsj78k	Disco Lines @ Pepsi Center WTC Mexico City, Mexico	9.238	765	2	0.963	29	0.345	youtube	1	https://www.youtube.com/watch?v=EuWoMOe95CY
1016	5kj69hk	Oliver Heldens @ Heldeep Radio 009 (Tomorrowland)	9.238	24400	13	1.0	36	0.639	soundcloud	0	https://w.soundcloud.com/player/?url=https://api.soundcloud.com/tracks/161243472&show_artwork=true&color=%23ff5500&hide_related=true&show_comments=false&show_user=true&show_reposts=false&show_teaser=false&visual=true
1017	g253kzk	Steve Angello @ Mainstage, Tomorrowland Brasil	9.237	33600	34	1.0	57	0.719	youtube	0	https://www.youtube.com/watch?v=W7Skoba6sL0
1018	1uvqm649	Tiësto @ kineticFIELD, EDC Las Vegas, United States	9.236	41300	25	0.967	92	0.739	youtube	0	https://www.youtube.com/watch?v=Fu6aNpGxaVk
1019	68wwgmt	Tiesto - Club Life 352 (Special The Best Of 2013)	9.236	9700	12	1.0	26	0.846	soundcloud	0	https://w.soundcloud.com/player/?url=https://api.soundcloud.com/tracks/126990070&show_artwork=true&color=%23ff5500&hide_related=true&show_comments=false&show_user=true&show_reposts=false&show_teaser=false&visual=true
1020	1tut8fxk	Afrojack @ Mainstage, Ultra Music Festival Miami, United States	9.235	71800	39	0.98	68	0.559	youtube	0	https://www.youtube.com/watch?v=tfh8ynYS7X4
1021	2wfcnz49	Armin van Buuren @ Who's Afraid Of 138?! Stage, A State Of Trance Festival 950, 	9.235	19400	22	1.0	30	0.633	soundcloud	0	https://w.soundcloud.com/player/?url=https://api.soundcloud.com/tracks/761412808&show_artwork=true&color=%23ff5500&hide_related=true&show_comments=false&show_user=true&show_reposts=false&show_teaser=false&visual=true
1022	7wk9789	Oliver Heldens & Martin Garrix - Spinnin' Sessions Radio 100	9.235	32900	39	1.0	24	0.708	youtube	0	https://www.youtube.com/watch?v=hkN1zGZg75I
1023	9p429g9	Diplo & Majestic @ KISS FM KISS Fest (Ministry Of Sound London, United Kingdom)	9.234	1700	1	1.0	17	0.176	youtube	1	https://www.youtube.com/watch?v=ciVwIAh4iBo
1024	2tvd8kjt	HUGEL & Diplo - Framework pres. Higher Ground Los Angeles	9.232	2500	6	0.867	45	0.089	youtube	1	https://www.youtube.com/watch?v=8qXL4aju7VM
1025	291wlrwk	Disco Lines @ stereoBLOOM, EDC Las Vegas, United States	9.23	1200	1	0.862	29	0.138	soundcloud	1	https://w.soundcloud.com/player/?url=https://api.soundcloud.com/tracks/1526506039&show_artwork=true&color=%23ff5500&hide_related=true&show_comments=false&show_user=true&show_reposts=false&show_teaser=false&visual=true
1026	5tk0nt9	Swedish House Mafia @ Los Angeles State Historic Park, United States	9.23	16500	14	1.0	66	0.712	soundcloud	0	https://w.soundcloud.com/player/?url=https://api.soundcloud.com/tracks/84029755&show_artwork=true&color=%23ff5500&hide_related=true&show_comments=false&show_user=true&show_reposts=false&show_teaser=false&visual=true
1027	gj13h9t	FISHER @ San Jose City Hall, United States	9.23	1200	1	1.0	24	0.25	youtube	1	https://www.youtube.com/watch?v=2fdzYvB3ak8
1028	6cfhup1	Steve Aoki @ Main Stage, Ultra Music Festival Miami, United States	9.228	16100	10	1.0	16	0.75	soundcloud	0	https://w.soundcloud.com/player/?url=https://api.soundcloud.com/tracks/84006921&show_artwork=true&color=%23ff5500&hide_related=true&show_comments=false&show_user=true&show_reposts=false&show_teaser=false&visual=true
1029	1s061n4t	Armin van Buuren @ The Best Of Armin Only, Amsterdam Arena, Netherlands	9.227	30600	39	1.0	75	0.72	youtube	0	https://www.youtube.com/watch?v=vDe9pO6P84Q
1030	2gfsg3gk	Axwell @ Axtone Stage, Tomorrowland Weekend 2, Belgium	9.227	30900	31	1.0	63	0.492	soundcloud	0	https://w.soundcloud.com/player/?url=https://api.soundcloud.com/tracks/661441286&show_artwork=true&color=%23ff5500&hide_related=true&show_comments=false&show_user=true&show_reposts=false&show_teaser=false&visual=true
1031	2p7shszt	Diplo @ Diplo's Run Club, Gasworks Park Seattle, United States	9.226	1400	5	0.929	18	0.167	youtube	1	https://www.youtube.com/watch?v=QixO1ZhAc0w
1032	2jljdhj1	Diplo & Dillon Francis @ Nightswim, XS Nightclub Las Vegas, United States	9.225	1900	2	0.875	35	0.229	youtube	1	https://www.youtube.com/watch?v=ex8JHrg26Qc
1033	8c99j5k	Dimitri Vegas & Like Mike @ Bringing The World The Madness World Tour, Arena Ciu	9.224	64400	41	0.988	110	0.564	youtube	0	https://www.youtube.com/watch?v=xnpavyHrjIs
1034	rrjg50t	Disco Lines @ The Fonda Theater Los Angeles, United States	9.222	937	2	0.907	43	0.349	youtube	1	https://www.youtube.com/watch?v=zCmdFzt7uUM
1035	5k9w3s9	Oliver Heldens - Heldeep Mixtape 004	9.221	68500	58	1.0	24	0.25	soundcloud	0	https://w.soundcloud.com/player/?url=https://api.soundcloud.com/tracks/147543392&show_artwork=true&color=%23ff5500&hide_related=true&show_comments=false&show_user=true&show_reposts=false&show_teaser=false&visual=true
1036	12lxkqwt	Armin van Buuren @ ASOT Stage, Tomorrowland Weekend 2, Belgium	9.22	19800	30	1.0	31	0.839	youtube	0	https://www.youtube.com/watch?v=vvQ94Jhzhuk
1037	1k6t05k	Two Friends & Elephante - 2F Friendly Sessions Ep. 11	9.219	792	0	1.0	25	0.16	soundcloud	1	https://w.soundcloud.com/player/?url=https://api.soundcloud.com/tracks/151716893&show_artwork=true&color=%23ff5500&hide_related=true&show_comments=false&show_user=true&show_reposts=false&show_teaser=false&visual=true
1038	y6l0rs1	Armin van Buuren @ Mainstage, Ultra Music Festival Miami, United States	9.218	30700	67	1.0	35	0.657	youtube	0	https://www.youtube.com/watch?v=7LwfID7If0k
1039	5cpdr89	Martin Garrix @ Ultra Music Festival Japan	9.217	24300	15	0.969	65	0.646	soundcloud	0	https://w.soundcloud.com/player/?url=https://api.soundcloud.com/tracks/169725919&show_artwork=true&color=%23ff5500&hide_related=true&show_comments=false&show_user=true&show_reposts=false&show_teaser=false&visual=true
1040	24ck9zt	Hardwell @ World's Biggest Guestlist, D.Y. Patil Stadium, Mumbai, India	9.212	29800	58	1.0	71	0.676	youtube	0	https://www.youtube.com/watch?v=nhZBWc6evd4
1041	1d7j324t	Diplo & Sean Maynard - Friday Dance Party 097	9.211	591	2	1.0	30	0.1	soundcloud	1	https://w.soundcloud.com/player/?url=https://api.soundcloud.com/tracks/1775186268&show_artwork=true&color=%23ff5500&hide_related=true&show_comments=false&show_user=true&show_reposts=false&show_teaser=false&visual=true
1042	2cgm5tt	Afrojack @ Ultra Music Festival Europe, Croatia	9.211	26400	20	0.972	38	0.842	youtube	0	https://www.youtube.com/watch?v=scrW15jsIbg
1043	5g45j9k	Axwell @ X-Games Aspen, United States	9.21	20100	19	1.0	43	0.628	soundcloud	0	https://w.soundcloud.com/player/?url=https://api.soundcloud.com/tracks/131560246&show_artwork=true&color=%23ff5500&hide_related=true&show_comments=false&show_user=true&show_reposts=false&show_teaser=false&visual=true
1044	175ppn1	Sebastian Ingrosso @ kineticFIELD, EDC Las Vegas, United States	9.209	8700	18	1.0	54	0.815	soundcloud	0	https://w.soundcloud.com/player/?url=https://api.soundcloud.com/tracks/47425946&show_artwork=true&color=%23ff5500&hide_related=true&show_comments=false&show_user=true&show_reposts=false&show_teaser=false&visual=true
1045	2hd1gly1	Hardwell - Hardwell On Air 450 (Best Of Hardwell Special)	9.209	10900	28	1.0	25	0.72	soundcloud	0	https://w.soundcloud.com/player/?url=https://api.soundcloud.com/tracks/745665496&show_artwork=true&color=%23ff5500&hide_related=true&show_comments=false&show_user=true&show_reposts=false&show_teaser=false&visual=true
1046	1lrnt231	Tiësto & Chris Lake & LP Giobbi + More - 1LIVE DJ Session (Best Of 2023 Part 1)	9.208	1100	0	0.952	42	0.381	youtube	1	https://www.youtube.com/watch?v=KMVnq0qZz7Q
1047	1t7fy6bk	Dimitri Vegas & Like Mike @ Mainstage, Tomorrowland Weekend 2, Belgium	9.208	27600	28	1.0	69	0.768	youtube	0	https://www.youtube.com/watch?v=A4lTUgJWNIw
1048	2clvhf19	Armin van Buuren @ ASOT Stage, Ultra Music Festival Miami, Miami Music Week, Uni	9.208	70800	56	1.0	49	0.49	youtube	0	https://www.youtube.com/watch?v=X7JCeq4aCJc
1049	bhy6us1	John Summit @ Table Mesa Phoenix, United States (DJ Mag)	9.208	1500	1	1.0	21	0.19	youtube	1	https://www.youtube.com/watch?v=0jW-yzX80lE
1050	j0nuym1	Alesso @ Mainstage, Ultra Music Festival Miami, Miami Music Week, United States	9.206	42100	27	1.0	53	0.679	youtube	0	https://www.youtube.com/watch?v=dTyT-nNPL8g
1051	z86kg4t	Kygo @ World Tour, LaLa arena TOKYO-BAY, Japan	9.205	568	2	0.976	50	0.38	youtube	1	https://www.youtube.com/watch?v=V_j4s5tzKYQ
1052	7q04l71	Alesso @ Mainstage, Ultra Europe, Croatia	9.201	35700	35	1.0	54	0.685	youtube	0	https://www.youtube.com/watch?v=h8TiHBLNdEo
1053	2jky54j9	Claptone & Diplo @ The Masquerade, Fabrik Madrid, Spain	9.2	2600	3	0.919	41	0.073	youtube	1	https://www.youtube.com/watch?v=j1w1bOKYd0g
1054	7fwyqwt	DJ Snake @ HARD Summer Festival, United States	9.2	24600	7	1.0	28	0.929	youtube	0	https://www.youtube.com/watch?v=g2puvtXcbx4
1055	lvv17zt	Lee Foss & John Summit @ Factory 93 Repopulate Mars Livestream, United States	9.2	1500	3	0.889	18	0.222	youtube	1	https://www.youtube.com/watch?v=AceykkV0gGI
1056	1sd5kcgt	Diplo @ Hasta Los Huesos Monterrey, Mexico	9.199	681	2	0.966	46	0.348	youtube	1	https://www.youtube.com/watch?v=ki3k_GS6988
1057	5j73t11	Nicky Romero - BBC Radio 1 Essential Mix	9.199	20500	13	1.0	35	0.657	soundcloud	0	https://w.soundcloud.com/player/?url=https://api.soundcloud.com/tracks/45067465&show_artwork=true&color=%23ff5500&hide_related=true&show_comments=false&show_user=true&show_reposts=false&show_teaser=false&visual=true
1058	6y1vfgt	R3HAB @ circuitGROUNDS, EDC New York, United States	9.199	12500	12	1.0	22	0.773	soundcloud	0	https://w.soundcloud.com/player/?url=https://api.soundcloud.com/tracks/151200524&show_artwork=true&color=%23ff5500&hide_related=true&show_comments=false&show_user=true&show_reposts=false&show_teaser=false&visual=true
1059	2k83zmt9	FISHER @ The Shrine, Freaky Deaky Texas, United States	9.197	2100	1	0.862	28	0.25	youtube	1	https://www.youtube.com/watch?v=e8ZBE_Sn_AU
1060	p01p7tt	Diplo @ Mothership, Countdown NYE, NOS Events Center San Bernardino, United Stat	9.197	1200	2	0.929	23	0.261	youtube	1	https://www.youtube.com/watch?v=vWl06ETeG00
1061	2l3tmwgt	Alesso @ Mainstage, Tomorrowland Weekend 1, Belgium	9.194	40600	27	1.0	47	0.681	youtube	0	https://www.youtube.com/watch?v=lpwgTMBEwp0
1062	27bvctl1	Disco Lines @ Golden Gorge, Goldrush Music Festival, United States	9.193	983	1	0.92	31	0.355	youtube	1	https://www.youtube.com/watch?v=u6v3UagP3oM
1063	h36pzzt	Armin van Buuren @ Mainstage (15 Years Tribute), Tomorrowland Weekend 2, Belgium	9.193	27300	38	1.0	26	0.731	youtube	0	https://www.youtube.com/watch?v=sCPD_icbLmY
1064	9lysyct	FISHER @ Stereo Live Dallas, United States	9.192	195	0	1.0	10	0.7	youtube	1	https://www.youtube.com/watch?v=y5-vBap-o88
1065	1xsn1ft	Two Friends & Lost Kings - 2F Friendly Sessions Ep. 17	9.189	780	0	0.926	27	0.222	soundcloud	1	https://w.soundcloud.com/player/?url=https://api.soundcloud.com/tracks/191793748&show_artwork=true&color=%23ff5500&hide_related=true&show_comments=false&show_user=true&show_reposts=false&show_teaser=false&visual=true
1066	6hzut4t	Two Friends - Felix Cartal's Weekend Workout 160	9.188	641	0	1.0	21	0.19	soundcloud	1	https://w.soundcloud.com/player/?url=https://api.soundcloud.com/tracks/211101607&show_artwork=true&color=%23ff5500&hide_related=true&show_comments=false&show_user=true&show_reposts=false&show_teaser=false&visual=true
1067	1wnfbq71	Diplo @ SALA, Mexico	9.183	270	0	1.0	16	0.625	youtube	1	https://www.youtube.com/watch?v=ReELtu0aqxM
1068	23c8dqpk	Galantis @ Das Energi Festival, United States	9.183	84	0	1.0	73	0.877	youtube	1	https://www.youtube.com/watch?v=7CCO006c_MY
1069	1b65x9fk	Dom Dolla & Kryptogram - Diplo & Friends	9.179	2000	1	0.795	44	0.068	soundcloud	1	https://w.soundcloud.com/player/?url=https://api.soundcloud.com/tracks/1038138304&show_artwork=true&color=%23ff5500&hide_related=true&show_comments=false&show_user=true&show_reposts=false&show_teaser=false&visual=true
1070	7t70779	deadmau5 & Eric Prydz @ Mau5-Ville Harder Stage, HARD Day Of The Dead, United St	9.179	30200	33	1.0	30	0.467	soundcloud	0	https://w.soundcloud.com/player/?url=https://api.soundcloud.com/tracks/175405114&show_artwork=true&color=%23ff5500&hide_related=true&show_comments=false&show_user=true&show_reposts=false&show_teaser=false&visual=true
1071	tdthtpt	John Summit - 1LIVE DJ Session	9.179	848	0	0.938	16	0.188	soundcloud	1	https://w.soundcloud.com/player/?url=https://api.soundcloud.com/tracks/1280596084&show_artwork=true&color=%23ff5500&hide_related=true&show_comments=false&show_user=true&show_reposts=false&show_teaser=false&visual=true
1072	68kdcb9	Nicky Romero @ circuitGROUNDS, EDC New York, United States	9.17	10800	6	1.0	28	0.857	soundcloud	0	https://w.soundcloud.com/player/?url=https://api.soundcloud.com/tracks/92902237&show_artwork=true&color=%23ff5500&hide_related=true&show_comments=false&show_user=true&show_reposts=false&show_teaser=false&visual=true
1073	2b3vrc7t	Kygo @ Festival d'Été de Québec, Canada	9.168	374	4	0.895	44	0.477	youtube	1	https://www.youtube.com/watch?v=1V4QmUEO9Ew
1074	2nv5fb0k	Armin van Buuren @ Vinyl Set, Armin Only Embrace World Tour, Netherlands (Ziggo 	9.165	15300	25	1.0	11	0.636	soundcloud	0	https://w.soundcloud.com/player/?url=https://api.soundcloud.com/tracks/263019684&show_artwork=true&color=%23ff5500&hide_related=true&show_comments=false&show_user=true&show_reposts=false&show_teaser=false&visual=true
1075	2tnv3ht9	RÜFÜS DU SOL - Rose Ave Radio 005	9.158	2000	0	0.857	14	0.071	soundcloud	1	https://w.soundcloud.com/player/?url=https://api.soundcloud.com/tracks/890031694&show_artwork=true&color=%23ff5500&hide_related=true&show_comments=false&show_user=true&show_reposts=false&show_teaser=false&visual=true
1076	5dr9vvt	Tiesto - Spinnin' Sessions 139	9.158	14900	25	1.0	18	0.889	youtube	0	https://www.youtube.com/watch?v=xLPmz59pz7M
1077	hy35tj1	Tiësto @ Mainstage, Electric Zoo, United States	9.158	10900	22	1.0	50	0.72	soundcloud	0	https://w.soundcloud.com/player/?url=https://api.soundcloud.com/tracks/281300932&show_artwork=true&color=%23ff5500&hide_related=true&show_comments=false&show_user=true&show_reposts=false&show_teaser=false&visual=true
1078	mzwq8r1	Diplo @ Green Valley Camboriu, Brazil	9.158	1500	2	0.893	35	0.229	youtube	1	https://www.youtube.com/watch?v=tzkF8fmMFfE
1079	1zutg9h9	Disco Lines @ Shrine Expo Hall Los Angeles, United States	9.157	961	4	0.838	37	0.324	youtube	1	https://www.youtube.com/watch?v=nVC18wjQ-OY
1080	11v4zct	R3HAB @ Mainstage, TomorrowWorld Atlanta, United States	9.156	17100	9	0.962	28	0.75	soundcloud	0	https://w.soundcloud.com/player/?url=https://api.soundcloud.com/tracks/112950393&show_artwork=true&color=%23ff5500&hide_related=true&show_comments=false&show_user=true&show_reposts=false&show_teaser=false&visual=true
1081	5yprht1	Armin van Buuren @ 750 Celebration, A State Of Trance Festival, Enercare Centre 	9.155	18300	26	1.0	51	0.588	soundcloud	0	https://w.soundcloud.com/player/?url=https://api.soundcloud.com/tracks/244679036&show_artwork=true&color=%23ff5500&hide_related=true&show_comments=false&show_user=true&show_reposts=false&show_teaser=false&visual=true
1082	2q39621	Martin Garrix @ Amsterdam Music Festival, Amsterdam Dance Event, Netherlands	9.15	35400	35	1.0	62	0.661	youtube	0	https://www.youtube.com/watch?v=WJ86efYAcqI
1083	27tygxy9	Marshmello @ cosmicMEADOW, EDC New York, United States	9.147	16900	12	0.986	73	0.945	youtube	0	https://www.youtube.com/watch?v=ilL72pVSyJA
1084	1r5cbp01	RÜFÜS DU SOL @ Okeechobee Music Festival, United States	9.146	1400	0	1.0	12	0.25	youtube	1	https://www.youtube.com/watch?v=3MqjhRBRqEk
1085	2mg3kfgk	RÜFÜS DU SOL @ Inhale / Exhale World Tour, Rose Bowl Stadium Pasadena, United St	9.146	879	3	1.0	30	0.2	youtube	1	https://www.youtube.com/watch?v=mCugMRw9uLw
1086	12vz3421	John Summit @ Queen's Domain, Beyond Wonderland Monterrey, Mexico	9.145	101	0	1.0	11	0.818	youtube	1	https://www.youtube.com/watch?v=4wM_0ttg_08
1087	1uspfn8t	Armin van Buuren @ Mainstage, Tomorrowland Brasil	9.143	45600	25	1.0	47	0.638	youtube	0	https://www.youtube.com/watch?v=aeipBDB5q4o
1088	1zqjc4tt	Diplo - Records On Records 219	9.142	985	0	0.963	27	0.111	soundcloud	1	https://w.soundcloud.com/player/?url=https://api.soundcloud.com/tracks/1347688390&show_artwork=true&color=%23ff5500&hide_related=true&show_comments=false&show_user=true&show_reposts=false&show_teaser=false&visual=true
1089	24dx2q0k	FISHER @ Mainstage, A Summer Story, Spain	9.141	1800	1	0.588	17	0.529	youtube	1	https://www.youtube.com/watch?v=IZt1p_VtZeE
1090	2srxzcs9	Galantis @ Zepp Tokyo, Japan	9.139	117	0	1.0	60	0.783	youtube	1	https://www.youtube.com/watch?v=3YkEpr6ZgKs
1091	42ttdxt	Armin van Buuren @ Amsterdam Music Festival, Amsterdam Dance Event, Netherlands	9.138	27500	24	1.0	32	0.5	soundcloud	0	https://w.soundcloud.com/player/?url=https://api.soundcloud.com/tracks/228780064&show_artwork=true&color=%23ff5500&hide_related=true&show_comments=false&show_user=true&show_reposts=false&show_teaser=false&visual=true
1092	24h6931k	it's murph @ Steel Yard, Creamfields North, United Kingdom	9.137	610	1	0.975	40	0.375	youtube	1	https://www.youtube.com/watch?v=NlXog2cbM_A
1093	6d6utuk	Hardwell - Hardwell presents Revealed Vol. 5 Minimix	9.136	10500	16	1.0	24	0.75	soundcloud	0	https://w.soundcloud.com/player/?url=https://api.soundcloud.com/tracks/154034131&show_artwork=true&color=%23ff5500&hide_related=true&show_comments=false&show_user=true&show_reposts=false&show_teaser=false&visual=true
1094	mvmjny9	Two Friends - 2F Friendly Sessions 071	9.135	633	0	1.0	18	0.167	soundcloud	1	https://w.soundcloud.com/player/?url=https://api.soundcloud.com/tracks/1111362529&show_artwork=true&color=%23ff5500&hide_related=true&show_comments=false&show_user=true&show_reposts=false&show_teaser=false&visual=true
1095	2uvy7pzt	RÜFÜS DU SOL @ Inhale / Exhale World Tour, Q2 Stadium Austin, United States	9.131	1000	1	1.0	25	0.24	youtube	1	https://www.youtube.com/watch?v=JK5k958T0as
1096	1jsc0zz9	Two Friends - 2F Friendly Sessions 075	9.13	784	0	1.0	17	0.118	soundcloud	1	https://w.soundcloud.com/player/?url=https://api.soundcloud.com/tracks/1202871472&show_artwork=true&color=%23ff5500&hide_related=true&show_comments=false&show_user=true&show_reposts=false&show_teaser=false&visual=true
1097	1mbd72b1	Alesso @ kineticFIELD, EDC Las Vegas, United States	9.13	16100	12	1.0	41	0.683	soundcloud	0	https://w.soundcloud.com/player/?url=https://api.soundcloud.com/tracks/269931068&show_artwork=true&color=%23ff5500&hide_related=true&show_comments=false&show_user=true&show_reposts=false&show_teaser=false&visual=true
1098	1y6qfk9	Tiësto @ Queen's Domain, Beyond Wonderland, United States	9.13	4900	12	1.0	34	0.941	soundcloud	0	https://w.soundcloud.com/player/?url=https://api.soundcloud.com/tracks/226062160&show_artwork=true&color=%23ff5500&hide_related=true&show_comments=false&show_user=true&show_reposts=false&show_teaser=false&visual=true
1099	7sr753t	Zedd @ iTunes Festival, South by Southwest SXSW, United States	9.13	14100	6	0.967	32	0.812	soundcloud	0	https://w.soundcloud.com/player/?url=https://api.soundcloud.com/tracks/151391917&show_artwork=true&color=%23ff5500&hide_related=true&show_comments=false&show_user=true&show_reposts=false&show_teaser=false&visual=true
1100	1mbh4rd9	David Guetta @ Mainstage, Tomorrowland, Belgium	9.129	34400	17	0.963	39	0.769	youtube	0	https://www.youtube.com/watch?v=ezojK1Nj2Kc
1101	x5z3q9	Armin van Buuren - A State Of Trance 384 (Yearmix)	9.129	6700	4	1.0	86	0.977	soundcloud	0	https://w.soundcloud.com/player/?url=https://api.soundcloud.com/tracks/234328133&show_artwork=true&color=%23ff5500&hide_related=true&show_comments=false&show_user=true&show_reposts=false&show_teaser=false&visual=true
1102	1jpgmzyk	John Summit @ Chicago Rooftop Live Mix	9.128	1300	5	0.938	16	0.125	youtube	1	https://www.youtube.com/watch?v=zi1eSgyFL7g
1103	nxxurt	Swedish House Mafia @ Celebrate Life Amsterdam, Sensation Netherlands	9.128	20800	13	1.0	55	0.618	soundcloud	0	https://w.soundcloud.com/player/?url=https://api.soundcloud.com/tracks/11008464&show_artwork=true&color=%23ff5500&hide_related=true&show_comments=false&show_user=true&show_reposts=false&show_teaser=false&visual=true
1104	1d9kt0v1	RÜFÜS DU SOL @ Banco de Chile Stage, Lollapalooza Chile	9.127	579	2	1.0	16	0.312	youtube	1	https://www.youtube.com/watch?v=kEL3lWy6CNc
1105	6zw0k41	Avicii @ Ultra Music Festival Miami, Miami Winter Music Conference, United State	9.126	39000	44	0.938	24	0.667	youtube	0	https://www.youtube.com/watch?v=YFMUb8XPI2I
1106	1s6c77d1	Two Friends - 2F Friendly Sessions 073	9.125	450	0	1.0	17	0.235	soundcloud	1	https://w.soundcloud.com/player/?url=https://api.soundcloud.com/tracks/1160530789&show_artwork=true&color=%23ff5500&hide_related=true&show_comments=false&show_user=true&show_reposts=false&show_teaser=false&visual=true
1107	ulv16bk	Diplo @ SILO Dallas, United States	9.125	1100	0	0.917	40	0.375	youtube	1	https://www.youtube.com/watch?v=mgmAfgtZT78
1108	22fmkhn1	Ivo van Breukelen & John Summit - Dance Department 822	9.123	573	0	1.0	11	0.182	soundcloud	1	https://w.soundcloud.com/player/?url=https://api.soundcloud.com/tracks/1096517368&show_artwork=true&color=%23ff5500&hide_related=true&show_comments=false&show_user=true&show_reposts=false&show_teaser=false&visual=true
1109	2947pbqk	Disco Lines @ Fire, Elements Music & Arts Festival, United States	9.123	1900	1	0.806	31	0.29	youtube	1	https://www.youtube.com/watch?v=Kul0Nc2T81k
1110	5w8177k	Nicky Romero @ Mainstage, Tomorrowland, Belgium	9.123	23600	19	1.0	30	0.8	youtube	0	https://www.youtube.com/watch?v=OAAjQAmDWk8
1111	39lb9ct	Martin Garrix @ Equinoxe Palmeraie Paris, France (Fun Radio Party Fun Live)	9.122	10900	10	1.0	78	0.782	soundcloud	0	https://w.soundcloud.com/player/?url=https://api.soundcloud.com/tracks/132012659&show_artwork=true&color=%23ff5500&hide_related=true&show_comments=false&show_user=true&show_reposts=false&show_teaser=false&visual=true
1112	tzzvvt	Avicii @ The Ocean Of White St. Petersburg, Sensation Russia	9.121	10200	12	1.0	18	0.778	soundcloud	0	https://w.soundcloud.com/player/?url=https://api.soundcloud.com/tracks/24908393&show_artwork=true&color=%23ff5500&hide_related=true&show_comments=false&show_user=true&show_reposts=false&show_teaser=false&visual=true
1113	2qqv7gck	David Guetta @ UEFA Opening Ceremony, Champs De Mars Paris, France	9.12	9100	20	1.0	28	0.75	soundcloud	0	https://w.soundcloud.com/player/?url=https://api.soundcloud.com/tracks/268434952&show_artwork=true&color=%23ff5500&hide_related=true&show_comments=false&show_user=true&show_reposts=false&show_teaser=false&visual=true
1114	hzf3791	Armin van Buuren @ Mainstage, A State Of Trance Festival 850, Jaarbeurs Utrecht,	9.118	49400	52	1.0	64	0.531	youtube	0	https://www.youtube.com/watch?v=nMeugAP9OUw
1115	6653551	Martin Garrix @ SLAM! Koningsdag, AFAS Stadion Alkmaar, Netherlands	9.117	27600	12	1.0	42	0.81	youtube	0	https://www.youtube.com/watch?v=7BG88HMRVUc
1116	1d64ykdk	it's murph - it's murph mix 01	9.114	186	0	1.0	19	0.421	soundcloud	1	https://w.soundcloud.com/player/?url=https://api.soundcloud.com/tracks/1363136746&show_artwork=true&color=%23ff5500&hide_related=true&show_comments=false&show_user=true&show_reposts=false&show_teaser=false&visual=true
1117	2mcqmcb9	Disco Lines & SIDEPIECE @ Venice Afters Club Renegade Rooftop, United States	9.114	2100	7	0.68	25	0.24	youtube	1	https://www.youtube.com/watch?v=saSg1fpdJEw
1118	14v07zk9	Disco Lines - Good Good Radio 020	9.11	534	2	0.929	14	0.143	soundcloud	1	https://w.soundcloud.com/player/?url=https://api.soundcloud.com/tracks/2043496168&show_artwork=true&color=%23ff5500&hide_related=true&show_comments=false&show_user=true&show_reposts=false&show_teaser=false&visual=true
1119	26x6yvn9	Axwell @ Axtone Stage, Tomorrowland Weekend 2, Belgium	9.11	48000	41	1.0	77	0.558	youtube	0	https://www.youtube.com/watch?v=jgfTcrUhVnQ
1120	1phblspk	RÜFÜS DU SOL @ Lowlands Festival, Netherlands	9.109	371	2	1.0	10	0.4	youtube	1	https://www.youtube.com/watch?v=491YZPtHQzE
1121	2nwzbjt	Two Friends & BARELY ALIVE - 2F Friendly Sessions Ep. 09	9.109	533	1	1.0	26	0.115	soundcloud	1	https://w.soundcloud.com/player/?url=https://api.soundcloud.com/tracks/139603848&show_artwork=true&color=%23ff5500&hide_related=true&show_comments=false&show_user=true&show_reposts=false&show_teaser=false&visual=true
1122	bpkjf99	Diplo @ Savaya Bali, Indonesia	9.109	1400	2	0.895	23	0.217	youtube	1	https://www.youtube.com/watch?v=9fabvdnBZ6w
1123	2cyudlm9	Disco Lines - Good Good Radio 021	9.108	509	1	0.938	16	0.188	soundcloud	1	https://w.soundcloud.com/player/?url=https://api.soundcloud.com/tracks/2059318612&show_artwork=true&color=%23ff5500&hide_related=true&show_comments=false&show_user=true&show_reposts=false&show_teaser=false&visual=true
1124	4qbrz11	Oliver Heldens @ Spinnin' Records HQ	9.108	36400	19	1.0	29	0.448	soundcloud	0	https://w.soundcloud.com/player/?url=https://api.soundcloud.com/tracks/154508522&show_artwork=true&color=%23ff5500&hide_related=true&show_comments=false&show_user=true&show_reposts=false&show_teaser=false&visual=true
1125	7v478pt	Hardwell @ Worldwide Stage, Ultra Music Festival Miami, United States	9.105	26600	32	1.0	38	0.711	youtube	0	https://www.youtube.com/watch?v=oC2laaHt8dc
1126	20fktcd9	Armin van Buuren @ Mainstage, Tomorrowland Weekend 1, Belgium	9.103	28200	29	1.0	41	0.707	youtube	0	https://www.youtube.com/watch?v=TgT2lz7PByw
1127	4cup7p9	JAUZ @ Ministry Of Sound London, United Kingdom	9.103	11600	9	0.978	96	0.792	soundcloud	0	https://w.soundcloud.com/player/?url=https://api.soundcloud.com/tracks/234258522&show_artwork=true&color=%23ff5500&hide_related=true&show_comments=false&show_user=true&show_reposts=false&show_teaser=false&visual=true
1128	5fn2ls9	Tiësto @ Mainstage, Ultra Music Festival Miami, United States	9.102	38400	29	0.963	34	0.676	youtube	0	https://www.youtube.com/watch?v=WrRq4ZOXVec
1129	6813gd1	David Guetta @ Ultra Music Festival Miami, United States (WMC)	9.102	17200	8	1.0	18	0.944	youtube	0	https://www.youtube.com/watch?v=ZTVOEt_1-T4
1130	2238h81	David Guetta @ iTunes Festival, Roundhouse London, United Kingdom	9.101	24300	16	1.0	35	0.8	youtube	0	https://www.youtube.com/watch?v=jVR9n61zebc
1131	39d1ljk	AFROJACK & Steve Aoki @ Mainstage, TomorrowWorld Atlanta, United States	9.101	14100	7	1.0	15	1.0	youtube	0	https://www.youtube.com/watch?v=koerx7ikqvo
1132	49z39ft	Avicii @ circuitGROUNDS, EDC Chicago, United States	9.1	11800	6	1.0	76	0.803	soundcloud	0	https://w.soundcloud.com/player/?url=https://api.soundcloud.com/tracks/94300700&show_artwork=true&color=%23ff5500&hide_related=true&show_comments=false&show_user=true&show_reposts=false&show_teaser=false&visual=true
1133	puk1pdk	RÜFÜS DU SOL @ Festival Vaivén, Mexico	9.1	683	2	1.0	19	0.263	youtube	1	https://www.youtube.com/watch?v=mPqOivFTenQ
1134	w2y2yjk	KSHMR @ Mainstage, Ultra Music Festival Miami, Miami Music Week, United States	9.1	22400	32	0.953	48	0.792	youtube	0	https://www.youtube.com/watch?v=qWLPG9Gvqrg
1135	2gbymn1t	Martin Garrix @ Mainstage, Ultra Brasil	9.096	13500	16	1.0	40	0.675	soundcloud	0	https://w.soundcloud.com/player/?url=https://api.soundcloud.com/tracks/287863684&show_artwork=true&color=%23ff5500&hide_related=true&show_comments=false&show_user=true&show_reposts=false&show_teaser=false&visual=true
1136	y019lc9	Alesso @ Mainstage, Tomorrowland Weekend 2, Belgium	9.096	47900	35	1.0	51	0.569	youtube	0	https://www.youtube.com/watch?v=vNMy2L4wTvA
1137	1sd3r551	Kygo @ World Tour, Hollywood Bowl Los Angeles, United States	9.095	418	2	1.0	49	0.367	youtube	1	https://www.youtube.com/watch?v=v8jgF4uI8a0
1138	339lult	Dimitri Vegas & Like Mike - Smash The House Radio Special 001 (DJMAG Top 100 DJs	9.094	9000	10	1.0	21	0.81	soundcloud	0	https://w.soundcloud.com/player/?url=https://api.soundcloud.com/tracks/101121423&show_artwork=true&color=%23ff5500&hide_related=true&show_comments=false&show_user=true&show_reposts=false&show_teaser=false&visual=true
1139	1mppmfw9	Disco Lines & UFO Project - Night Owl Radio 443	9.093	481	2	1.0	35	0.086	soundcloud	1	https://w.soundcloud.com/player/?url=https://api.soundcloud.com/tracks/1746535083&show_artwork=true&color=%23ff5500&hide_related=true&show_comments=false&show_user=true&show_reposts=false&show_teaser=false&visual=true
1140	281t501	deadmau5 @ iTunes Festival, Roundhouse London, United Kingdom	9.093	14800	16	1.0	26	0.654	soundcloud	0	https://w.soundcloud.com/player/?url=https://api.soundcloud.com/tracks/59767913&show_artwork=true&color=%23ff5500&hide_related=true&show_comments=false&show_user=true&show_reposts=false&show_teaser=false&visual=true
1141	zv9j569	David Guetta @ Mainstage, Ultra Music Festival Miami, Miami Music Week, United S	9.092	38300	29	1.0	63	0.635	youtube	0	https://www.youtube.com/watch?v=fz-3arJT8fc
1142	hfr7qv9	Hardwell @ Mainstage, Ultra Music Festival Miami, United States	9.091	50200	104	1.0	50	0.44	youtube	0	https://www.youtube.com/watch?v=4-_5RiOFwyg
1143	1ldxc799	RL Grime - Halloween V	9.09	53200	47	1.0	42	0.262	soundcloud	0	https://w.soundcloud.com/player/?url=https://api.soundcloud.com/tracks/290335129&show_artwork=true&color=%23ff5500&hide_related=true&show_comments=false&show_user=true&show_reposts=false&show_teaser=false&visual=true
1144	4skqwyk	AFROJACK @ Sunburn, India	9.089	7200	13	0.951	41	0.878	soundcloud	0	https://w.soundcloud.com/player/?url=https://api.soundcloud.com/tracks/63010924&show_artwork=true&color=%23ff5500&hide_related=true&show_comments=false&show_user=true&show_reposts=false&show_teaser=false&visual=true
1145	7738f0t	Armin van Buuren @ Mainstage, Ultra Europe, Croatia	9.088	30800	21	1.0	56	0.714	youtube	0	https://www.youtube.com/watch?v=RHdJL4-y918
1146	92lv5hk	Steve Angello @ Size In The Park, Kungstradgarden Stockholm, Sweden	9.087	23200	27	0.966	45	0.533	soundcloud	0	https://w.soundcloud.com/player/?url=https://api.soundcloud.com/tracks/150138719&show_artwork=true&color=%23ff5500&hide_related=true&show_comments=false&show_user=true&show_reposts=false&show_teaser=false&visual=true
1147	250r3uy9	Steve Angello @ Mainstage, Tomorrowland, Belgium	9.086	32000	34	1.0	55	0.655	youtube	0	https://www.youtube.com/watch?v=Z0Z-64pKxC0
1148	4qk1u0k	Hardwell @ kineticFIELD, EDC New York, United States	9.082	26900	20	1.0	59	0.746	youtube	0	https://www.youtube.com/watch?v=l9dRx-f5HyI
1149	lyrtdgt	Two Friends & HoneyLuv - Night Owl Radio 338	9.082	508	0	1.0	32	0.188	soundcloud	1	https://w.soundcloud.com/player/?url=https://api.soundcloud.com/tracks/1211571040&show_artwork=true&color=%23ff5500&hide_related=true&show_comments=false&show_user=true&show_reposts=false&show_teaser=false&visual=true
1150	8zrux39	Nicky Romero @ Mainstage, Tomorrowland, Belgium	9.08	28500	16	1.0	49	0.755	youtube	0	https://www.youtube.com/watch?v=Pz0lZWLFoZM
1151	6456t7k	Armin van Buuren @ Mainstage, Tomorrowland, Belgium	9.079	61600	37	1.0	42	0.5	youtube	0	https://www.youtube.com/watch?v=4gRjnaitguQ
1152	13td22v1	Dom Dolla & Vintage Culture @ Mainstage, Ultra Music Festival Miami, United Stat	9.077	17800	26	0.972	36	0.583	soundcloud	0	https://w.soundcloud.com/player/?url=https://api.soundcloud.com/tracks/1484626060&show_artwork=true&color=%23ff5500&hide_related=true&show_comments=false&show_user=true&show_reposts=false&show_teaser=false&visual=true
1153	z63xs91	Armin van Buuren @ Area One, A State Of Trance Festival, Ahoy Rotterdam, Netherl	9.076	24300	44	1.0	44	0.682	youtube	0	https://www.youtube.com/watch?v=ha43z-S-bnA
1154	rsyd05t	Diplo @ Higher Ground, The Brooklyn Mirage New York, United States	9.074	1800	2	1.0	25	0.04	youtube	1	https://www.youtube.com/watch?v=GYQ0T_KMlxE
1155	18dhu81t	Tiësto @ Mainstage, Ultra Music Festival Miami, United States	9.073	31000	37	0.979	57	0.667	youtube	0	https://www.youtube.com/watch?v=e94gack-DJk
1156	l3rnqr1	MOGUAI & Kygo & Topic - 1LIVE DJ Session	9.071	573	1	0.926	79	0.405	youtube	1	https://www.youtube.com/watch?v=EzjVN4xyQNQ
1157	1yw6j029	Armin van Buuren @ Mainstage, Tomorrowland Weekend 1, Belgium	9.069	30800	71	1.0	33	0.576	youtube	0	https://www.youtube.com/watch?v=SWwNkda5YrA
1158	d9g46xk	Nicky Romero @ Mainstage, Ultra Music Festival Miami, Miami Music Week, United S	9.068	50700	70	1.0	96	0.469	youtube	0	https://www.youtube.com/watch?v=AgQaVVnCS6w
1159	2t03q6w1	Martin Garrix @ Mainstage, Ultra Music Festival Miami, United States	9.067	48100	97	1.0	54	0.444	youtube	0	https://www.youtube.com/watch?v=3-ELBiUkUWc
1160	1t02hg0t	Willy Joy & Diplo - Back To Back Radio 104	9.066	846	0	1.0	29	0.069	soundcloud	1	https://w.soundcloud.com/player/?url=https://api.soundcloud.com/tracks/616883508&show_artwork=true&color=%23ff5500&hide_related=true&show_comments=false&show_user=true&show_reposts=false&show_teaser=false&visual=true
1161	779wwuk	Hardwell @ Radio 538 Hotel 538 (ADE, Netherlands)	9.066	18400	21	1.0	46	0.565	soundcloud	0	https://w.soundcloud.com/player/?url=https://api.soundcloud.com/tracks/173272207&show_artwork=true&color=%23ff5500&hide_related=true&show_comments=false&show_user=true&show_reposts=false&show_teaser=false&visual=true
1162	fk45ggk	Manzone & Strong & John Summit - Manzone & Strong pres. Connected Radio 086	9.064	491	0	1.0	43	0.186	soundcloud	1	https://w.soundcloud.com/player/?url=https://api.soundcloud.com/tracks/1931855720&show_artwork=true&color=%23ff5500&hide_related=true&show_comments=false&show_user=true&show_reposts=false&show_teaser=false&visual=true
1163	13td2bp1	Tiësto @ Mainstage, Ultra Music Festival Miami, United States	9.062	30200	48	1.0	38	0.368	soundcloud	0	https://w.soundcloud.com/player/?url=https://api.soundcloud.com/tracks/1477603390&show_artwork=true&color=%23ff5500&hide_related=true&show_comments=false&show_user=true&show_reposts=false&show_teaser=false&visual=true
1164	1r3q3ypk	Tiësto @ Mainstage, Electric Zoo, United States	9.062	10500	25	1.0	81	0.667	soundcloud	0	https://w.soundcloud.com/player/?url=https://api.soundcloud.com/tracks/497701983&show_artwork=true&color=%23ff5500&hide_related=true&show_comments=false&show_user=true&show_reposts=false&show_teaser=false&visual=true
1165	25byp969	Disco Lines - Good Good Radio 002	9.062	473	1	1.0	17	0.118	soundcloud	1	https://w.soundcloud.com/player/?url=https://api.soundcloud.com/tracks/1594589289&show_artwork=true&color=%23ff5500&hide_related=true&show_comments=false&show_user=true&show_reposts=false&show_teaser=false&visual=true
1166	2rp48s6t	Dimitri Vegas & Like Mike @ Bringing The Madness 4.0 (Week 1), Sportpaleis Antwe	9.062	14100	8	0.949	78	0.769	soundcloud	0	https://w.soundcloud.com/player/?url=https://api.soundcloud.com/tracks/307541153&show_artwork=true&color=%23ff5500&hide_related=true&show_comments=false&show_user=true&show_reposts=false&show_teaser=false&visual=true
1167	163xszk	Martin Garrix @ kineticFIELD, EDC Las Vegas, United States	9.06	15600	10	1.0	52	0.673	soundcloud	0	https://w.soundcloud.com/player/?url=https://api.soundcloud.com/tracks/211218938&show_artwork=true&color=%23ff5500&hide_related=true&show_comments=false&show_user=true&show_reposts=false&show_teaser=false&visual=true
1168	2b2xl7gk	Alan Walker @ Kygo's World Tour, Estadio GNP Seguros, Mexico	9.06	610	1	1.0	61	0.311	youtube	1	https://www.youtube.com/watch?v=ON205jmHdho
1169	20f7b7t	Nicky Romero & Afrojack & Martin Garrix + More @ Protocol Recordings Reboot, Mel	9.056	26900	29	0.978	74	0.716	youtube	0	https://www.youtube.com/watch?v=VsLCnUjVD8s
1170	2wc9n3tt	David Guetta @ Mainstage, Ultra Music Festival Miami, Miami Music Week, United S	9.056	49100	37	1.0	67	0.537	youtube	0	https://www.youtube.com/watch?v=kMRe5A215xs
1171	2uk6xgfk	DJ Snake & Malaa @ Pink Stage, HARD Summer Festival, United States	9.055	27300	23	0.964	36	0.5	soundcloud	0	https://w.soundcloud.com/player/?url=https://api.soundcloud.com/tracks/661940558&show_artwork=true&color=%23ff5500&hide_related=true&show_comments=false&show_user=true&show_reposts=false&show_teaser=false&visual=true
1172	5nu23nk	Two Friends & Prince Fox - 2F Friendly Sessions Ep. 16	9.05	618	0	0.935	31	0.194	soundcloud	1	https://w.soundcloud.com/player/?url=https://api.soundcloud.com/tracks/183779363&show_artwork=true&color=%23ff5500&hide_related=true&show_comments=false&show_user=true&show_reposts=false&show_teaser=false&visual=true
1173	94utw09	AFROJACK @ Worldwide Stage, Ultra Music Festival Miami, United States	9.049	32000	16	1.0	28	0.714	youtube	0	https://www.youtube.com/watch?v=h4ncUPU8ZoY
1174	4dmwwdk	Swedish House Mafia - Promo Mix Until One (Continuous Mix)	9.048	13200	16	1.0	32	0.656	soundcloud	0	https://w.soundcloud.com/player/?url=https://api.soundcloud.com/tracks/61475728&show_artwork=true&color=%23ff5500&hide_related=true&show_comments=false&show_user=true&show_reposts=false&show_teaser=false&visual=true
1175	8zrswnt	Hardwell & Tiësto @ Mainstage, Tomorrowland, Belgium	9.046	37700	41	1.0	19	0.579	youtube	0	https://www.youtube.com/watch?v=y6ClrLmdT2A
1176	m6hmc9	Armin van Buuren @ A State Of Trance Festival 500, Acer Arena Sydney, Australia	9.046	6900	8	1.0	37	0.865	soundcloud	0	https://w.soundcloud.com/player/?url=https://api.soundcloud.com/tracks/17194967&show_artwork=true&color=%23ff5500&hide_related=true&show_comments=false&show_user=true&show_reposts=false&show_teaser=false&visual=true
1177	1yvd7y7k	John Summit - Zeskullz Presents 263	9.043	489	0	1.0	17	0.176	soundcloud	1	https://w.soundcloud.com/player/?url=https://api.soundcloud.com/tracks/1714899345&show_artwork=true&color=%23ff5500&hide_related=true&show_comments=false&show_user=true&show_reposts=false&show_teaser=false&visual=true
1178	2vczvr3t	Hardwell @ Perry's Stage, Lollapalooza United States	9.043	14600	34	1.0	61	0.803	youtube	0	https://www.youtube.com/watch?v=fPPPT7eGP_k
1179	mt9d04k	Oliver Heldens @ Digital Mirage Online Music Festival, Netherlands (Koninklijk C	9.043	19200	32	1.0	20	0.5	soundcloud	0	https://w.soundcloud.com/player/?url=https://api.soundcloud.com/tracks/839570521&show_artwork=true&color=%23ff5500&hide_related=true&show_comments=false&show_user=true&show_reposts=false&show_teaser=false&visual=true
1180	1khrsh39	Marshmello @ Monstercat Stage, Tomorrowland Weekend 1, Belgium	9.042	26600	12	1.0	91	0.78	youtube	0	https://www.youtube.com/watch?v=4T7GoZBJIIc
1181	2bp4hxfk	Diplo @ The Wilma Theater Missoula, United States	9.042	1100	0	1.0	16	0.25	youtube	1	https://www.youtube.com/watch?v=p7iXe7dS4WQ
1182	j6xy6bk	Diplo @ Sanitarium, Escape Halloween, NOS Events Center San Bernardino, United S	9.041	633	2	0.917	12	0.333	youtube	1	https://www.youtube.com/watch?v=-UNrMvU9a5Q
1183	36wz1yk	Porter Robinson - Radio 1's Essential Mix	9.037	64400	41	1.0	72	0.208	soundcloud	0	https://w.soundcloud.com/player/?url=https://api.soundcloud.com/tracks/156449334&show_artwork=true&color=%23ff5500&hide_related=true&show_comments=false&show_user=true&show_reposts=false&show_teaser=false&visual=true
1184	9pbm051	James Hype @ circuitGROUNDS, EDC Las Vegas, United States	9.037	8400	19	1.0	53	0.981	youtube	0	https://www.youtube.com/watch?v=e9AaliDiHgk
1185	ql5sdhk	John Summit - Earmilk Presents Chicago Mix	9.036	411	0	1.0	19	0.211	soundcloud	1	https://w.soundcloud.com/player/?url=https://api.soundcloud.com/tracks/701207224&show_artwork=true&color=%23ff5500&hide_related=true&show_comments=false&show_user=true&show_reposts=false&show_teaser=false&visual=true
1186	t8jd4f1	Diplo @ College Invasion Tour, Home Depot Center Los Angeles, United States	9.036	192	0	1.0	24	0.625	youtube	1	https://www.youtube.com/watch?v=S23aIAGFE8w
1187	2m2380v9	Dimitri Vegas & Like Mike @ Tomorrowland Presents: Garden Of Madness, Sportpalei	9.035	33700	22	1.0	101	0.663	youtube	0	https://www.youtube.com/watch?v=qM0hMs1oMfI
1188	bjjnjvt	Galantis @ Bobycentrum Brno, Czech Republic	9.034	83	0	1.0	82	0.805	youtube	1	https://www.youtube.com/watch?v=YcCFG8bxCmw
1189	21k91231	Two Friends - 2F Friendly Sessions 076	9.032	499	0	1.0	18	0.167	soundcloud	1	https://w.soundcloud.com/player/?url=https://api.soundcloud.com/tracks/1252396024&show_artwork=true&color=%23ff5500&hide_related=true&show_comments=false&show_user=true&show_reposts=false&show_teaser=false&visual=true
1190	7bu5plk	Oliver Heldens @ kineticFIELD, EDC Las Vegas, United States	9.031	10000	7	1.0	38	0.789	soundcloud	0	https://w.soundcloud.com/player/?url=https://api.soundcloud.com/tracks/211172855&show_artwork=true&color=%23ff5500&hide_related=true&show_comments=false&show_user=true&show_reposts=false&show_teaser=false&visual=true
1191	yfjlu1	Avicii @ Stereosonic, Melbourne Showgrounds, Australia	9.031	20400	25	1.0	37	0.757	youtube	0	https://www.youtube.com/watch?v=XI5XPCtlm54
1192	1wsvd79	Armin van Buuren @ Dance Red Save Live 2, Stereosonic Sydney, Australia	9.029	20200	22	1.0	35	0.771	youtube	0	https://www.youtube.com/watch?v=MMK-zEeNzGE
1193	2cnccfgk	Don Diablo & Hexagon Allstars @ Hexagon Stage, Tomorrowland Weekend 2, Belgium	9.029	14500	19	0.992	128	0.867	youtube	0	https://www.youtube.com/watch?v=COObCRzhFS0
1194	2gfj8gf1	Swedish House Mafia @ Day 1, Tele2 Arena Stockholm, Sweden	9.029	35500	52	1.0	77	0.558	youtube	0	https://www.youtube.com/watch?v=j-yhseMfjFE
1195	1tpg6d1	David Guetta @ Rock In Rio, Brazil	9.028	19900	7	1.0	27	0.889	youtube	0	https://www.youtube.com/watch?v=Zh6BPjJojqw
1196	7f2jgu9	Alesso @ Mainstage, Tomorrowland, Belgium	9.028	38500	14	1.0	31	0.677	youtube	0	https://www.youtube.com/watch?v=VhsF2mAToLw
1197	1qk322uk	Diplo @ Snow Machine Festival Hakuba, Japan	9.027	931	2	0.897	38	0.263	youtube	1	https://www.youtube.com/watch?v=qQjlbqzb654
1198	2j1l7v9	Marshmello - HARD Summer Music Festival Official Mixtape	9.027	11900	7	1.0	24	0.75	soundcloud	0	https://w.soundcloud.com/player/?url=https://api.soundcloud.com/tracks/223405452&show_artwork=true&color=%23ff5500&hide_related=true&show_comments=false&show_user=true&show_reposts=false&show_teaser=false&visual=true
1199	5w60srk	Nicky Romero @ kineticFIELD, EDC Las Vegas, United States	9.025	12300	7	1.0	31	0.742	soundcloud	0	https://w.soundcloud.com/player/?url=https://api.soundcloud.com/tracks/49357505&show_artwork=true&color=%23ff5500&hide_related=true&show_comments=false&show_user=true&show_reposts=false&show_teaser=false&visual=true
1200	7vf3u4t	Armin van Buuren @ Mainstage, TomorrowWorld Atlanta, United States	9.024	33800	22	1.0	35	0.657	youtube	0	https://www.youtube.com/watch?v=8B4TSscVSI4
1201	1ldng669	Calvin Harris @ Mainstage, T In The Park, United Kingdom	9.023	11700	9	1.0	66	0.727	soundcloud	0	https://w.soundcloud.com/player/?url=https://api.soundcloud.com/tracks/276595105&show_artwork=true&color=%23ff5500&hide_related=true&show_comments=false&show_user=true&show_reposts=false&show_teaser=false&visual=true
1202	w652dmt	Oliver Heldens @ Mainstage, 1001Tracklists Top 101 Producers Celebration	9.023	12900	18	1.0	22	0.636	soundcloud	0	https://w.soundcloud.com/player/?url=https://api.soundcloud.com/tracks/920262028&show_artwork=true&color=%23ff5500&hide_related=true&show_comments=false&show_user=true&show_reposts=false&show_teaser=false&visual=true
1203	1b08zjlk	Madeon @ cosmicMEADOW, EDC New York, United States	9.022	10200	8	0.988	82	0.78	soundcloud	0	https://w.soundcloud.com/player/?url=https://api.soundcloud.com/tracks/1209975823&show_artwork=true&color=%23ff5500&hide_related=true&show_comments=false&show_user=true&show_reposts=false&show_teaser=false&visual=true
1204	8wghr5k	Hardwell @ Mainstage, Ultra Music Festival Argentina	9.019	43100	14	1.0	91	0.648	youtube	0	https://www.youtube.com/watch?v=wiHr-perZ5k
1205	g5duf3k	Nicky Romero @ Mainstage, Tomorrowland Weekend 2, Belgium	9.019	35200	32	1.0	61	0.607	youtube	0	https://www.youtube.com/watch?v=p0WNr8vFS0I
1206	2uy59sk	Avicii @ KROQ Weenie Roast St. Louis, United States	9.017	17100	20	1.0	53	0.811	youtube	0	https://www.youtube.com/watch?v=yYehfOEpMbc
1207	zh8x41	Martin Garrix @ Lollapalooza, United States	9.017	11300	9	1.0	56	0.732	soundcloud	0	https://w.soundcloud.com/player/?url=https://api.soundcloud.com/tracks/161783978&show_artwork=true&color=%23ff5500&hide_related=true&show_comments=false&show_user=true&show_reposts=false&show_teaser=false&visual=true
1208	508ybz1	Armin van Buuren @ A State Of Trance Festival 700, SVP Stadium Mumbai, Netherlan	9.015	13400	22	1.0	58	0.603	soundcloud	0	https://w.soundcloud.com/player/?url=https://api.soundcloud.com/tracks/209114379&show_artwork=true&color=%23ff5500&hide_related=true&show_comments=false&show_user=true&show_reposts=false&show_teaser=false&visual=true
1209	967l8xk	Blasterjaxx @ Mainstage, Ultra Music Festival Miami, United States	9.013	46500	27	1.0	45	0.311	soundcloud	0	https://w.soundcloud.com/player/?url=https://api.soundcloud.com/tracks/198413677&show_artwork=true&color=%23ff5500&hide_related=true&show_comments=false&show_user=true&show_reposts=false&show_teaser=false&visual=true
1210	5gv9xp1	Two Friends & Steve James - 2F Friendly Sessions Ep. 15	9.009	457	0	0.913	23	0.261	soundcloud	1	https://w.soundcloud.com/player/?url=https://api.soundcloud.com/tracks/178484265&show_artwork=true&color=%23ff5500&hide_related=true&show_comments=false&show_user=true&show_reposts=false&show_teaser=false&visual=true
1211	1nb4371t	Lost Frequencies @ Mainstage, Tomorrowland Weekend 1, Belgium	9.008	32400	12	1.0	25	0.72	youtube	0	https://www.youtube.com/watch?v=DomObS9staI
1212	2kgnv3vk	RÜFÜS DU SOL @ Official Life Is Beautiful After Party, XS Nightclub Las Vegas, U	9.006	1500	2	0.955	22	0.091	youtube	1	https://www.youtube.com/watch?v=Q6kXIIDlZL0
1213	j0xnhd9	Armin van Buuren @ A State Of Trance Festival 900, Oakland-Alameda County Colise	9.006	10800	17	1.0	58	0.672	soundcloud	0	https://w.soundcloud.com/player/?url=https://api.soundcloud.com/tracks/644133798&show_artwork=true&color=%23ff5500&hide_related=true&show_comments=false&show_user=true&show_reposts=false&show_teaser=false&visual=true
1214	2870pry9	Kygo @ World Tour, O2 Arena London, United Kingdom	9.001	407	1	0.978	51	0.392	youtube	1	https://www.youtube.com/watch?v=-DBzNTX-dvg
1215	4ulmm1t	Alesso @ Road to Ultra, Taiwan	9.001	10800	5	1.0	38	0.789	soundcloud	0	https://w.soundcloud.com/player/?url=https://api.soundcloud.com/tracks/225183927&show_artwork=true&color=%23ff5500&hide_related=true&show_comments=false&show_user=true&show_reposts=false&show_teaser=false&visual=true
1216	bbwtql9	Marshmello @ Thursdays Just Dance, LIV Miami, United States	9.0	5600	4	1.0	41	0.951	soundcloud	0	https://w.soundcloud.com/player/?url=https://api.soundcloud.com/tracks/258039764&show_artwork=true&color=%23ff5500&hide_related=true&show_comments=false&show_user=true&show_reposts=false&show_teaser=false&visual=true
1217	cdw6crk	Martin Garrix @ Dutch Waters Liveset, Netherlands	9.0	23900	43	1.0	35	0.4	soundcloud	0	https://w.soundcloud.com/player/?url=https://api.soundcloud.com/tracks/814376299&show_artwork=true&color=%23ff5500&hide_related=true&show_comments=false&show_user=true&show_reposts=false&show_teaser=false&visual=true
1218	10zz1xwt	Hardwell @ Mainstage, Ultra Music Festival Miami, United States	8.999	83900	150	0.96	53	0.283	youtube	0	https://www.youtube.com/watch?v=uPhsq1msjl8
1219	2gn96tpt	Timmy Trumpet @ Mainstage, Ultra Music Festival Miami, United States	8.996	43000	40	0.978	60	0.55	youtube	0	https://www.youtube.com/watch?v=FxEJhxdRi4Q
1220	5n52x41	Tomas Heredia & Armin van Buuren & Ørjan Nilsen + More @ 650 New Horizons, A Sta	8.996	34300	29	1.0	18	0.611	youtube	0	https://www.youtube.com/watch?v=mfVj5L92Y9A
1221	2glxl0f9	FISHER @ Tripolee Stage, Electric Forest Festival, United States	8.995	2300	2	0.579	19	0.368	youtube	1	https://www.youtube.com/watch?v=rdE4QwAjjjI
1222	1fuuwul9	Armin van Buuren @ Mainstage, A State Of Trance Festival 900, Parque Bicentenari	8.994	13900	14	1.0	57	0.632	soundcloud	0	https://w.soundcloud.com/player/?url=https://api.soundcloud.com/tracks/684922999&show_artwork=true&color=%23ff5500&hide_related=true&show_comments=false&show_user=true&show_reposts=false&show_teaser=false&visual=true
1223	g5mqyr9	Tiësto - Club Life 654	8.994	5200	9	1.0	18	0.889	soundcloud	0	https://w.soundcloud.com/player/?url=https://api.soundcloud.com/tracks/697868806&show_artwork=true&color=%23ff5500&hide_related=true&show_comments=false&show_user=true&show_reposts=false&show_teaser=false&visual=true
1224	1fryhwk	Avicii & Sebastian Ingrosso & Armin van Buuren & Sunnery James & Ryan Marciano &	8.992	12200	12	1.0	43	0.674	soundcloud	0	https://w.soundcloud.com/player/?url=https://api.soundcloud.com/tracks/110900683&show_artwork=true&color=%23ff5500&hide_related=true&show_comments=false&show_user=true&show_reposts=false&show_teaser=false&visual=true
1225	7j6x3j9	Dimitri Vegas & Like Mike @ Mainstage, TomorrowWorld, United States	8.991	24300	12	1.0	62	0.774	youtube	0	https://www.youtube.com/watch?v=O1Pr-hsxf4o
1226	1ykq5mlt	Armin van Buuren @ A State Of Trance Festival 850, Sydney Showground, Australia	8.99	11000	18	1.0	55	0.655	soundcloud	0	https://w.soundcloud.com/player/?url=https://api.soundcloud.com/tracks/433128672&show_artwork=true&color=%23ff5500&hide_related=true&show_comments=false&show_user=true&show_reposts=false&show_teaser=false&visual=true
1227	21b0mh59	Armin van Buuren @ Mainstage, A State Of Trance Festival 800, Jaarbeurs Utrecht,	8.99	21300	25	1.0	33	0.727	youtube	0	https://www.youtube.com/watch?v=nMeugAP9OUw
1228	2qx9lh7k	Swedish House Mafia - BBC Radio 1 Dance Weekend	8.988	15600	36	0.95	27	0.556	soundcloud	0	https://w.soundcloud.com/player/?url=https://api.soundcloud.com/tracks/1101441673&show_artwork=true&color=%23ff5500&hide_related=true&show_comments=false&show_user=true&show_reposts=false&show_teaser=false&visual=true
1229	110l77w1	Hardwell @ Mainstage, Tomorrowland Weekend 2, Belgium	8.985	58500	126	0.939	61	0.393	youtube	0	https://www.youtube.com/watch?v=PasLhCLgwfw
1230	pzmfnw1	Diplo @ ForestHouse Art Car, Fremont Street Las Vegas, United States	8.985	652	5	0.956	54	0.185	youtube	1	https://www.youtube.com/watch?v=6CVR-Srr9xg
1231	1b0glk31	Oliver Heldens @ Main Stage, Tomorrowland, Belgium	8.984	32900	20	1.0	49	0.653	youtube	0	https://www.youtube.com/watch?v=Y-1s1wCTBKM
1232	27bj7szk	Two Friends @ Sunday MainStage, XS Nightclub Las Vegas, United States	8.983	183	2	0.957	77	0.532	youtube	1	https://www.youtube.com/watch?v=D0Jf2mi1d8A
1233	6n7l4gk	Armin van Buuren - A State of Trance 592 (Top 20 Of 2012)	8.982	6200	5	1.0	20	0.9	soundcloud	0	https://w.soundcloud.com/player/?url=https://api.soundcloud.com/tracks/72139050&show_artwork=true&color=%23ff5500&hide_related=true&show_comments=false&show_user=true&show_reposts=false&show_teaser=false&visual=true
1234	16lny49	Don Diablo - Hexagon Radio 047 (Yearmix)	8.979	4100	8	1.0	18	0.944	soundcloud	0	https://w.soundcloud.com/player/?url=https://api.soundcloud.com/tracks/238982700&show_artwork=true&color=%23ff5500&hide_related=true&show_comments=false&show_user=true&show_reposts=false&show_teaser=false&visual=true
1235	2604ddk	Two Friends & Nik Cooper - 2F Friendly Sessions Ep. 10	8.979	559	0	0.962	26	0.154	soundcloud	1	https://w.soundcloud.com/player/?url=https://api.soundcloud.com/tracks/146293218&show_artwork=true&color=%23ff5500&hide_related=true&show_comments=false&show_user=true&show_reposts=false&show_teaser=false&visual=true
1236	2dh88329	Hardwell @ Mainstage, Electric Zoo, United States	8.979	10500	13	1.0	91	0.692	soundcloud	0	https://w.soundcloud.com/player/?url=https://api.soundcloud.com/tracks/108273282&show_artwork=true&color=%23ff5500&hide_related=true&show_comments=false&show_user=true&show_reposts=false&show_teaser=false&visual=true
1237	cffntv9	John Summit @ Factory 93 Repopulate Mars Livestream, United States	8.978	1100	1	0.929	14	0.214	youtube	1	https://www.youtube.com/watch?v=gM6dxXUxGrc
1238	1uzlu6bk	FISHER @ Austin City Limits Music Festival, United States	8.976	334	1	1.0	15	0.4	youtube	1	https://www.youtube.com/watch?v=4zviUlqJPiI
1239	8hyl2s9	Swedish House Mafia @ Masquerade Motel Day 1, Los Angeles State Historic Park, U	8.976	12000	9	1.0	63	0.698	soundcloud	0	https://w.soundcloud.com/player/?url=https://api.soundcloud.com/tracks/84029755&show_artwork=true&color=%23ff5500&hide_related=true&show_comments=false&show_user=true&show_reposts=false&show_teaser=false&visual=true
1240	1zr29sk	R3HAB @ kineticFIELD, EDC Orlando, United States	8.975	12000	7	1.0	36	0.722	soundcloud	0	https://w.soundcloud.com/player/?url=https://api.soundcloud.com/tracks/119535436&show_artwork=true&color=%23ff5500&hide_related=true&show_comments=false&show_user=true&show_reposts=false&show_teaser=false&visual=true
1241	81y5w5t	Steve Aoki @ Mainstage, Tomorrowland, Belgium	8.975	24300	6	1.0	24	0.833	youtube	0	https://www.youtube.com/watch?v=7KygxwFJYZo
1242	1gr43rz9	Illenium @ cosmicMEADOW, EDC Las Vegas, United States	8.974	15200	8	0.939	39	0.718	soundcloud	0	https://w.soundcloud.com/player/?url=https://api.soundcloud.com/tracks/447884271&show_artwork=true&color=%23ff5500&hide_related=true&show_comments=false&show_user=true&show_reposts=false&show_teaser=false&visual=true
1243	25b7p2m9	Steve Angello @ Mainstage - The Gathering, Tomorrowland Winter, France	8.973	9000	20	1.0	28	0.679	soundcloud	0	https://w.soundcloud.com/player/?url=https://api.soundcloud.com/tracks/1475185948&show_artwork=true&color=%23ff5500&hide_related=true&show_comments=false&show_user=true&show_reposts=false&show_teaser=false&visual=true
1244	2j6y1px9	Nicky Romero @ Worldwide Stage, Ultra Music Festival Miami, Miami Music Week, Un	8.973	32400	28	1.0	39	0.615	youtube	0	https://www.youtube.com/watch?v=53b7vRUUaNg
1245	kvhvx9	Axwell @ Sunburn Festival, India	8.972	12900	5	1.0	72	0.736	soundcloud	0	https://w.soundcloud.com/player/?url=https://api.soundcloud.com/tracks/31981210&show_artwork=true&color=%23ff5500&hide_related=true&show_comments=false&show_user=true&show_reposts=false&show_teaser=false&visual=true
1246	90dvx7k	Dillon Francis @ Mainstage, Mysteryland US, United States	8.971	5600	6	1.0	20	0.9	soundcloud	0	https://w.soundcloud.com/player/?url=https://api.soundcloud.com/tracks/207357576&show_artwork=true&color=%23ff5500&hide_related=true&show_comments=false&show_user=true&show_reposts=false&show_teaser=false&visual=true
1247	2gpbuw81	Martin Garrix @ IDEM (18+ Show), RAI, Amsterdam Dance Event, Netherlands	8.97	30400	67	0.974	123	0.561	youtube	0	https://www.youtube.com/watch?v=cWJV0DgMqEA
1248	2bx1wypt	Axwell @ Mainstage, Tomorrowland Winter, France	8.969	11900	21	0.967	45	0.644	soundcloud	0	https://w.soundcloud.com/player/?url=https://api.soundcloud.com/tracks/1475760328&show_artwork=true&color=%23ff5500&hide_related=true&show_comments=false&show_user=true&show_reposts=false&show_teaser=false&visual=true
1249	82ymq4k	Hardwell - Beats 1 Radio	8.969	12000	23	1.0	35	0.6	soundcloud	0	https://w.soundcloud.com/player/?url=https://api.soundcloud.com/tracks/228955114&show_artwork=true&color=%23ff5500&hide_related=true&show_comments=false&show_user=true&show_reposts=false&show_teaser=false&visual=true
1250	1zl1l1vt	Diplo @ Abracadabra Virtual Festival, United States	8.968	1400	2	1.0	24	0.042	youtube	1	https://www.youtube.com/watch?v=oWGXCjyqtqs
1251	3cww9x1	Swedish House Mafia @ Friends Arena Stockholm Day 3, Sweden	8.967	16300	14	1.0	60	0.833	youtube	0	https://www.youtube.com/watch?v=2p1uuN5hx_U
1252	1zgtlfht	Armin van Buuren @ Mainstage, Tomorrowland Weekend 2, Belgium	8.966	29600	20	1.0	33	0.667	youtube	0	https://www.youtube.com/watch?v=K0tj7aHuTBg
1253	1nknutqk	k?d & Disco Lines - Night Owl Radio 392	8.964	418	0	1.0	41	0.171	soundcloud	1	https://w.soundcloud.com/player/?url=https://api.soundcloud.com/tracks/1449638116&show_artwork=true&color=%23ff5500&hide_related=true&show_comments=false&show_user=true&show_reposts=false&show_teaser=false&visual=true
1254	prbu4x9	Swedish Egil & John Summit - Groove Radio International #1503	8.964	534	0	1.0	17	0.118	soundcloud	1	https://w.soundcloud.com/player/?url=https://api.soundcloud.com/tracks/1084263163&show_artwork=true&color=%23ff5500&hide_related=true&show_comments=false&show_user=true&show_reposts=false&show_teaser=false&visual=true
1255	176y5bwk	RL Grime @ The Other Tent, Bonnaroo Music Festival, United States	8.963	16900	10	0.96	68	0.647	soundcloud	0	https://w.soundcloud.com/player/?url=https://api.soundcloud.com/tracks/268872371&show_artwork=true&color=%23ff5500&hide_related=true&show_comments=false&show_user=true&show_reposts=false&show_teaser=false&visual=true
1256	23759y9	Alesso @ Mainstage, Tomorrowland Weekend 2, Belgium	8.963	23800	28	1.0	31	0.677	youtube	0	https://www.youtube.com/watch?v=VhsF2mAToLw
1257	ybdsvy9	Kygo @ World Tour, Inspire Arena Incheon, South Korea	8.962	322	2	0.977	50	0.38	youtube	1	https://www.youtube.com/watch?v=ycTzXp4G7aI
1258	7mtfp49	Oliver Heldens @ Sensation The Legacy, Amsterdam Arena, Netherlands	8.961	13500	10	0.969	51	0.686	soundcloud	0	https://w.soundcloud.com/player/?url=https://api.soundcloud.com/tracks/213317150&show_artwork=true&color=%23ff5500&hide_related=true&show_comments=false&show_user=true&show_reposts=false&show_teaser=false&visual=true
1259	7d7hwtt	Chris Lake @ Alive Music Festival Monterrey, Mexico	8.959	2400	2	0.56	25	0.36	youtube	1	https://www.youtube.com/watch?v=tUO99FnEmW4
1260	ludl15k	ALOK @ Mainstage, Tomorrowland Weekend 1, Belgium	8.959	39100	26	0.976	100	0.6	youtube	0	https://www.youtube.com/watch?v=iqt4-cJExWE
1261	7pr99sk	R3hab @ Spinnin' Records HQ	8.958	12700	10	1.0	12	0.917	youtube	0	https://www.youtube.com/watch?v=IvCUmdozrmc
1262	1q3wuuh9	Martin Garrix @ Perry's Stage, Lollapalooza, United States	8.956	11200	13	1.0	81	0.667	soundcloud	0	https://w.soundcloud.com/player/?url=https://api.soundcloud.com/tracks/291215093&show_artwork=true&color=%23ff5500&hide_related=true&show_comments=false&show_user=true&show_reposts=false&show_teaser=false&visual=true
1263	2tl5fqhk	Hardwell @ Mainstage, Ultra Europe, Croatia	8.956	23700	23	1.0	23	0.696	youtube	0	https://www.youtube.com/watch?v=gqjfwzBCv0c
1264	2qs4j9y1	KSHMR @ kineticFIELD, EDC Orlando, United States	8.954	4300	5	1.0	29	0.966	soundcloud	0	https://w.soundcloud.com/player/?url=https://api.soundcloud.com/tracks/354462119&show_artwork=true&color=%23ff5500&hide_related=true&show_comments=false&show_user=true&show_reposts=false&show_teaser=false&visual=true
1265	w4fj3c1	AFROJACK @ Mainstage, Tomorrowland Weekend 1, Belgium	8.954	43900	29	0.978	86	0.558	youtube	0	https://www.youtube.com/watch?v=xmJAKD3E2Ys
1266	64538xt	Nicky Romero @ Mainstage, Tomorrowland, Belgium	8.953	51800	55	1.0	37	0.432	youtube	0	https://www.youtube.com/watch?v=tW1WRmJVXnY
1267	36q88x1	Armin van Buuren @ A State Of Trance 650 New Horizons, Eco Park Ancol Jakarta, I	8.951	26500	13	1.0	44	0.727	youtube	0	https://www.youtube.com/watch?v=diVS40hoFW8
1268	1utslt51	Sebastian Ingrosso @ Refune Stage, Tomorrowland Weekend 1, Belgium	8.95	47600	9	1.0	55	0.636	youtube	0	https://www.youtube.com/watch?v=qkIvs6Z-5Ms
1269	nnjn83k	The Chainsmokers @ Mainstage, Ultra Music Festival Miami, Miami Music Week, Unit	8.95	71200	46	0.971	110	0.409	youtube	0	https://www.youtube.com/watch?v=86Z5TeUyD-g
1270	2bq6fvfk	ILLENIUM @ Live Arena, Ultra Music Festival Miami, Miami Music Week, United Stat	8.947	19000	25	0.976	53	0.755	youtube	0	https://www.youtube.com/watch?v=5wKctenteBc
1271	2k9hnh09	Galantis @ Festival Internacional Del Globo, Mexico	8.947	50	0	1.0	23	0.87	youtube	1	https://www.youtube.com/watch?v=Pyv0d_hpI0M
1272	64b7fvk	Armin van Buuren @ Mainstage, TomorrowWorld, United States	8.946	19300	24	1.0	52	0.481	soundcloud	0	https://w.soundcloud.com/player/?url=https://api.soundcloud.com/tracks/225901800&show_artwork=true&color=%23ff5500&hide_related=true&show_comments=false&show_user=true&show_reposts=false&show_teaser=false&visual=true
1273	6zcmn9	Armin van Buuren @ G.E.B.A. Buenos Aires, Argentina (A State Of Trance 500)	8.942	7500	7	1.0	26	0.808	soundcloud	0	https://w.soundcloud.com/player/?url=https://api.soundcloud.com/tracks/13021354&show_artwork=true&color=%23ff5500&hide_related=true&show_comments=false&show_user=true&show_reposts=false&show_teaser=false&visual=true
1274	1ndl90pk	Oliver Heldens @ Mainstage (Daybreak Sessions), Tomorrowland Around The World	8.941	10300	20	1.0	30	0.633	soundcloud	0	https://w.soundcloud.com/player/?url=https://api.soundcloud.com/tracks/871395901&show_artwork=true&color=%23ff5500&hide_related=true&show_comments=false&show_user=true&show_reposts=false&show_teaser=false&visual=true
1275	d6t031k	Axwell @ Axtone Stage, Tomorrowland, Belgium	8.937	14200	16	1.0	65	0.585	soundcloud	0	https://w.soundcloud.com/player/?url=https://api.soundcloud.com/tracks/280585544&show_artwork=true&color=%23ff5500&hide_related=true&show_comments=false&show_user=true&show_reposts=false&show_teaser=false&visual=true
1276	12ktwr5t	Alesso @ Mainstage, Tomorrowland Brasil, Brazil	8.936	18800	15	1.0	50	0.78	youtube	0	https://www.youtube.com/watch?v=p0i6IxsyBNM
1277	2r2qjk2k	John Summit - SPUTNIK Club	8.936	363	0	1.0	16	0.188	soundcloud	1	https://w.soundcloud.com/player/?url=https://api.soundcloud.com/tracks/1769373375&show_artwork=true&color=%23ff5500&hide_related=true&show_comments=false&show_user=true&show_reposts=false&show_teaser=false&visual=true
1278	4k02hgk	Tiësto & Martin Garrix @ 538 JingleBall, Ziggo Dome Amsterdam, Netherlands	8.936	21300	31	1.0	62	0.677	youtube	0	https://www.youtube.com/watch?v=A0b_E3db_aI
1279	2q3gm521	Chris Lake @ Mission Ballroom Denver, United States	8.935	414	1	1.0	15	0.333	youtube	1	https://www.youtube.com/watch?v=NrPxOHw6DN8
1280	4w4ktn9	Sebastian Ingrosso @ Dance Red Save Live 2, Stereosonic Sydney, Australia	8.935	17800	13	1.0	36	0.806	youtube	0	https://www.youtube.com/watch?v=c-3zNfUgia4
1281	1q6w6241	Oliver Heldens @ Mainstage, Tomorrowland Weekend 1, Belgium	8.934	24200	24	1.0	37	0.676	youtube	0	https://www.youtube.com/watch?v=u8wiN9gIVrk
1282	29szmct	Armin van Buuren @ Mainstage, Tomorrowland Brasil	8.933	32100	36	1.0	28	0.571	youtube	0	https://www.youtube.com/watch?v=fm1NMwV9cX8
1283	1qfq0ju1	Armin van Buuren @ kineticFIELD, EDC Las Vegas, United States	8.931	25500	47	0.967	48	0.625	youtube	0	https://www.youtube.com/watch?v=GMm0MheUdBA
1284	196c7mg9	Diplo & Rhye @ Corona Sabbath, United States	8.93	1200	1	0.95	20	0.15	youtube	1	https://www.youtube.com/watch?v=UE4WQeQ_D3M
1285	27xscn6t	Timmy Trumpet & W&W @ kineticFIELD, EDC Mexico	8.93	10300	18	1.0	81	0.889	youtube	0	https://www.youtube.com/watch?v=xGYcrH-QitA
1286	2btyyqct	Martin Garrix @ Mainstage, Electric Love Festival, Austria	8.93	12400	32	1.0	39	0.538	soundcloud	0	https://w.soundcloud.com/player/?url=https://api.soundcloud.com/tracks/1114274005&show_artwork=true&color=%23ff5500&hide_related=true&show_comments=false&show_user=true&show_reposts=false&show_teaser=false&visual=true
1287	2d9q8w1	Steve Aoki @ Mainstage, TomorrowWorld, United States	8.93	17400	8	1.0	33	0.606	soundcloud	0	https://w.soundcloud.com/player/?url=https://api.soundcloud.com/tracks/174115928&show_artwork=true&color=%23ff5500&hide_related=true&show_comments=false&show_user=true&show_reposts=false&show_teaser=false&visual=true
1288	nmwnr8k	David Guetta @ Mainstage, Tomorrowland Weekend 2, Belgium	8.93	30000	29	1.0	56	0.607	youtube	0	https://www.youtube.com/watch?v=vTuBS2dXKbc
1289	3pp2fj1	Nicky Romero @ EMPO Awards 6th Anniversary, Centro Banamex City, Mexico	8.929	20700	8	1.0	33	0.818	youtube	0	https://www.youtube.com/watch?v=y5xCQyxujck
1290	19b9pk5k	Armin van Buuren @ Mainstage, Ultra Music Festival Miami, United States	8.928	17300	27	1.0	30	0.733	youtube	0	https://www.youtube.com/watch?v=S-oc9lxsGUI
1291	pjjfszk	Hardwell - Hardwell On Air 260	8.927	22000	36	1.0	20	0.65	youtube	0	https://www.youtube.com/watch?v=Br-mOQ_x-Ik
1292	rgmpv8t	4B & Good Times Ahead & Valentino Khan @ circuitGROUNDS, EDC Orlando, United Sta	8.926	29400	18	0.965	117	0.444	soundcloud	0	https://w.soundcloud.com/player/?url=https://api.soundcloud.com/tracks/529877124&show_artwork=true&color=%23ff5500&hide_related=true&show_comments=false&show_user=true&show_reposts=false&show_teaser=false&visual=true
1293	1qch6uvk	Axwell & Steve Angello @ The Moment, The TLV Tel Aviv, Israel	8.925	11100	21	1.0	48	0.604	soundcloud	0	https://w.soundcloud.com/player/?url=https://api.soundcloud.com/tracks/1253179765&show_artwork=true&color=%23ff5500&hide_related=true&show_comments=false&show_user=true&show_reposts=false&show_teaser=false&visual=true
1294	j5dqpbt	Diplo @ Tantra Bohemian Luxury Beach Club Tulum, Mexico	8.924	479	0	1.0	33	0.121	soundcloud	1	https://w.soundcloud.com/player/?url=https://api.soundcloud.com/tracks/1195334326&show_artwork=true&color=%23ff5500&hide_related=true&show_comments=false&show_user=true&show_reposts=false&show_teaser=false&visual=true
1295	5fw5ntk	deadmau5 @ Made In America Festival Philadelphia, United States	8.922	9800	2	1.0	13	0.846	soundcloud	0	https://w.soundcloud.com/player/?url=https://api.soundcloud.com/tracks/108392951&show_artwork=true&color=%23ff5500&hide_related=true&show_comments=false&show_user=true&show_reposts=false&show_teaser=false&visual=true
1296	npp2y31	Brooks @ 1001Tracklists Live (Miami Music Week, United States)	8.922	5000	6	1.0	10	0.9	soundcloud	0	https://w.soundcloud.com/player/?url=https://api.soundcloud.com/tracks/617886960&show_artwork=true&color=%23ff5500&hide_related=true&show_comments=false&show_user=true&show_reposts=false&show_teaser=false&visual=true
1297	1xlctd49	Hardwell @ Mainstage, Sziget Festival Budapest, Hungary	8.919	16300	44	1.0	71	0.69	youtube	0	https://www.youtube.com/watch?v=A3l3NBSXRBQ
1298	2tj8g771	Armin van Buuren @ Mainstage, Ultra Music Festival Korea, South Korea	8.919	34500	18	1.0	58	0.621	youtube	0	https://www.youtube.com/watch?v=bzYX2cLzBhA
1299	6rplgv1	Hardwell @ W&W & Friends, Beat Club Amsterdam, Amsterdam Dance Event, Netherland	8.919	11100	4	1.0	21	0.762	soundcloud	0	https://w.soundcloud.com/player/?url=https://api.soundcloud.com/tracks/115657807&show_artwork=true&color=%23ff5500&hide_related=true&show_comments=false&show_user=true&show_reposts=false&show_teaser=false&visual=true
1300	9j1bf39	AFROJACK @ Mainstage, Ultra Music Festival Miami, Miami Music Week, United State	8.918	58500	36	0.981	179	0.453	youtube	0	https://www.youtube.com/watch?v=uDgeqwSZlqw
1301	dclx8jk	Alesso @ Road To Ultra, Taiwan	8.914	45400	35	1.0	47	0.489	youtube	0	https://www.youtube.com/watch?v=D1OFjKiRqZw
1302	1c9jjnpt	Artomik & John Summit - Bounce Radio	8.913	359	0	1.0	28	0.179	soundcloud	1	https://w.soundcloud.com/player/?url=https://api.soundcloud.com/tracks/1747971954&show_artwork=true&color=%23ff5500&hide_related=true&show_comments=false&show_user=true&show_reposts=false&show_teaser=false&visual=true
1303	1hvghsg1	Disco Lines @ Ministry Of Sound Recordings Dance Nation Takeover, United States	8.913	896	1	0.857	21	0.048	soundcloud	1	https://w.soundcloud.com/player/?url=https://api.soundcloud.com/tracks/1291798900&show_artwork=true&color=%23ff5500&hide_related=true&show_comments=false&show_user=true&show_reposts=false&show_teaser=false&visual=true
1304	25ys3sh1	Hardwell @ Amsterdam Music Festival, Amsterdam Dance Event, Netherlands	8.913	19200	32	1.0	54	0.685	youtube	0	https://www.youtube.com/watch?v=w9VmFk9S7jg
1305	2vjccc1t	Diplo - Records On Records 114	8.913	1200	0	1.0	18	0.167	youtube	1	https://www.youtube.com/watch?v=oHcnPoMtqRQ
1306	1gq7s31t	Armin van Buuren @ kineticFIELD, EDC Las Vegas, United States	8.912	17100	36	1.0	43	0.698	youtube	0	https://www.youtube.com/watch?v=_tvWkb2r-0o
1307	5qjpy9t	Avicii @ Ultra Buenos Aires, Ultra Music Festival Argentina	8.911	18700	18	1.0	48	0.75	youtube	0	https://www.youtube.com/watch?v=IXZIU-uj37M
1308	28zjch9	Two Friends & PRFFTT & Svyable - 2F Friendly Sessions Ep. 07	8.91	356	0	1.0	28	0.179	soundcloud	1	https://w.soundcloud.com/player/?url=https://api.soundcloud.com/tracks/127456390&show_artwork=true&color=%23ff5500&hide_related=true&show_comments=false&show_user=true&show_reposts=false&show_teaser=false&visual=true
1309	6k4f2ct	Dada Life @ Electric Zoo, United States	8.91	10700	7	1.0	21	0.714	soundcloud	0	https://w.soundcloud.com/player/?url=https://api.soundcloud.com/tracks/58442224&show_artwork=true&color=%23ff5500&hide_related=true&show_comments=false&show_user=true&show_reposts=false&show_teaser=false&visual=true
1310	hznxrw9	Don Diablo @ kineticFIELD, EDC Las Vegas, United States	8.91	14500	15	0.982	63	0.841	youtube	0	https://www.youtube.com/watch?v=anQUi5Q-d2o
1311	1s1t8pct	Armin van Buuren @ A State Of Trance Festival 850, Live Park Rama 9 Bangkok, Tha	8.908	10600	17	1.0	51	0.627	soundcloud	0	https://w.soundcloud.com/player/?url=https://api.soundcloud.com/tracks/545387601&show_artwork=true&color=%23ff5500&hide_related=true&show_comments=false&show_user=true&show_reposts=false&show_teaser=false&visual=true
1312	20ybnwk	Blasterjaxx @ circuitGROUNDS, EDC Las Vegas, United States	8.907	22100	14	0.978	57	0.509	soundcloud	0	https://w.soundcloud.com/player/?url=https://api.soundcloud.com/tracks/213439281&show_artwork=true&color=%23ff5500&hide_related=true&show_comments=false&show_user=true&show_reposts=false&show_teaser=false&visual=true
1313	8kzpth1	Tchami - Confessions #3	8.906	24300	10	1.0	24	0.5	soundcloud	0	https://w.soundcloud.com/player/?url=https://api.soundcloud.com/tracks/236971371&show_artwork=true&color=%23ff5500&hide_related=true&show_comments=false&show_user=true&show_reposts=false&show_teaser=false&visual=true
1314	hy0cwkk	Dillon Francis @ HARD Summer Festival, United States	8.906	19100	10	0.937	65	0.615	soundcloud	0	https://w.soundcloud.com/player/?url=https://api.soundcloud.com/tracks/290406403&show_artwork=true&color=%23ff5500&hide_related=true&show_comments=false&show_user=true&show_reposts=false&show_teaser=false&visual=true
1315	scrm5k	Steve Angello @ Escape From Wonderland, United States	8.906	16300	4	0.972	60	0.7	soundcloud	0	https://w.soundcloud.com/player/?url=https://api.soundcloud.com/tracks/300691868&show_artwork=true&color=%23ff5500&hide_related=true&show_comments=false&show_user=true&show_reposts=false&show_teaser=false&visual=true
1316	1c8dtwb9	Armin van Buuren @ Mainstage, Tomorrowland Weekend 2, Belgium	8.905	21200	61	0.952	36	0.639	youtube	0	https://www.youtube.com/watch?v=YtTls69zasM
1317	26mkjct	KSHMR - Welcome to KSHMR Vol. 4 Genesis	8.904	9300	15	0.944	18	0.722	soundcloud	0	https://w.soundcloud.com/player/?url=https://api.soundcloud.com/tracks/190059247&show_artwork=true&color=%23ff5500&hide_related=true&show_comments=false&show_user=true&show_reposts=false&show_teaser=false&visual=true
1318	4sl1809	Swedish House Mafia - Until Now Continuous Mix	8.904	14900	18	1.0	44	0.795	youtube	0	https://www.youtube.com/watch?v=SOkGvdGDwMU
1319	6rhx621	R3HAB @ circuitGROUNDS, EDC Las Vegas, United States	8.904	12300	3	1.0	37	0.757	soundcloud	0	https://w.soundcloud.com/player/?url=https://api.soundcloud.com/tracks/98065812&show_artwork=true&color=%23ff5500&hide_related=true&show_comments=false&show_user=true&show_reposts=false&show_teaser=false&visual=true
1320	1funjx5t	The Chainsmokers @ Mainstage, Ultra Europe, Croatia	8.902	18000	21	0.963	160	0.525	soundcloud	0	https://w.soundcloud.com/player/?url=https://api.soundcloud.com/tracks/652193054&show_artwork=true&color=%23ff5500&hide_related=true&show_comments=false&show_user=true&show_reposts=false&show_teaser=false&visual=true
1321	5fw564t	Axwell @ Where's The Party, Maritime Museum Stockholm, Sweden	8.902	20300	28	1.0	66	0.682	youtube	0	https://www.youtube.com/watch?v=gtcx7sjmtSs
1322	2rvvgf11	Tiësto - Club Life 770 (Tiësto Yearmix)	8.901	8400	29	1.0	21	0.619	soundcloud	0	https://w.soundcloud.com/player/?url=https://api.soundcloud.com/tracks/1183068226&show_artwork=true&color=%23ff5500&hide_related=true&show_comments=false&show_user=true&show_reposts=false&show_teaser=false&visual=true
1323	654muct	Swedish House Mafia @ BBC Radio 1 Hackney Weekend (Hackney Marshes, United Kingd	8.901	11000	6	1.0	32	0.719	soundcloud	0	https://w.soundcloud.com/player/?url=https://api.soundcloud.com/tracks/50738144&show_artwork=true&color=%23ff5500&hide_related=true&show_comments=false&show_user=true&show_reposts=false&show_teaser=false&visual=true
1324	fkk9cyk	Diplo @ Lençóis Maranhenses National Park, Brazil	8.901	2000	4	0.875	16	0.0	youtube	1	https://www.youtube.com/watch?v=RZfH7hAYqyU
1325	2dl4h9kk	Armin van Buuren @ Mainstage, Tomorrowland Weekend 1, Belgium	8.9	31400	27	1.0	39	0.59	youtube	0	https://www.youtube.com/watch?v=cfiEOuc4GG4
1326	y0vw169	Diplo @ Movement by Michelob, United States	8.898	738	3	0.9	14	0.214	youtube	1	https://www.youtube.com/watch?v=T0mWjw6_rYM
1327	1vqrjtr9	Hardwell - Hardwell On Air 279	8.897	15800	19	1.0	21	0.524	soundcloud	0	https://w.soundcloud.com/player/?url=https://api.soundcloud.com/tracks/277020803&show_artwork=true&color=%23ff5500&hide_related=true&show_comments=false&show_user=true&show_reposts=false&show_teaser=false&visual=true
1328	3l5gsk1	Tiesto - Club Life 325	8.894	6400	14	1.0	24	0.75	soundcloud	0	https://w.soundcloud.com/player/?url=https://api.soundcloud.com/tracks/98363954&show_artwork=true&color=%23ff5500&hide_related=true&show_comments=false&show_user=true&show_reposts=false&show_teaser=false&visual=true
1329	1zu1fmu9	Swedish House Mafia @ Mainstage, Tomorrowland Weekend 2, Belgium	8.892	21100	41	1.0	43	0.628	youtube	0	https://www.youtube.com/watch?v=dSK13X9oGi8
1330	13krgu61	Armin van Buuren @ Theater, Hï Ibiza, Spain	8.89	36800	30	0.99	142	0.549	youtube	0	https://www.youtube.com/watch?v=3PsmFqdPsMY
1331	1ftj4jg1	Mike Williams @ Musical Freedom Stage, Tomorrowland Weekend 1, Belgium	8.889	21900	11	1.0	57	0.754	youtube	0	https://www.youtube.com/watch?v=x_1bPWK4-qg
1332	2gdf41y1	Afrojack @ kineticFIELD, EDC Las Vegas, United States	8.889	13200	13	1.0	82	0.598	soundcloud	0	https://w.soundcloud.com/player/?url=https://api.soundcloud.com/tracks/447273678&show_artwork=true&color=%23ff5500&hide_related=true&show_comments=false&show_user=true&show_reposts=false&show_teaser=false&visual=true
1333	14u3rs49	Kygo @ Kygo World Tour, Huntington Bank Pavilion, United States	8.888	465	0	0.974	44	0.386	youtube	1	https://www.youtube.com/watch?v=AMX2gAlszME
1334	15fbz39	Steve Aoki @ Dim Mak Stage, Tomorrowland Weekend 2, Belgium	8.888	12800	7	0.974	42	0.69	soundcloud	0	https://w.soundcloud.com/player/?url=https://api.soundcloud.com/tracks/161436756&show_artwork=true&color=%23ff5500&hide_related=true&show_comments=false&show_user=true&show_reposts=false&show_teaser=false&visual=true
1335	1qkxktt1	John Summit @ Perry's Stage, Lollapalooza, India	8.887	123	1	1.0	28	0.571	youtube	1	https://www.youtube.com/watch?v=EjIUT8PE68E
1336	20t989wt	it's murph @ Phoenix Lights Festival, United States	8.887	462	2	0.85	46	0.391	youtube	1	https://www.youtube.com/watch?v=Yu3IrRpBtDk
1337	19kmt9k	DJ Snake - Triple J (JJJ)	8.886	6100	3	1.0	10	0.9	soundcloud	0	https://w.soundcloud.com/player/?url=https://api.soundcloud.com/tracks/237403572&show_artwork=true&color=%23ff5500&hide_related=true&show_comments=false&show_user=true&show_reposts=false&show_teaser=false&visual=true
1338	2gn8zh9t	Zedd @ Mainstage, Ultra Music Festival Miami, United States	8.886	13600	22	1.0	28	0.786	youtube	0	https://www.youtube.com/watch?v=MuAI7iw4VnI
1339	nygktu9	Hardwell @ Mainstage, Ultra Music Festival Miami, United States	8.886	50700	142	0.941	86	0.36	youtube	0	https://www.youtube.com/watch?v=w3zCxh-70Ms
1340	12m0bugt	Illenium @ Mainstage, Electric Zoo, United States	8.885	6200	5	0.963	27	0.889	soundcloud	0	https://w.soundcloud.com/player/?url=https://api.soundcloud.com/tracks/340665437&show_artwork=true&color=%23ff5500&hide_related=true&show_comments=false&show_user=true&show_reposts=false&show_teaser=false&visual=true
1341	1zgf8mxt	Armin van Buuren @ Mainstage, A State Of Trance Festival 800 (Vinyl Set), Jaarbe	8.885	14000	29	1.0	12	0.75	youtube	0	https://www.youtube.com/watch?v=P31uJHKxgiY
1342	87xcyj1	Blasterjaxx @ Super You&Me Stage, Tomorrowland Weekend 2, Belgium	8.884	42800	26	0.984	73	0.534	youtube	0	https://www.youtube.com/watch?v=qMj7M-RUvn4
1343	14fbrrr9	Vicetone @ Worldwide Stage, Ultra Music Festival Miami, United States	8.883	20200	28	1.0	26	0.423	soundcloud	0	https://w.soundcloud.com/player/?url=https://api.soundcloud.com/tracks/254576821&show_artwork=true&color=%23ff5500&hide_related=true&show_comments=false&show_user=true&show_reposts=false&show_teaser=false&visual=true
1344	39j6t6t	Avicii @ B96 Pepsi Jingle Bash, Allstate Arena Chicago, United States	8.883	18700	9	1.0	36	0.806	youtube	0	https://www.youtube.com/watch?v=L3GNfzSzfpU
1345	2ujzkjmt	Valentino Khan @ cosmicMEADOW, EDC Las Vegas, United States	8.881	12700	9	0.987	89	0.652	soundcloud	0	https://w.soundcloud.com/player/?url=https://api.soundcloud.com/tracks/625389291&show_artwork=true&color=%23ff5500&hide_related=true&show_comments=false&show_user=true&show_reposts=false&show_teaser=false&visual=true
1346	l1hu9wk	Chris Lake & Riva Starr & Florian Schumacher - ClubDing	8.881	759	0	1.0	22	0.0	soundcloud	1	https://w.soundcloud.com/player/?url=https://api.soundcloud.com/tracks/1056210340&show_artwork=true&color=%23ff5500&hide_related=true&show_comments=false&show_user=true&show_reposts=false&show_teaser=false&visual=true
1347	qwjs31t	John Summit @ Movement Closing Party, Russell Industrial Center, United States	8.881	1200	1	0.742	33	0.333	youtube	1	https://www.youtube.com/watch?v=6V7RWb7PpTQ
1348	1tw6dnsk	Armin van Buuren @ A State Of Trance 836 (AFAS Live, Amsterdam Dance Event, Neth	8.879	11000	11	1.0	57	0.649	soundcloud	0	https://w.soundcloud.com/player/?url=https://api.soundcloud.com/tracks/347717114&show_artwork=true&color=%23ff5500&hide_related=true&show_comments=false&show_user=true&show_reposts=false&show_teaser=false&visual=true
1349	4ug493t	AFROJACK @ Mainstage, Tomorrowland, Belgium	8.877	49100	18	0.974	51	0.549	youtube	0	https://www.youtube.com/watch?v=kSbDtgn2Zak
1350	8jjjy8k	Armin van Buuren @ Who's Afraid Of 138?! Stage, 650 New Horizons, A State Of Tra	8.877	14000	13	1.0	19	0.579	soundcloud	0	https://w.soundcloud.com/player/?url=https://api.soundcloud.com/tracks/135082626&show_artwork=true&color=%23ff5500&hide_related=true&show_comments=false&show_user=true&show_reposts=false&show_teaser=false&visual=true
1351	1w0hwttk	Dom Dolla @ circuitGROUNDS, EDC Las Vegas, United States	8.876	16800	19	1.0	32	0.5	soundcloud	0	https://w.soundcloud.com/player/?url=https://api.soundcloud.com/tracks/1545170443&show_artwork=true&color=%23ff5500&hide_related=true&show_comments=false&show_user=true&show_reposts=false&show_teaser=false&visual=true
1352	2sly3nn9	Hardwell - Hardwell On Air Year Mix 2016 Part 1	8.876	25300	43	1.0	66	0.576	youtube	0	https://www.youtube.com/watch?v=2iJ1xICZYGc
1353	629k2w9	Sebastian Ingrosso @ All Mixed Up, Nassau Coliseum, Pier 94 New York	8.876	8100	13	1.0	38	0.947	youtube	0	https://www.youtube.com/watch?v=3C7fudacRK8
1354	6qwyj1	Swedish House Mafia @ kineticFIELD, EDC Las Vegas, United States	8.875	29100	8	1.0	53	0.717	youtube	0	https://www.youtube.com/watch?v=AioLBaFhIhc
1355	5962uct	Afrojack @ circuitGROUNDS, EDC New York, United States	8.874	13800	18	1.0	53	0.547	soundcloud	0	https://w.soundcloud.com/player/?url=https://api.soundcloud.com/tracks/206946143&show_artwork=true&color=%23ff5500&hide_related=true&show_comments=false&show_user=true&show_reposts=false&show_teaser=false&visual=true
1356	1hy0lzr9	RÜFÜS DU SOL @ Zamna, Hipódromo De Las Americas Mexico City, Mexico	8.873	1200	1	0.929	14	0.143	youtube	1	https://www.youtube.com/watch?v=KZEvpFIrZ_w
1357	1tb7j95k	Disco Lines - Good Good Radio 016	8.873	277	0	1.0	14	0.214	soundcloud	1	https://w.soundcloud.com/player/?url=https://api.soundcloud.com/tracks/1987377507&show_artwork=true&color=%23ff5500&hide_related=true&show_comments=false&show_user=true&show_reposts=false&show_teaser=false&visual=true
1358	14um0vk	Calvin Harris @ TomorrowWorld Atlanta, United States	8.872	38700	23	1.0	53	0.547	youtube	0	https://www.youtube.com/watch?v=12boFnozSW4
1359	2rp3yg49	Hardwell @ 538 JingleBall, Ziggo Dome Amsterdam, Netherlands	8.871	19100	45	1.0	89	0.629	youtube	0	https://www.youtube.com/watch?v=UnNl_pocgoA
1360	l7j0jk1	John Summit & Sean Maynard - Dance Anthems Radio Show 269	8.871	481	0	1.0	32	0.094	soundcloud	1	https://w.soundcloud.com/player/?url=https://api.soundcloud.com/tracks/2102240463&show_artwork=true&color=%23ff5500&hide_related=true&show_comments=false&show_user=true&show_reposts=false&show_teaser=false&visual=true
1361	ylj589	deadmau5 @ Mainstage, Ultra Music Festival Miami, United States	8.871	22400	10	1.0	20	0.75	youtube	0	https://www.youtube.com/watch?v=iM2_VoumXBc
1362	20d8vn9	Martin Garrix @ Mainstage, TomorrowWorld, United States	8.87	25600	15	1.0	50	0.68	youtube	0	https://www.youtube.com/watch?v=McX6FPfeKgk
1363	22k8z5r1	Armin van Buuren @ Armada In The Mix, New York	8.87	7000	24	1.0	23	0.913	youtube	0	https://www.youtube.com/watch?v=bZDpP2eKHoM
1364	4wck43t	Martin Garrix @ Club Life 3rd Annual Celebration, SiriusXM Music Lounge, Miami W	8.867	5600	4	1.0	26	0.885	soundcloud	0	https://w.soundcloud.com/player/?url=https://api.soundcloud.com/tracks/141674937&show_artwork=true&color=%23ff5500&hide_related=true&show_comments=false&show_user=true&show_reposts=false&show_teaser=false&visual=true
1365	25zd4s61	Armin van Buuren @ Mainstage, Ultra Europe Split, Croatia	8.866	11100	10	1.0	40	0.65	soundcloud	0	https://w.soundcloud.com/player/?url=https://api.soundcloud.com/tracks/333386023&show_artwork=true&color=%23ff5500&hide_related=true&show_comments=false&show_user=true&show_reposts=false&show_teaser=false&visual=true
1366	3j0dxq1	deadmau5 @ Cream, Amnesia Ibiza, Spain	8.865	11100	11	1.0	25	0.64	soundcloud	0	https://w.soundcloud.com/player/?url=https://api.soundcloud.com/tracks/166000542&show_artwork=true&color=%23ff5500&hide_related=true&show_comments=false&show_user=true&show_reposts=false&show_teaser=false&visual=true
1367	u5u13lt	AFROJACK @ Mainstage, Tomorrowland, Belgium	8.865	29400	20	1.0	68	0.618	youtube	0	https://www.youtube.com/watch?v=vkYbZP7g-0U
1368	4vjczmt	Dimitri Vegas & Like Mike - Promo Mix Tomorrowland Aftermovie 2012 Vol. 2	8.864	20100	20	0.9	10	0.8	youtube	0	https://www.youtube.com/watch?v=DrOGVOtsEMU
1369	qw0749k	it's murph @ circuitGROUNDS, EDC Mexico	8.864	535	2	0.792	32	0.406	youtube	1	https://www.youtube.com/watch?v=r00U78uzNuM
1370	20fs70g1	Armin van Buuren @ Mainstage, Ultra Music Festival Japan	8.86	13100	17	1.0	61	0.557	soundcloud	0	https://w.soundcloud.com/player/?url=https://api.soundcloud.com/tracks/500628279&show_artwork=true&color=%23ff5500&hide_related=true&show_comments=false&show_user=true&show_reposts=false&show_teaser=false&visual=true
1371	63td61	Afrojack @ kineticFIELD, EDC Las Vegas, United States	8.86	15400	4	0.962	30	0.7	soundcloud	0	https://w.soundcloud.com/player/?url=https://api.soundcloud.com/tracks/18708568&show_artwork=true&color=%23ff5500&hide_related=true&show_comments=false&show_user=true&show_reposts=false&show_teaser=false&visual=true
1372	crry1pk	FISHER @ Out 2 Lunch Festival, Broadwater Parklands, Australia	8.859	907	1	0.938	32	0.188	youtube	1	https://www.youtube.com/watch?v=3YctdJP8_eo
1373	1mfr9yh1	Martin Garrix @ The Ether (All Ages Show), RAI, Amsterdam Dance Event	8.858	22700	41	1.0	79	0.595	youtube	0	https://www.youtube.com/watch?v=lGCo8ILvauI
1374	2rpkhz5t	Valentino Khan @ bassPOD, EDC Las Vegas, United States	8.858	16500	11	0.976	87	0.575	soundcloud	0	https://w.soundcloud.com/player/?url=https://api.soundcloud.com/tracks/329003033&show_artwork=true&color=%23ff5500&hide_related=true&show_comments=false&show_user=true&show_reposts=false&show_teaser=false&visual=true
1375	5bmjc21	Avicii @ Ultra Music Festival, Chile	8.857	7900	15	1.0	28	0.929	youtube	0	https://www.youtube.com/watch?v=d7tURytR62c
1376	2n7dxs1	deadmau5 @ Jockey Club Sao Paulo, Lollapalooza Brazil	8.856	8900	13	1.0	18	0.667	soundcloud	0	https://w.soundcloud.com/player/?url=https://api.soundcloud.com/tracks/85628423&show_artwork=true&color=%23ff5500&hide_related=true&show_comments=false&show_user=true&show_reposts=false&show_teaser=false&visual=true
1377	2nztq41	Martin Garrix @ Sensation Russia	8.856	17200	13	1.0	53	0.774	youtube	0	https://www.youtube.com/watch?v=FI4iJ45lDGk
1378	1p9r0mr1	Armin van Buuren @ kineticFIELD, EDC Mexico	8.854	15700	14	1.0	43	0.535	soundcloud	0	https://w.soundcloud.com/player/?url=https://api.soundcloud.com/tracks/769352221&show_artwork=true&color=%23ff5500&hide_related=true&show_comments=false&show_user=true&show_reposts=false&show_teaser=false&visual=true
1379	4tnt249	Don Diablo @ V-Sessions vs. Doorn Stage, Tomorrowland Weekend 2, Belgium	8.854	11100	7	0.964	56	0.714	soundcloud	0	https://w.soundcloud.com/player/?url=https://api.soundcloud.com/tracks/160964290&show_artwork=true&color=%23ff5500&hide_related=true&show_comments=false&show_user=true&show_reposts=false&show_teaser=false&visual=true
1380	2ts0l1g1	AFROJACK @ Mainstage, Ultra Music Festival Miami, United States	8.852	41900	37	0.956	107	0.514	youtube	0	https://www.youtube.com/watch?v=pWzrpfCKvkE
1381	17mktk9	Nicky Romero @ Protocol Radio 040 (Worldwide Stage, UMF Miami, United States)	8.851	7900	2	1.0	28	0.857	soundcloud	0	https://w.soundcloud.com/player/?url=https://api.soundcloud.com/tracks/84542135&show_artwork=true&color=%23ff5500&hide_related=true&show_comments=false&show_user=true&show_reposts=false&show_teaser=false&visual=true
1382	193jtj3t	Alesso @ Mainstage, Tomorrowland Weekend 1, Belgium	8.851	30500	18	1.0	44	0.614	youtube	0	https://www.youtube.com/watch?v=t_s_c2tkJZk
1383	1rc74fj1	Hardwell @ Oldschool Set, Revealed Stage, Ultra Music Festival Miami, United Sta	8.851	9400	28	1.0	34	0.824	youtube	0	https://www.youtube.com/watch?v=uCv2BO4FMpc
1384	1xzn6cxt	Twin Diplomacy & it's murph @ Road Rave Ep. 3, United States	8.851	384	1	1.0	13	0.308	youtube	1	https://www.youtube.com/watch?v=Bm86h_GiRDg
1385	261g09m1	Armin van Buuren @ A State Of Trance Festival 900, International Exhibition Cent	8.851	9500	11	1.0	60	0.667	soundcloud	0	https://w.soundcloud.com/player/?url=https://api.soundcloud.com/tracks/640722843&show_artwork=true&color=%23ff5500&hide_related=true&show_comments=false&show_user=true&show_reposts=false&show_teaser=false&visual=true
1386	5tkktmt	Hardwell - Hardwell On Air 108 (Ultra Music Festival 2013 Special)	8.851	19700	12	1.0	24	0.75	youtube	0	https://www.youtube.com/watch?v=jXOgYxUf6Ts
1387	6gqkb19	Afrojack @ Mainstage, TomorrowWorld Atlanta, United States	8.851	22400	8	1.0	21	0.762	youtube	0	https://www.youtube.com/watch?v=rJGvbmvbjUs
1388	yvfbvt1	Oliver Heldens @ Perry's Stage, Lollapalooza Brazil	8.851	5100	8	1.0	48	0.833	soundcloud	0	https://w.soundcloud.com/player/?url=https://api.soundcloud.com/tracks/315926590&show_artwork=true&color=%23ff5500&hide_related=true&show_comments=false&show_user=true&show_reposts=false&show_teaser=false&visual=true
1389	6xgc0zt	Armin van Buuren @ Main Stage, Ultra Music Festival Korea, South Korea	8.85	15600	17	1.0	34	0.765	youtube	0	https://www.youtube.com/watch?v=T4nLjWqfiZ4
1390	2gldgpsk	Oliver Heldens @ Mainstage, Ultra Music Festival Miami, United States	8.845	23600	34	1.0	35	0.6	youtube	0	https://www.youtube.com/watch?v=116apI0mkso
1391	3rmytzk	Afrojack @ circuitGROUNDS, EDC New York, United States	8.844	15000	14	0.857	41	0.683	soundcloud	0	https://w.soundcloud.com/player/?url=https://api.soundcloud.com/tracks/47304706&show_artwork=true&color=%23ff5500&hide_related=true&show_comments=false&show_user=true&show_reposts=false&show_teaser=false&visual=true
1392	jklpy9	Hardwell @ neonGARDEN, EDC Las Vegas, United States	8.844	9200	3	1.0	19	0.789	soundcloud	0	https://w.soundcloud.com/player/?url=https://api.soundcloud.com/tracks/18090097&show_artwork=true&color=%23ff5500&hide_related=true&show_comments=false&show_user=true&show_reposts=false&show_teaser=false&visual=true
1393	1u78djyk	Chris Lake @ Mainstage, Ultra Music Festival Korea, South Korea	8.843	142	1	0.947	21	0.571	youtube	1	https://www.youtube.com/watch?v=zcyFOMFPa7Q
1394	5r83hp1	Two Friends & Gazzo - 2F Friendly Sessions Ep. 05	8.841	369	0	1.0	22	0.136	soundcloud	1	https://w.soundcloud.com/player/?url=https://api.soundcloud.com/tracks/109564246&show_artwork=true&color=%23ff5500&hide_related=true&show_comments=false&show_user=true&show_reposts=false&show_teaser=false&visual=true
1395	7s79kj1	Afrojack @ kineticFIELD, EDC New York, United States	8.841	17400	12	0.966	31	0.806	youtube	0	https://www.youtube.com/watch?v=qI1Cpj1yL0c
1396	1lup6s91	John Summit & Levity @ Bonnaroo Music Festival, United States	8.839	1400	1	0.833	32	0.188	youtube	1	https://www.youtube.com/watch?v=mNoGAdekZ-U
1397	zbhkwt	Calvin Harris @ circuitGROUNDS, EDC New York, United States	8.839	20800	8	1.0	46	0.522	soundcloud	0	https://w.soundcloud.com/player/?url=https://api.soundcloud.com/tracks/151586539&show_artwork=true&color=%23ff5500&hide_related=true&show_comments=false&show_user=true&show_reposts=false&show_teaser=false&visual=true
1398	106y0z0k	MOGUAI & Chris Lake & Purple Disco Machine - 1LIVE DJ Session	8.838	688	0	1.0	43	0.0	soundcloud	1	https://w.soundcloud.com/player/?url=https://api.soundcloud.com/tracks/2149113651&show_artwork=true&color=%23ff5500&hide_related=true&show_comments=false&show_user=true&show_reposts=false&show_teaser=false&visual=true
1399	1cxwy6qt	Axwell @ Axtone Stage, Tomorrowland Weekend 1, Belgium	8.838	36400	31	0.949	71	0.563	youtube	0	https://www.youtube.com/watch?v=YNxsuXZBQG0
1400	1fsuqq4t	Marshmello @ kineticFIELD, EDC Orlando, United States	8.836	7600	8	0.986	109	0.752	soundcloud	0	https://w.soundcloud.com/player/?url=https://api.soundcloud.com/tracks/355297817&show_artwork=true&color=%23ff5500&hide_related=true&show_comments=false&show_user=true&show_reposts=false&show_teaser=false&visual=true
1401	6w06wp9	Steve Angello @ Mainstage, Tomorrowland, Belgium	8.835	34000	27	1.0	50	0.54	youtube	0	https://www.youtube.com/watch?v=AdBcPgqRC6A
1402	mtlr3ft	John Summit - Repopulate Mars Radio	8.835	483	1	0.941	17	0.059	soundcloud	1	https://w.soundcloud.com/player/?url=https://api.soundcloud.com/tracks/799358743&show_artwork=true&color=%23ff5500&hide_related=true&show_comments=false&show_user=true&show_reposts=false&show_teaser=false&visual=true
1403	51cuzdk	Armin van Buuren @ kineticFIELD, EDC Las Vegas, United States	8.834	8600	11	1.0	25	0.68	soundcloud	0	https://w.soundcloud.com/player/?url=https://api.soundcloud.com/tracks/50965339&show_artwork=true&color=%23ff5500&hide_related=true&show_comments=false&show_user=true&show_reposts=false&show_teaser=false&visual=true
1404	1yvngtct	Disco Lines - UMF Radio 778	8.831	370	0	0.81	21	0.571	youtube	1	https://www.youtube.com/watch?v=INuZC2vkl50
1405	7x3ubt	Avicii @ Independence Day Weekend, Marquee Las Vegas, United States (Be-At TV)	8.831	11900	5	1.0	41	0.683	soundcloud	0	https://w.soundcloud.com/player/?url=https://api.soundcloud.com/tracks/837788308&show_artwork=true&color=%23ff5500&hide_related=true&show_comments=false&show_user=true&show_reposts=false&show_teaser=false&visual=true
1406	5wkzzft	Hardwell @ EMPO Awards, Centro Banamex City, Mexico	8.829	18900	23	1.0	91	0.681	youtube	0	https://www.youtube.com/watch?v=UONjFZNiGYc
1407	zsbdrkk	deadmau5 @ Live Stage, Ultra Music Festival Miami, United States	8.827	32200	31	1.0	15	0.533	youtube	0	https://www.youtube.com/watch?v=gO36Gac1Knw
1408	3kmgnzk	Armin van Buuren @ Main Stage, Ultra Music Festival Miami, United States (WMC)	8.826	21100	12	1.0	18	0.722	youtube	0	https://www.youtube.com/watch?v=fnYVyi2-1sk
1409	88zjdj9	Tiesto & TWOLOUD - Club Life 450	8.826	6700	9	1.0	33	1.0	youtube	0	https://www.youtube.com/watch?v=UDzof56Vd5I
1410	1tuywrgk	Armin van Buuren @ The Flying Dutch Amsterdam, Netherlands	8.823	31200	27	1.0	38	0.553	youtube	0	https://www.youtube.com/watch?v=H8kTxI9ZngA
1411	5x6uy6k	Two Friends & Teqq - 2F Friendly Sessions Ep. 06	8.823	247	2	1.0	21	0.095	soundcloud	1	https://w.soundcloud.com/player/?url=https://api.soundcloud.com/tracks/120787162&show_artwork=true&color=%23ff5500&hide_related=true&show_comments=false&show_user=true&show_reposts=false&show_teaser=false&visual=true
1412	u9fbb8t	Dimitri Vegas & Like Mike - Tomorrowland Friendship Mix	8.82	2900	11	1.0	22	0.909	soundcloud	0	https://w.soundcloud.com/player/?url=https://api.soundcloud.com/tracks/763941421&show_artwork=true&color=%23ff5500&hide_related=true&show_comments=false&show_user=true&show_reposts=false&show_teaser=false&visual=true
1413	97jcqck	Avicii @ Dance Arena, Exit Festival, Serbia (Be-At TV)	8.818	8700	9	1.0	33	0.939	youtube	0	https://www.youtube.com/watch?v=opP5AwYbrrk
1414	11qwg4b9	Armin van Buuren @ DJ Mag Pool Party (Surfcomber Miami, Miami Music Week, United	8.816	4000	7	1.0	42	0.881	soundcloud	0	https://w.soundcloud.com/player/?url=https://api.soundcloud.com/tracks/597127449&show_artwork=true&color=%23ff5500&hide_related=true&show_comments=false&show_user=true&show_reposts=false&show_teaser=false&visual=true
1415	1xn5sdhk	Don Diablo @ Mainstage, Tomorrowland Weekend 2, Belgium	8.816	16000	9	0.978	58	0.828	youtube	0	https://www.youtube.com/watch?v=TfUvXkVsi9Q
1416	1w07hfpt	Gryffin @ Mainstage, Ultra Music Festival Miami, United States	8.815	19700	10	1.0	54	0.5	soundcloud	0	https://w.soundcloud.com/player/?url=https://api.soundcloud.com/tracks/1478722894&show_artwork=true&color=%23ff5500&hide_related=true&show_comments=false&show_user=true&show_reposts=false&show_teaser=false&visual=true
1417	7sc4yr1	Dillon Francis @ HARD Summer Festival, United States	8.814	14900	9	0.971	70	0.6	soundcloud	0	https://w.soundcloud.com/player/?url=https://api.soundcloud.com/tracks/126919959&show_artwork=true&color=%23ff5500&hide_related=true&show_comments=false&show_user=true&show_reposts=false&show_teaser=false&visual=true
1418	8f64zj9	R3HAB @ Jacked Stage, Tomorrowland, Belgium	8.814	16300	15	1.0	12	0.75	youtube	0	https://www.youtube.com/watch?v=7srVzCMQ5cE
1419	12sk8fck	Diplo @ Bolivia Medellin, Colombia	8.812	107	0	1.0	61	0.639	youtube	1	https://www.youtube.com/watch?v=Osgqq8RSSoo
1420	1yxn798k	Disco Lines - Tomorrowland Friendship Mix	8.812	647	0	0.923	13	0.077	soundcloud	1	https://w.soundcloud.com/player/?url=https://api.soundcloud.com/tracks/2064419524&show_artwork=true&color=%23ff5500&hide_related=true&show_comments=false&show_user=true&show_reposts=false&show_teaser=false&visual=true
1421	2l1ng1q1	KSHMR - Welcome to KSHMR Vol. 7	8.812	16000	36	0.882	17	0.529	soundcloud	0	https://w.soundcloud.com/player/?url=https://api.soundcloud.com/tracks/252308682&show_artwork=true&color=%23ff5500&hide_related=true&show_comments=false&show_user=true&show_reposts=false&show_teaser=false&visual=true
1422	3v3jr99	Armin van Buuren @ kineticFIELD, EDC Las Vegas, United States	8.812	13900	11	1.0	27	0.815	youtube	0	https://www.youtube.com/watch?v=nFx1qDt8TH8
1423	2p4wupmt	Marshmello @ Mainstage, Ultra Music Festival Miami, United States	8.811	51800	52	0.974	89	0.393	youtube	0	https://www.youtube.com/watch?v=deDFAmOPYkQ
1424	5pmwrt9	Hardwell - Hardwell On Air Year Mix 2015 Part 1	8.811	27100	39	1.0	52	0.538	youtube	0	https://www.youtube.com/watch?v=-IZc6i5K2OQ
1425	jg6ypt	Axwell & Sebastian Ingrosso @ Wicked Wonderland Copenhagen, Sensation, Denmark	8.811	16500	10	1.0	41	0.537	soundcloud	0	https://w.soundcloud.com/player/?url=https://api.soundcloud.com/tracks/98909063&show_artwork=true&color=%23ff5500&hide_related=true&show_comments=false&show_user=true&show_reposts=false&show_teaser=false&visual=true
1426	ngsx59	Alesso @ Electric Zoo, United States	8.811	15000	1	1.0	31	0.742	soundcloud	0	https://w.soundcloud.com/player/?url=https://api.soundcloud.com/tracks/40462883&show_artwork=true&color=%23ff5500&hide_related=true&show_comments=false&show_user=true&show_reposts=false&show_teaser=false&visual=true
1427	26djyy51	Diplo @ Knowhere Festival, United States	8.81	1700	4	0.703	37	0.162	youtube	1	https://www.youtube.com/watch?v=V09DqkMGGO0
1428	3bl2fz1	Blasterjaxx @ Mainstage, Tomorrowland Brasil	8.807	55400	17	0.929	38	0.289	soundcloud	0	https://w.soundcloud.com/player/?url=https://api.soundcloud.com/tracks/206415842&show_artwork=true&color=%23ff5500&hide_related=true&show_comments=false&show_user=true&show_reposts=false&show_teaser=false&visual=true
1429	4spuun9	Hardwell - Hardwell On Air 100	8.807	21200	24	1.0	39	0.641	youtube	0	https://www.youtube.com/watch?v=hHKENohKqkE
1430	8yrgmz1	Swedish House Mafia @ One Last Tour, Palais Omnisport De Paris Bercy, France	8.806	11200	15	1.0	58	0.828	youtube	0	https://www.youtube.com/watch?v=hM8tP6pMysE
1431	1jsk959	The Chainsmokers @ TomorrowWorld Atlanta, United States	8.805	28700	9	0.974	49	0.449	soundcloud	0	https://w.soundcloud.com/player/?url=https://api.soundcloud.com/tracks/114272512%3Fsecret_token%3Ds-1cpwF&show_artwork=true&color=%23ff5500&hide_related=true&show_comments=false&show_user=true&show_reposts=false&show_teaser=false&visual=true
1432	9f8xhqt	Martin Garrix @ circuitGROUNDS, EDC Las Vegas, United States	8.805	22300	18	1.0	85	0.659	youtube	0	https://www.youtube.com/watch?v=vSLqerJfyk8
1433	c8w91f1	Armin van Buuren @ circuitGROUNDS, EDC Las Vegas, United States	8.804	24100	17	1.0	34	0.647	youtube	0	https://www.youtube.com/watch?v=A8hvlaiAsmE
1434	yclm3hk	Chris Lake @ Kai Cenat Mafiathon Party, United States	8.804	999	1	1.0	13	0.077	youtube	1	https://www.youtube.com/watch?v=_dQt3qyTRsQ
1435	79tsuvt	Avicii @ True Tour, Tele2 Arena Stockholm, Sweden	8.802	11400	11	1.0	102	0.853	youtube	0	https://www.youtube.com/watch?v=3FZfPbCI2DY
1436	4zuvyvk	Hardwell @ I Am Hardwell World Tour, Madison Square Garden New York, United Stat	8.801	21400	23	1.0	125	0.64	youtube	0	https://www.youtube.com/watch?v=hyrhFTlFHiY
1437	l70t1wt	FISHER @ Brooklyn Navy Yard NYC, United States	8.801	277	0	1.0	28	0.429	youtube	1	https://www.youtube.com/watch?v=YurYg6RmzRI
1438	7391uc9	Armin van Buuren @ A State Of Trance 600 The Expedition, Madison Square Garden N	8.8	18500	12	1.0	42	0.738	youtube	0	https://www.youtube.com/watch?v=wpzfkwOZYhM
1439	7cvvsm9	Hardwell @ kineticFIELD, EDC Las Vegas, United States	8.8	19900	12	1.0	36	0.722	youtube	0	https://www.youtube.com/watch?v=LCeulvMH3WE
1440	ur1u41	Afrojack @ Electric Zoo, United States	8.799	14300	3	0.939	41	0.732	soundcloud	0	https://w.soundcloud.com/player/?url=https://api.soundcloud.com/tracks/33632213&show_artwork=true&color=%23ff5500&hide_related=true&show_comments=false&show_user=true&show_reposts=false&show_teaser=false&visual=true
1441	7skvgz9	Hardwell @ I AM HARDWELL World Tour, MEO Arena Lisboa, Portugal	8.798	23400	18	1.0	135	0.644	youtube	0	https://www.youtube.com/watch?v=nSgFUAakXjA
1442	2c8qlnt	Dillon Francis @ Worldwide Stage, Ultra Music Festival Miami, United States	8.797	17300	7	0.953	45	0.6	soundcloud	0	https://w.soundcloud.com/player/?url=https://api.soundcloud.com/tracks/88670984&show_artwork=true&color=%23ff5500&hide_related=true&show_comments=false&show_user=true&show_reposts=false&show_teaser=false&visual=true
1443	20nv7m7k	Tiësto - Club Life 822 (Most Supported Tracks Of 2022)	8.796	3600	11	1.0	20	0.85	soundcloud	0	https://w.soundcloud.com/player/?url=https://api.soundcloud.com/tracks/1410605446&show_artwork=true&color=%23ff5500&hide_related=true&show_comments=false&show_user=true&show_reposts=false&show_teaser=false&visual=true
1444	26w1mwd1	Hardwell - Hardwell On Air 261	8.794	25700	25	1.0	17	0.588	youtube	0	https://www.youtube.com/watch?v=4QTwsLTv4Kc
1445	20qg4uz9	Disco Lines - Good Good Radio 005	8.793	596	1	0.933	15	0.0	soundcloud	1	https://w.soundcloud.com/player/?url=https://api.soundcloud.com/tracks/1665776214&show_artwork=true&color=%23ff5500&hide_related=true&show_comments=false&show_user=true&show_reposts=false&show_teaser=false&visual=true
1446	z35zd5t	Hardwell @ Mainstage, Tomorrowland Weekend 3, Belgium	8.792	53300	83	1.0	63	0.302	youtube	0	https://www.youtube.com/watch?v=zy0Dhf90Iss
1447	6jygft1	Armin van Buuren @ 550 Invasion Tour, A State Of Trance Festival, Ministry Of So	8.791	9000	8	1.0	25	0.68	soundcloud	0	https://w.soundcloud.com/player/?url=https://api.soundcloud.com/tracks/81214613&show_artwork=true&color=%23ff5500&hide_related=true&show_comments=false&show_user=true&show_reposts=false&show_teaser=false&visual=true
1448	8lqng89	Porter Robinson @ Electric Zoo, United States	8.791	16000	13	1.0	70	0.757	youtube	0	https://www.youtube.com/watch?v=T0MQQiq2cWc
1449	12pkm5dt	Armin van Buuren - A State Of Trance 950 (Part 1: Service For Dreamers Special)	8.789	5700	8	1.0	27	0.778	soundcloud	0	https://w.soundcloud.com/player/?url=https://api.soundcloud.com/tracks/748512181&show_artwork=true&color=%23ff5500&hide_related=true&show_comments=false&show_user=true&show_reposts=false&show_teaser=false&visual=true
1450	2w9fcrtk	Hardwell & Thomas Newson & Kill The Buzz - 1001Tracklists Exclusive Mix Revealed	8.789	24400	81	1.0	18	0.222	soundcloud	0	https://w.soundcloud.com/player/?url=https://api.soundcloud.com/tracks/248663919%3Fsecret_token%3Ds-H06r3&show_artwork=true&color=%23ff5500&hide_related=true&show_comments=false&show_user=true&show_reposts=false&show_teaser=false&visual=true
1451	5mrq4fk	Tiësto @ kineticFIELD, EDC Las Vegas, United States	8.788	18100	12	1.0	38	0.737	youtube	0	https://www.youtube.com/watch?v=mZMACMVZh0U
1452	qvctj91	Galantis @ Hasta Los Huesos Monterrey, Mexico	8.788	120	1	1.0	55	0.527	youtube	1	https://www.youtube.com/watch?v=j-KoPFdHOiU
1453	2qtljcf1	Armin van Buuren @ Mainstage, Tomorrowland Winter, France	8.787	18900	18	1.0	35	0.686	youtube	0	https://www.youtube.com/watch?v=aq95kcb-M8A
1454	9pdjf1	Axwell & Norman Doray @ BBC Radio 1 Essential Mix (Surfcomber Miami, Miami Music	8.787	15600	9	1.0	53	0.547	soundcloud	0	https://w.soundcloud.com/player/?url=https://api.soundcloud.com/tracks/14081161&show_artwork=true&color=%23ff5500&hide_related=true&show_comments=false&show_user=true&show_reposts=false&show_teaser=false&visual=true
1455	x0udlh1	Afrojack - Jacked Radio 340 (Tribute To Avicii)	8.787	2800	11	1.0	20	0.9	soundcloud	0	https://w.soundcloud.com/player/?url=https://api.soundcloud.com/tracks/435902379&show_artwork=true&color=%23ff5500&hide_related=true&show_comments=false&show_user=true&show_reposts=false&show_teaser=false&visual=true
1456	2twjn5v9	David Guetta @ Mainstage, Tomorrowland Weekend 2, Belgium	8.786	17600	44	1.0	56	0.357	soundcloud	0	https://w.soundcloud.com/player/?url=https://api.soundcloud.com/tracks/1885571043&show_artwork=true&color=%23ff5500&hide_related=true&show_comments=false&show_user=true&show_reposts=false&show_teaser=false&visual=true
1457	44jpk71	Laidback Luke & Steve Aoki & Dimitri Vegas & Like Mike & Sander van Doorn @ Mixm	8.786	12200	10	1.0	56	0.589	soundcloud	0	https://w.soundcloud.com/player/?url=https://api.soundcloud.com/tracks/142874675&show_artwork=true&color=%23ff5500&hide_related=true&show_comments=false&show_user=true&show_reposts=false&show_teaser=false&visual=true
1458	1lhhm7wt	Armin van Buuren @ kineticFIELD, EDC Las Vegas, United States	8.785	14600	18	1.0	54	0.741	youtube	0	https://www.youtube.com/watch?v=dSXWIXoR_tE
1459	20ds6bdt	Hardwell & KSHMR - Spinnin' Sessions 229	8.785	7000	18	1.0	20	0.9	youtube	0	https://www.youtube.com/watch?v=ka-SAxcE0yM
1460	13j36sbk	Hardwell @ kineticFIELD, EDC Orlando, United States	8.784	16300	29	1.0	84	0.667	youtube	0	https://www.youtube.com/watch?v=fQGfqs2P6ek
1461	893nc59	Martin Garrix & Mesto & Justin Mylo @ SLAM! Bij Igmar	8.784	13400	12	1.0	15	0.8	youtube	0	https://www.youtube.com/watch?v=bNzw7rneAvA
1462	dbzku9	Armin van Buuren @ Ultra Music Festival Miami, United States (Miami Music Week, 	8.784	8700	11	1.0	23	0.652	soundcloud	0	https://w.soundcloud.com/player/?url=https://api.soundcloud.com/tracks/39667821&show_artwork=true&color=%23ff5500&hide_related=true&show_comments=false&show_user=true&show_reposts=false&show_teaser=false&visual=true
1463	2fnlpkzk	Armin van Buuren @ ASOT 10th Anniversary, Worldwide Stage, Ultra Music Festival 	8.783	12600	24	1.0	31	0.742	youtube	0	https://www.youtube.com/watch?v=BZJ5Ti-nQvg
1464	10r9u1j9	Steve Angello @ Mainstage, Tomorrowland Weekend 1, Belgium	8.781	30000	20	1.0	35	0.571	youtube	0	https://www.youtube.com/watch?v=oRdJ0zDe_5k
1465	kds37k	Avicii @ We Are The Network, Energy, Jaarbeurs Utrecht, Netherlands (Be-At TV)	8.78	12100	11	1.0	38	0.579	soundcloud	0	https://w.soundcloud.com/player/?url=https://api.soundcloud.com/tracks/17341985&show_artwork=true&color=%23ff5500&hide_related=true&show_comments=false&show_user=true&show_reposts=false&show_teaser=false&visual=true
1466	8msckj9	Martin Garrix @ kineticFIELD, EDC Las Vegas, United States	8.779	18000	9	1.0	63	0.762	youtube	0	https://www.youtube.com/watch?v=BKY9S8zwSjM
1467	770cs5t	Steve Aoki @ Palco Mundo, Rock In Rio Lisbon, Portugal	8.778	12500	8	1.0	27	0.852	youtube	0	https://www.youtube.com/watch?v=yeiYznlRalI
1468	4pjf0fk	Avicii @ Veld Music Festival Toronto, Canada	8.777	9700	19	0.947	47	0.872	youtube	0	https://www.youtube.com/watch?v=BwqjRbQN5_A
1469	13hkkkf9	SNAILS & Valentino Khan & Mija & Getter @ UMF Radio Stage, Ultra Music Festival 	8.776	9800	12	0.982	57	0.632	soundcloud	0	https://w.soundcloud.com/player/?url=https://api.soundcloud.com/tracks/258097774&show_artwork=true&color=%23ff5500&hide_related=true&show_comments=false&show_user=true&show_reposts=false&show_teaser=false&visual=true
1470	1cwb8ztt	Valentino Khan @ circuitGROUNDS, EDC Orlando, United States	8.776	8900	5	0.988	89	0.73	soundcloud	0	https://w.soundcloud.com/player/?url=https://api.soundcloud.com/tracks/291993162&show_artwork=true&color=%23ff5500&hide_related=true&show_comments=false&show_user=true&show_reposts=false&show_teaser=false&visual=true
1471	66hqbpk	Nicky Romero @ Mainstage, TomorrowWorld, United States	8.776	14200	23	0.967	40	0.75	youtube	0	https://www.youtube.com/watch?v=skWyI-W2GVM
1472	1lfl0djk	Tchami @ Mainstage, Tomorrowland Weekend 2, Belgium	8.775	21700	7	1.0	39	0.744	youtube	0	https://www.youtube.com/watch?v=beMnhrlCVf8
1473	264u9s41	Marshmello @ Solana x Perry's, Lollapalooza United States	8.775	43300	32	0.988	113	0.451	youtube	0	https://www.youtube.com/watch?v=8eXFvzMEldk
1474	2tmzdzn1	DJ Snake @ Paris La Défense Arena, France	8.775	20400	18	1.0	95	0.663	youtube	0	https://www.youtube.com/watch?v=vjnX6oraTUs
1475	1g16jqd9	Alesso @ Mainstage, Ultra Music Festival Miami, United States	8.774	56300	76	0.963	52	0.327	youtube	0	https://www.youtube.com/watch?v=OpN9ycCWtec
1476	4hkghb1	Tiesto @ Olympic Stadium Seoul, Ultra Music Festival Korea, South Korea	8.773	7000	16	1.0	32	0.656	soundcloud	0	https://w.soundcloud.com/player/?url=https://api.soundcloud.com/tracks/55989370&show_artwork=true&color=%23ff5500&hide_related=true&show_comments=false&show_user=true&show_reposts=false&show_teaser=false&visual=true
1477	2l1nvw29	deadmau5 @ A State Of Trance Festival, Ultra Music Festival Miami, United States	8.772	39500	42	0.941	21	0.238	soundcloud	0	https://w.soundcloud.com/player/?url=https://api.soundcloud.com/tracks/254734923&show_artwork=true&color=%23ff5500&hide_related=true&show_comments=false&show_user=true&show_reposts=false&show_teaser=false&visual=true
1478	2tv316c9	Disco Lines - Good Good Radio 004	8.772	250	1	1.0	18	0.111	soundcloud	1	https://w.soundcloud.com/player/?url=https://api.soundcloud.com/tracks/1643793486&show_artwork=true&color=%23ff5500&hide_related=true&show_comments=false&show_user=true&show_reposts=false&show_teaser=false&visual=true
1479	jdllk11	Disco Lines @ Petco Park San Diego, United States	8.771	1100	1	0.789	40	0.25	youtube	1	https://www.youtube.com/watch?v=K8qzyq2j2yY
1480	t9wc1wk	Armin van Buuren @ ASOT Stage, Tomorrowland Week 2, Belgium	8.77	22400	25	1.0	66	0.606	youtube	0	https://www.youtube.com/watch?v=OC7a4NKp2hQ
1481	97w62s9	Avicii @ Marquee Las Vegas, United States	8.768	11500	26	0.975	48	0.771	youtube	0	https://www.youtube.com/watch?v=mp8wR-i3WA8
1482	3qly3k1	Armin van Buuren @ kineticFIELD, EDC Las Vegas, United States	8.766	17300	20	1.0	30	0.433	soundcloud	0	https://w.soundcloud.com/player/?url=https://api.soundcloud.com/tracks/211311523&show_artwork=true&color=%23ff5500&hide_related=true&show_comments=false&show_user=true&show_reposts=false&show_teaser=false&visual=true
1483	5rfcx9t	Nicky Romero - Protocol Radio 100	8.766	16000	19	1.0	17	0.706	youtube	0	https://www.youtube.com/watch?v=uXcuaACRDhY
1484	1hbhnx9	Tiësto @ Storm Electronic Music Festival, China	8.765	3700	9	1.0	33	0.848	soundcloud	0	https://w.soundcloud.com/player/?url=https://api.soundcloud.com/tracks/227186447&show_artwork=true&color=%23ff5500&hide_related=true&show_comments=false&show_user=true&show_reposts=false&show_teaser=false&visual=true
1485	1rzhmkn9	Nicky Romero @ Mainstage, Tomorrowland, Belgium	8.765	25300	40	1.0	36	0.528	youtube	0	https://www.youtube.com/watch?v=koXEziPjJXk
1486	2hklwk8t	Galantis @ Glade Holiday House Party	8.765	290	3	1.0	28	0.25	youtube	1	https://www.youtube.com/watch?v=hah5vQTbFLw
1487	1d7ug1y9	Martin Garrix @ circuitGROUNDS, EDC Las Vegas, United States	8.764	35000	66	0.957	74	0.446	youtube	0	https://www.youtube.com/watch?v=NIwRJjk-LzI
1488	1lj34buk	Tiësto - Club Life 664 (Mint Best Of The Decade)	8.763	7500	17	1.0	25	0.88	youtube	0	https://www.youtube.com/watch?v=8Q-U_8W68Kg
1489	1yk7nvjk	Illenium @ Slaughterhouse Stage, Escape Psycho Circus, NOS Events Center San Ber	8.763	7300	7	0.979	51	0.745	soundcloud	0	https://w.soundcloud.com/player/?url=https://api.soundcloud.com/tracks/355221416&show_artwork=true&color=%23ff5500&hide_related=true&show_comments=false&show_user=true&show_reposts=false&show_teaser=false&visual=true
1490	18jzlk19	Hardwell @ Mainstage, Tomorrowland Weekend 2, Belgium	8.762	43000	67	1.0	59	0.356	youtube	0	https://www.youtube.com/watch?v=aT8_wt9HXEU
1491	1q3t9kh9	The Chainsmokers @ kineticFIELD, EDC Las Vegas, United States	8.762	21600	11	0.989	105	0.705	youtube	0	https://www.youtube.com/watch?v=MZW74zdA8MI
1492	1ww897s9	Swedish House Mafia @ Paradise Again Album Release Party Live from the Desert, U	8.762	15600	32	1.0	42	0.405	soundcloud	0	https://w.soundcloud.com/player/?url=https://api.soundcloud.com/tracks/1251243583&show_artwork=true&color=%23ff5500&hide_related=true&show_comments=false&show_user=true&show_reposts=false&show_teaser=false&visual=true
1493	1z7yp6k	Avicii @ White Wonderland, Anaheim Convention Center, United States	8.762	11900	11	1.0	34	0.824	youtube	0	https://www.youtube.com/watch?v=wUJtzX0kZLY
1494	g4htmft	Treasure Fingers & John Summit - Psychic FM 093	8.76	431	0	0.938	16	0.125	soundcloud	1	https://w.soundcloud.com/player/?url=https://api.soundcloud.com/tracks/511587300&show_artwork=true&color=%23ff5500&hide_related=true&show_comments=false&show_user=true&show_reposts=false&show_teaser=false&visual=true
1495	13k0fpb9	Armin van Buuren @ kineticFIELD, EDC Orlando, United States	8.759	7600	19	0.962	46	0.652	soundcloud	0	https://w.soundcloud.com/player/?url=https://api.soundcloud.com/tracks/355070051&show_artwork=true&color=%23ff5500&hide_related=true&show_comments=false&show_user=true&show_reposts=false&show_teaser=false&visual=true
1496	5hqz4tt	Dillon Francis & Flosstradamus @ Holy Ship!, United States	8.758	11000	9	0.937	67	0.672	soundcloud	0	https://w.soundcloud.com/player/?url=https://api.soundcloud.com/tracks/246087933&show_artwork=true&color=%23ff5500&hide_related=true&show_comments=false&show_user=true&show_reposts=false&show_teaser=false&visual=true
1497	20gd0jwt	Tiësto @ Mainstage 1, Lollapalooza Argentina	8.756	18200	10	1.0	80	0.738	youtube	0	https://www.youtube.com/watch?v=KvwZUQ3eB4k
1498	vhsfxt	Afrojack - BBC Radio 1 Essential Mix	8.754	37100	13	0.944	36	0.361	soundcloud	0	https://w.soundcloud.com/player/?url=https://api.soundcloud.com/tracks/10589976&show_artwork=true&color=%23ff5500&hide_related=true&show_comments=false&show_user=true&show_reposts=false&show_teaser=false&visual=true
1499	1jk0ybtt	Armin van Buuren @ Mainstage, Electric Love Festival, Austria	8.752	7600	7	1.0	31	0.71	soundcloud	0	https://w.soundcloud.com/player/?url=https://api.soundcloud.com/tracks/272838760&show_artwork=true&color=%23ff5500&hide_related=true&show_comments=false&show_user=true&show_reposts=false&show_teaser=false&visual=true
1500	2vuw3vq1	John Summit - Experts Only Radio 043	8.751	563	0	1.0	16	0.0	soundcloud	1	https://w.soundcloud.com/player/?url=https://api.soundcloud.com/tracks/2214805871&show_artwork=true&color=%23ff5500&hide_related=true&show_comments=false&show_user=true&show_reposts=false&show_teaser=false&visual=true
1501	uks7llt	Kygo @ Kygo (The Album), Troll's Tangue, Norway	8.751	890	3	1.0	18	0.0	youtube	1	https://www.youtube.com/watch?v=tUNbhYcY9Ik
1502	20swyjbt	Sam Feldt @ Kygo's World Tour, Estadio GNP Seguros, Mexico	8.747	411	1	0.952	52	0.288	youtube	1	https://www.youtube.com/watch?v=TJlexQsQuHo
1503	ulnqjz9	Kygo @ World Tour, Unipol Forum, Milano, Italy	8.747	224	1	0.976	48	0.396	youtube	1	https://www.youtube.com/watch?v=gKtB5KhdqQM
1504	4rkqft	Armin van Buuren - A State Of Trance 540 (Top 20 of 2011)	8.745	6400	2	1.0	20	0.85	soundcloud	0	https://w.soundcloud.com/player/?url=https://api.soundcloud.com/tracks/31438991&show_artwork=true&color=%23ff5500&hide_related=true&show_comments=false&show_user=true&show_reposts=false&show_teaser=false&visual=true
1505	22967y5k	David Guetta @ Mainstage, Tomorrowland Weekend 2, Belgium	8.743	26600	18	0.964	48	0.625	youtube	0	https://www.youtube.com/watch?v=HFXMMExSyp8
1506	1yht0ct	JAUZ @ Main Stage, The Day After, Panama	8.742	6300	5	0.985	72	0.792	soundcloud	0	https://w.soundcloud.com/player/?url=https://api.soundcloud.com/tracks/242659717&show_artwork=true&color=%23ff5500&hide_related=true&show_comments=false&show_user=true&show_reposts=false&show_teaser=false&visual=true
1507	2ry9r0ht	AFROJACK @ Mainstage, Ultra Music Festival Miami, United States	8.74	37700	50	1.0	84	0.405	youtube	0	https://www.youtube.com/watch?v=GrJs8aLfA94
1508	3sj2wr1	Dimitri Vegas & Like Mike - Smash The House 039 & 040 (Smash The House Radio Spe	8.739	13300	2	1.0	97	0.938	youtube	0	https://www.youtube.com/watch?v=wknqHOWkxt8
1509	w5n1sw9	Tiësto - Club Life 692 (Stadium Anthems)	8.737	5200	11	1.0	27	0.741	soundcloud	0	https://w.soundcloud.com/player/?url=https://api.soundcloud.com/tracks/855498244&show_artwork=true&color=%23ff5500&hide_related=true&show_comments=false&show_user=true&show_reposts=false&show_teaser=false&visual=true
1510	21zrpw1	Avicii @ Summerburst Festival Goteburg, Sweden	8.733	7700	15	0.963	33	0.909	youtube	0	https://www.youtube.com/watch?v=0-f7vcPCjuk
1511	85g6s1	Deadmau5 @ Ultra Music Festival Miami, United States (Miami Music Week)	8.733	11300	1	1.0	17	0.765	soundcloud	0	https://w.soundcloud.com/player/?url=https://api.soundcloud.com/tracks/599549325&show_artwork=true&color=%23ff5500&hide_related=true&show_comments=false&show_user=true&show_reposts=false&show_teaser=false&visual=true
1512	qhmu79t	Alesso @ Mainstage, Ultra Music Festival Japan	8.733	13300	10	1.0	68	0.544	soundcloud	0	https://w.soundcloud.com/player/?url=https://api.soundcloud.com/tracks/342621871&show_artwork=true&color=%23ff5500&hide_related=true&show_comments=false&show_user=true&show_reposts=false&show_teaser=false&visual=true
1513	25455bg9	Oliver Heldens - Heldeep Radio (Best Of The Decade)	8.732	8000	14	1.0	54	0.87	youtube	0	https://www.youtube.com/watch?v=KzkSifMnIUg
1514	8b157ht	Dimitri Vegas & Like Mike - Smash The House 001	8.729	10500	25	1.0	16	0.75	youtube	0	https://www.youtube.com/watch?v=K81-AuYPxCQ
1515	ku5zpkt	Bassjackers @ UMF Radio Stage Jacked, Ultra Music Festival Miami, United States	8.729	10600	13	1.0	46	0.565	soundcloud	0	https://w.soundcloud.com/player/?url=https://api.soundcloud.com/tracks/314884503&show_artwork=true&color=%23ff5500&hide_related=true&show_comments=false&show_user=true&show_reposts=false&show_teaser=false&visual=true
1516	w57q7p1	Tiësto @ Beatport Live ReConnect, United States	8.727	17900	30	0.981	60	0.633	youtube	0	https://www.youtube.com/watch?v=v2dSpsuBJGI
1517	yurmrnk	RL Grime @ cosmicMEADOW, EDC Las Vegas, United States	8.727	23300	11	0.969	81	0.691	youtube	0	https://www.youtube.com/watch?v=D-l3Unj-z0E
1518	1fs0wnkt	Don Diablo - Hexagon Radio 099 (Year Mix)	8.726	4100	8	1.0	22	0.818	soundcloud	0	https://w.soundcloud.com/player/?url=https://api.soundcloud.com/tracks/299022690&show_artwork=true&color=%23ff5500&hide_related=true&show_comments=false&show_user=true&show_reposts=false&show_teaser=false&visual=true
1519	5kn7r2t	David Guetta @ Mainstage, TomorrowWorld, United States	8.726	14600	15	1.0	37	0.73	youtube	0	https://www.youtube.com/watch?v=mkH96Da5u3w
1520	8lu3gzt	Swedish House Mafia @ One Last Tour, Romexpo Centre Bucharest, Romania	8.726	9000	16	1.0	64	0.828	youtube	0	https://www.youtube.com/watch?v=v59MEpOuSRw
1521	14pk371	Afrojack @ Ultra Music Festival Korea, South Korea	8.725	8900	14	0.938	32	0.906	youtube	0	https://www.youtube.com/watch?v=scrW15jsIbg
1522	zvcc1yt	Tiësto & Robin Schulz - Club Life 629	8.725	5600	8	1.0	38	1.0	youtube	0	https://www.youtube.com/watch?v=U3SFnaVeu6Y
1523	16c40cck	KSHMR @ Smash The House Stage, Tomorrowland Weekend 2, Belgium	8.724	8600	15	0.969	32	0.875	youtube	0	https://www.youtube.com/watch?v=xVive-kQt_A
1524	2bnmd25k	Afrojack @ Main Stage, Ultra Music Festival, Mexico	8.724	10200	10	0.984	106	0.613	soundcloud	0	https://w.soundcloud.com/player/?url=https://api.soundcloud.com/tracks/345802841&show_artwork=true&color=%23ff5500&hide_related=true&show_comments=false&show_user=true&show_reposts=false&show_teaser=false&visual=true
1525	1f3yfvq9	Disco Lines - Good Good Radio 001	8.723	406	2	0.938	16	0.0	soundcloud	1	https://w.soundcloud.com/player/?url=https://api.soundcloud.com/tracks/1568329888&show_artwork=true&color=%23ff5500&hide_related=true&show_comments=false&show_user=true&show_reposts=false&show_teaser=false&visual=true
1526	1wsgg2b9	Dimitri Vegas & Like Mike - Garden of Madness 2020 Megamix	8.721	3400	5	1.0	10	0.9	soundcloud	0	https://w.soundcloud.com/player/?url=https://api.soundcloud.com/tracks/820953487&show_artwork=true&color=%23ff5500&hide_related=true&show_comments=false&show_user=true&show_reposts=false&show_teaser=false&visual=true
1527	11xvwmt	Hardwell @ Dream Valley Festival, Brazil	8.72	14400	10	1.0	74	0.77	youtube	0	https://www.youtube.com/watch?v=vvYtwVLEqQQ
1528	24gft53k	Disco Lines - Good Good Radio 008	8.72	208	0	1.0	15	0.2	soundcloud	1	https://w.soundcloud.com/player/?url=https://api.soundcloud.com/tracks/1791043621&show_artwork=true&color=%23ff5500&hide_related=true&show_comments=false&show_user=true&show_reposts=false&show_teaser=false&visual=true
1529	29rk2cb1	Armin van Buuren @ Mainstage, Ultra Europe, Croatia	8.72	18700	23	1.0	62	0.629	youtube	0	https://www.youtube.com/watch?v=lhV8x3I5w2w
1530	y9x0u21	Kygo @ World Tour, Accor Arena Paris, France	8.718	217	1	0.977	49	0.388	youtube	1	https://www.youtube.com/watch?v=wh8wAWa5kEM
1531	58qux2t	Zedd @ Mainstage, TomorrowWorld, United States	8.717	11900	7	0.964	59	0.881	youtube	0	https://www.youtube.com/watch?v=lcLiENpzcjw
1532	l4sk3h9	Disco Lines - Good Good Radio 006	8.716	367	1	0.933	15	0.067	soundcloud	1	https://w.soundcloud.com/player/?url=https://api.soundcloud.com/tracks/1738960923&show_artwork=true&color=%23ff5500&hide_related=true&show_comments=false&show_user=true&show_reposts=false&show_teaser=false&visual=true
1533	7s781nt	R3HAB @ circuitGROUNDS, EDC New York, United States	8.711	7100	5	1.0	34	0.735	soundcloud	0	https://w.soundcloud.com/player/?url=https://api.soundcloud.com/tracks/92854043&show_artwork=true&color=%23ff5500&hide_related=true&show_comments=false&show_user=true&show_reposts=false&show_teaser=false&visual=true
1534	82q6tnt	Diplo @ Oxegen Festival, Ireland	8.711	319	0	0.778	40	0.325	soundcloud	1	https://w.soundcloud.com/player/?url=https://api.soundcloud.com/tracks/24886790&show_artwork=true&color=%23ff5500&hide_related=true&show_comments=false&show_user=true&show_reposts=false&show_teaser=false&visual=true
1535	1p66pkr9	AFROJACK @ Mainstage, Ultra Music Festival Singapore	8.71	8400	10	0.973	91	0.659	soundcloud	0	https://w.soundcloud.com/player/?url=https://api.soundcloud.com/tracks/282612874&show_artwork=true&color=%23ff5500&hide_related=true&show_comments=false&show_user=true&show_reposts=false&show_teaser=false&visual=true
1536	3j331kk	Martin Garrix @ Radio 538 Hotel 538 (ADE, Netherlands)	8.709	6500	6	1.0	57	0.737	soundcloud	0	https://w.soundcloud.com/player/?url=https://api.soundcloud.com/tracks/172415436&show_artwork=true&color=%23ff5500&hide_related=true&show_comments=false&show_user=true&show_reposts=false&show_teaser=false&visual=true
1537	mrtw2g9	AFROJACK @ Mainstage, Tomorrowland Winter, France	8.709	21900	22	1.0	101	0.594	youtube	0	https://www.youtube.com/watch?v=_WRNGiMd3xU
1538	20mcbvd9	Tchami @ Mainstage, Ultra Music Festival Miami, United States	8.708	14300	29	1.0	35	0.657	youtube	0	https://www.youtube.com/watch?v=Mf00VzmXsXo
1539	45h4nc1	Hardwell @ Ultra Music Festival Korea, South Korea	8.708	16800	25	1.0	69	0.638	youtube	0	https://www.youtube.com/watch?v=dBVAKyDzd54
1540	p0bxl79	Armin van Buuren @ Area One, A State Of Trance Festival, Ahoy Rotterdam, Netherl	8.708	21100	38	0.975	58	0.569	youtube	0	https://www.youtube.com/watch?v=k32Cc4koohY
1541	2hpq3jgt	John Summit @ Grand Palace, Decadence Arizona, United States	8.707	134	0	1.0	13	0.538	youtube	1	https://www.youtube.com/watch?v=oDTnmdoVt5U
1542	1xl1w2u1	Hardwell - Hardwell On Air 263	8.706	24700	33	1.0	21	0.524	youtube	0	https://www.youtube.com/watch?v=4KDQ0IjMsnA
1543	7vqz02t	Oliver Heldens - Heldeep Mixtape 003 (Miami Edition)	8.706	11900	11	1.0	22	0.545	soundcloud	0	https://w.soundcloud.com/player/?url=https://api.soundcloud.com/tracks/140679113&show_artwork=true&color=%23ff5500&hide_related=true&show_comments=false&show_user=true&show_reposts=false&show_teaser=false&visual=true
1544	252m5b81	Armin van Buuren @ Mainstage, Tomorrowland Weekend 2, Belgium	8.705	15500	22	1.0	42	0.667	youtube	0	https://www.youtube.com/watch?v=erMvGQwiUSo
1545	2cz5kkgk	Tiësto @ In Search Of Sunrise, kineticFIELD, EDC Las Vegas, United States	8.705	25300	119	1.0	21	0.381	youtube	0	https://www.youtube.com/watch?v=YFVGXkPL2BQ
1546	8gpbbbt	Steve Aoki @ Mainstage, Tomorrowland, Belgium	8.705	29100	19	1.0	44	0.545	youtube	0	https://www.youtube.com/watch?v=eWzuKfVlr4Y
1547	6x64z81	Nicky Romero - Protocol Radio 020 (Yearmix)	8.702	8400	11	1.0	21	0.619	soundcloud	0	https://w.soundcloud.com/player/?url=https://api.soundcloud.com/tracks/73409063&show_artwork=true&color=%23ff5500&hide_related=true&show_comments=false&show_user=true&show_reposts=false&show_teaser=false&visual=true
1548	2qrhkl29	JAUZ & Getter & Ookay + More @ Holy Ship!, United States	8.699	16900	10	0.965	329	0.511	soundcloud	0	https://w.soundcloud.com/player/?url=https://api.soundcloud.com/tracks/309375252&show_artwork=true&color=%23ff5500&hide_related=true&show_comments=false&show_user=true&show_reposts=false&show_teaser=false&visual=true
1549	7mmdt89	Andrew Rayel & Armin van Buuren & Tomas Heredia + More @ Special Closing Set, A 	8.699	11100	12	0.917	19	0.632	soundcloud	0	https://w.soundcloud.com/player/?url=https://api.soundcloud.com/tracks/200431832&show_artwork=true&color=%23ff5500&hide_related=true&show_comments=false&show_user=true&show_reposts=false&show_teaser=false&visual=true
1550	8zxjrgt	Hardwell - Hardwell On Air 188	8.698	10600	13	1.0	20	0.55	soundcloud	0	https://w.soundcloud.com/player/?url=https://api.soundcloud.com/tracks/171640762&show_artwork=true&color=%23ff5500&hide_related=true&show_comments=false&show_user=true&show_reposts=false&show_teaser=false&visual=true
1551	qv2mxt	Armin van Buuren @ Electric Zoo Festival, United States	8.698	13500	3	1.0	30	0.633	soundcloud	0	https://w.soundcloud.com/player/?url=https://api.soundcloud.com/tracks/22652884&show_artwork=true&color=%23ff5500&hide_related=true&show_comments=false&show_user=true&show_reposts=false&show_teaser=false&visual=true
1552	2jmgzx9k	Disco Lines - Good Good Radio 019	8.696	496	0	0.923	13	0.077	soundcloud	1	https://w.soundcloud.com/player/?url=https://api.soundcloud.com/tracks/2008608979&show_artwork=true&color=%23ff5500&hide_related=true&show_comments=false&show_user=true&show_reposts=false&show_teaser=false&visual=true
1553	zt0jh09	Tiësto - Club Life (Best Of 2016) 509	8.694	6400	15	1.0	28	0.893	youtube	0	https://www.youtube.com/watch?v=DgdBCF8i6SE
1554	12nhrqk	Armin van Buuren @ Cez Arena Ostrava, Czech Republic	8.691	6600	18	0.98	70	0.886	youtube	0	https://www.youtube.com/watch?v=G1KcZypU09k
1555	19k97upk	John Summit @ Mayan Warrior Camp Fundraiser Los Angeles, United States	8.691	1500	1	0.743	37	0.189	youtube	1	https://www.youtube.com/watch?v=UumAJsT0gYU
1556	42f0trk	Steve Angello @ Mainstage, Tomorrowland Brasil, Brazil	8.691	26100	12	1.0	46	0.609	youtube	0	https://www.youtube.com/watch?v=zCtFYSg5hQ4
1557	697md81	Hardwell @ Summerburst Festival Stockholm, Sweden	8.691	14200	12	1.0	54	0.741	youtube	0	https://www.youtube.com/watch?v=JAqINbhEyVk
1558	u87507t	Tiësto & TUJAMO - Club Life 615	8.69	8000	12	1.0	37	0.865	youtube	0	https://www.youtube.com/watch?v=QJ7x45fXFBQ
1559	s9z6lft	The Chainsmokers @ Sahara Tent, Coachella Festival, United States	8.689	18400	15	1.0	62	0.661	youtube	0	https://www.youtube.com/watch?v=u7LPtGjiOMQ
1560	1p6z5lm1	Alesso @ Mainstage, Tomorrowland Weekend 2, Belgium	8.687	22800	21	1.0	38	0.579	youtube	0	https://www.youtube.com/watch?v=xNJMRhvstIc
1561	gdzdzgk	Armin van Buuren @ Amsterdam Music Festival, Johan Cruijff ArenA, Amsterdam Danc	8.687	20600	45	0.957	39	0.564	youtube	0	https://www.youtube.com/watch?v=l9I0XPWin3c
1562	9g0quzt	Tiësto & MARNIK - Club Life 525	8.684	5400	7	1.0	33	1.0	youtube	0	https://www.youtube.com/watch?v=RxaCSn6Jwaw
1563	h359xut	Armin van Buuren @ Mainstage, Ultra Europe, Croatia	8.683	13600	26	1.0	54	0.667	youtube	0	https://www.youtube.com/watch?v=9kRLCiMCr0s
1564	pux6dv1	Martin Garrix & Alesso @ STMPD RCRDS X Tomorrowland Music, The Library Stage, To	8.683	26700	59	1.0	83	0.434	youtube	0	https://www.youtube.com/watch?v=raOVXUB13vw
1565	ww84jt	Avicii & Alesso - Progressive House Mix	8.683	6000	2	1.0	18	0.833	soundcloud	0	https://w.soundcloud.com/player/?url=https://api.soundcloud.com/tracks/34272424&show_artwork=true&color=%23ff5500&hide_related=true&show_comments=false&show_user=true&show_reposts=false&show_teaser=false&visual=true
1566	1nk77stt	Diplo @ World's Hottest Tour, SoFi Stadium Los Angeles, United States	8.682	524	1	0.889	45	0.267	youtube	1	https://www.youtube.com/watch?v=8GPG1W4CvXc
1567	tjsfk8k	FISHER @ TAO Beach Las Vegas, United States	8.682	1000	0	0.818	11	0.273	youtube	1	https://www.youtube.com/watch?v=W1RF0jgRF5Y
1568	1wnhj7tt	Martin Garrix @ Mainstage, Ultra Europe, Croatia	8.681	12700	8	1.0	10	0.8	youtube	0	https://www.youtube.com/watch?v=jWM9rPwF0fI
1569	2mzbcbt	RL Grime - Boiler Room 007	8.681	16000	8	1.0	22	0.5	soundcloud	0	https://w.soundcloud.com/player/?url=https://api.soundcloud.com/tracks/58799922&show_artwork=true&color=%23ff5500&hide_related=true&show_comments=false&show_user=true&show_reposts=false&show_teaser=false&visual=true
1570	11s33c4k	Martin Garrix @ A'DAM Tower Amsterdam, 538 Koningsdag, Netherlands	8.68	5600	8	1.0	11	0.727	soundcloud	0	https://w.soundcloud.com/player/?url=https://api.soundcloud.com/tracks/808306273&show_artwork=true&color=%23ff5500&hide_related=true&show_comments=false&show_user=true&show_reposts=false&show_teaser=false&visual=true
1571	rjyw949	Tiësto @ Red Rocks Amphitheatre, United States	8.68	9000	24	0.857	32	0.656	soundcloud	0	https://w.soundcloud.com/player/?url=https://api.soundcloud.com/tracks/899584780&show_artwork=true&color=%23ff5500&hide_related=true&show_comments=false&show_user=true&show_reposts=false&show_teaser=false&visual=true
1572	18hcrp1t	Dom Dolla - Radio 1's Essential Mix	8.678	27700	71	0.957	51	0.196	soundcloud	0	https://w.soundcloud.com/player/?url=https://api.soundcloud.com/tracks/1666969701&show_artwork=true&color=%23ff5500&hide_related=true&show_comments=false&show_user=true&show_reposts=false&show_teaser=false&visual=true
1573	1gvww3qt	Oliver Heldens @ ARC Stage, Creamfields, United Kingdom	8.678	10500	16	1.0	48	0.521	soundcloud	0	https://w.soundcloud.com/player/?url=https://api.soundcloud.com/tracks/1125757237&show_artwork=true&color=%23ff5500&hide_related=true&show_comments=false&show_user=true&show_reposts=false&show_teaser=false&visual=true
1574	9237f9k	Sebastian Ingrosso & Alesso @ All Mixed Up, Creamfields	8.678	13400	6	1.0	43	0.814	youtube	0	https://www.youtube.com/watch?v=EfnOEtWYWOw
1575	kyklvt	Armin van Buuren @ kineticFIELD, EDC Los Angeles, United States	8.678	20100	9	1.0	32	0.438	soundcloud	0	https://w.soundcloud.com/player/?url=https://api.soundcloud.com/tracks/3933746&show_artwork=true&color=%23ff5500&hide_related=true&show_comments=false&show_user=true&show_reposts=false&show_teaser=false&visual=true
1576	1v4upq0t	Disco Lines - Good Good Radio 011	8.677	474	0	0.933	15	0.067	soundcloud	1	https://w.soundcloud.com/player/?url=https://api.soundcloud.com/tracks/1852541490&show_artwork=true&color=%23ff5500&hide_related=true&show_comments=false&show_user=true&show_reposts=false&show_teaser=false&visual=true
1577	62z6r5k	Hardwell - Hardwell On Air 150	8.677	35500	50	1.0	44	0.386	youtube	0	https://www.youtube.com/watch?v=l5tZZ0UuWB8
1578	7g30l0t	Hardwell @ Amsterdam Music Festival, Amsterdam Dance Event, Netherlands	8.677	27200	39	1.0	51	0.471	youtube	0	https://www.youtube.com/watch?v=obeWzsen3zg
1579	1jk5yfv9	Madeon @ Freedom Stage, Made In America Festival Philadelphia, United States	8.674	4900	4	0.988	82	0.829	soundcloud	0	https://w.soundcloud.com/player/?url=https://api.soundcloud.com/tracks/282004938&show_artwork=true&color=%23ff5500&hide_related=true&show_comments=false&show_user=true&show_reposts=false&show_teaser=false&visual=true
1580	2380f1b9	Porter Robinson @ Second Sky Festival, United States	8.674	12200	21	1.0	24	0.458	soundcloud	0	https://w.soundcloud.com/player/?url=https://api.soundcloud.com/tracks/637366884&show_artwork=true&color=%23ff5500&hide_related=true&show_comments=false&show_user=true&show_reposts=false&show_teaser=false&visual=true
1581	26zbk12t	Armin van Buuren @ Mainstage, Parookaville, Germany	8.674	6300	9	1.0	48	0.688	soundcloud	0	https://w.soundcloud.com/player/?url=https://api.soundcloud.com/tracks/654510263&show_artwork=true&color=%23ff5500&hide_related=true&show_comments=false&show_user=true&show_reposts=false&show_teaser=false&visual=true
1582	v4zxdm1	Tiësto & Dropgun - Club Life 566	8.674	6900	5	1.0	37	0.973	youtube	0	https://www.youtube.com/watch?v=4nFSH_Rvsf0
1583	13hrrfg9	Hardwell - Hardwell On Air 272	8.672	21000	49	1.0	20	0.5	youtube	0	https://www.youtube.com/watch?v=ew1GRgZj4iM
1584	1ql7lhk	Nicky Romero - Protocol Recordings Proto Mix #1 Summer Edition	8.672	4200	8	1.0	14	0.786	soundcloud	0	https://w.soundcloud.com/player/?url=https://api.soundcloud.com/tracks/98386067&show_artwork=true&color=%23ff5500&hide_related=true&show_comments=false&show_user=true&show_reposts=false&show_teaser=false&visual=true
1585	2762xqxt	Diplo @ Higher Ground, Zamna Tulum, Mexico	8.67	454	2	0.9	38	0.237	youtube	1	https://www.youtube.com/watch?v=mLiaHmryjWU
1586	tc12uwk	Armin van Buuren @ ASOT Stage, Tomorrowland Weekend 2, Belgium	8.669	18300	26	1.0	42	0.595	youtube	0	https://www.youtube.com/watch?v=8tCBr5j1lz0
1587	zsl0y1	Hardwell - Hardwell On Air Yearmix 2014 Part 1	8.669	16800	31	1.0	47	0.596	youtube	0	https://www.youtube.com/watch?v=V6uDwku8LYc
1588	5rz3x2t	Vicetone @ Main Stage, Ultra Music Festival Miami, United States	8.668	12600	19	1.0	24	0.458	soundcloud	0	https://w.soundcloud.com/player/?url=https://api.soundcloud.com/tracks/198484897&show_artwork=true&color=%23ff5500&hide_related=true&show_comments=false&show_user=true&show_reposts=false&show_teaser=false&visual=true
1589	957zwwk	Porter Robinson @ Echostage Washington DC, United States	8.668	14900	11	0.973	118	0.754	youtube	0	https://www.youtube.com/watch?v=ptyS4Qfd9cE
1590	2519yl1t	JAUZ & Ghastly & Cesqeaux & Mija @ UMF Radio Stage OWSLA, Ultra Music Festival M	8.667	12300	8	0.975	40	0.575	soundcloud	0	https://w.soundcloud.com/player/?url=https://api.soundcloud.com/tracks/316649159&show_artwork=true&color=%23ff5500&hide_related=true&show_comments=false&show_user=true&show_reposts=false&show_teaser=false&visual=true
1591	dph086k	Galantis @ Mystic Wild, Nocturnal Wonderland, United States	8.666	171	1	0.933	46	0.457	youtube	1	https://www.youtube.com/watch?v=g5bcdgykngk
1592	y543zt	Hardwell @ Ultra Music Festival Miami, United States	8.665	24000	7	1.0	27	0.667	youtube	0	https://www.youtube.com/watch?v=yJchGizKtX4
1593	273246u1	AFROJACK & R3HAB @ kineticFIELD, EDC Las Vegas, United States	8.664	9300	15	0.958	107	0.589	soundcloud	0	https://w.soundcloud.com/player/?url=https://api.soundcloud.com/tracks/1150904134&show_artwork=true&color=%23ff5500&hide_related=true&show_comments=false&show_user=true&show_reposts=false&show_teaser=false&visual=true
1594	2p12gu1	Alesso @ kineticFIELD, EDC Las Vegas, United States	8.664	13900	10	1.0	48	0.75	youtube	0	https://www.youtube.com/watch?v=sABJoxQASkA
1595	7nz7nvk	Avicii @ Istmo Nights, CIFCO El Salvador	8.664	7000	16	0.977	56	0.875	youtube	0	https://www.youtube.com/watch?v=e4cYZ0PWMGA
1596	1p2kbnk	Steve Angello @ Mainstage, Ultra Europe, Croatia	8.662	20600	24	1.0	47	0.574	youtube	0	https://www.youtube.com/watch?v=hqcA6pw-AWU
1597	1x0quzc1	Martin Garrix @ Mainstage, Sziget Festival, Hungary	8.662	31900	52	0.978	69	0.42	youtube	0	https://www.youtube.com/watch?v=U3shhh922Oo
1598	27xv808k	James Hype @ SLAM! MixMarathon Quarantine Festival	8.662	5300	8	1.0	51	0.98	youtube	0	https://www.youtube.com/watch?v=vUYZjeyKQpw
1599	hzjfkn1	RL Grime @ Worldwide Stage, Ultra Music Festival Miami, Miami Music Week, United	8.659	15200	8	1.0	52	0.5	soundcloud	0	https://w.soundcloud.com/player/?url=https://api.soundcloud.com/tracks/421555212&show_artwork=true&color=%23ff5500&hide_related=true&show_comments=false&show_user=true&show_reposts=false&show_teaser=false&visual=true
1600	3vwdtwt	Valentino Khan @ HARD Summer Festival, United States	8.658	7700	7	0.98	50	0.68	soundcloud	0	https://w.soundcloud.com/player/?url=https://api.soundcloud.com/tracks/163027840&show_artwork=true&color=%23ff5500&hide_related=true&show_comments=false&show_user=true&show_reposts=false&show_teaser=false&visual=true
1601	48hqfdk	Avicii - Le7els 037	8.658	6100	11	1.0	21	0.667	soundcloud	0	https://w.soundcloud.com/player/?url=https://api.soundcloud.com/tracks/212444146&show_artwork=true&color=%23ff5500&hide_related=true&show_comments=false&show_user=true&show_reposts=false&show_teaser=false&visual=true
1602	3d5fh3t	Avicii - Pure FM Pure Trax	8.657	3300	2	1.0	20	0.95	soundcloud	0	https://w.soundcloud.com/player/?url=https://api.soundcloud.com/tracks/87274383&show_artwork=true&color=%23ff5500&hide_related=true&show_comments=false&show_user=true&show_reposts=false&show_teaser=false&visual=true
1603	tctnmfk	Tiësto - Club Life 680	8.656	5800	6	1.0	83	0.735	soundcloud	0	https://w.soundcloud.com/player/?url=https://api.soundcloud.com/tracks/796053922&show_artwork=true&color=%23ff5500&hide_related=true&show_comments=false&show_user=true&show_reposts=false&show_teaser=false&visual=true
1604	262g9m0t	Diplo & Rhye @ Corona Sabbath, United States	8.655	698	1	0.96	25	0.12	youtube	1	https://www.youtube.com/watch?v=jWuJt-llI6I
1605	9999s0t	Tchami - Confessions #2	8.655	22300	12	1.0	24	0.375	soundcloud	0	https://w.soundcloud.com/player/?url=https://api.soundcloud.com/tracks/203146151&show_artwork=true&color=%23ff5500&hide_related=true&show_comments=false&show_user=true&show_reposts=false&show_teaser=false&visual=true
1606	594q1s1	AFROJACK @ Mainstage, Tomorrowland Brasil	8.654	31700	20	0.962	58	0.534	youtube	0	https://www.youtube.com/watch?v=0LcrPbNqljk
1607	1nnpjht	Dimitri Vegas & Like Mike - Smash The House 088 & 089 (Smash The House Radio Spe	8.653	27000	19	1.0	99	0.535	youtube	0	https://www.youtube.com/watch?v=ta7ITAYTATM
1608	2b2ck5n9	Kygo @ World Tour, Centre Bell, Montreal, Canada	8.653	108	1	1.0	29	0.483	youtube	1	https://www.youtube.com/watch?v=8I5o145Ui-8
1609	1b3umc89	Sandro Cavazza & Aloe Blacc + More @ Avicii Tribute Concert: In Loving Memory of	8.652	5700	24	1.0	33	0.848	youtube	0	https://www.youtube.com/watch?v=h2Tzd7MiOj8
1610	1v6pb4wt	RÜFÜS DU SOL @ Inhale / Exhale World Tour, Costa21 Lima, Peru	8.652	316	1	1.0	24	0.25	youtube	1	https://www.youtube.com/watch?v=jMnqDZN2q8Y
1611	657fqc1	Calvin Harris @ iTunes Festival, Roundhouse London, United Kingdom	8.652	17600	7	1.0	33	0.727	youtube	0	https://www.youtube.com/watch?v=QHBXV_thXKI
1612	1wbld6k	Alesso @ LED Anniversary, Valley View Casino Center San Diego, United States	8.651	5600	8	1.0	27	0.963	youtube	0	https://www.youtube.com/watch?v=LN4ugEO0OY8
1613	1g3yvz19	Disco Lines - Good Good Radio 014	8.649	574	0	0.944	18	0.0	soundcloud	1	https://w.soundcloud.com/player/?url=https://api.soundcloud.com/tracks/1906509455&show_artwork=true&color=%23ff5500&hide_related=true&show_comments=false&show_user=true&show_reposts=false&show_teaser=false&visual=true
1614	448zty1	Steve Angello @ Dream Valley Festival, Brazil	8.649	10800	9	1.0	52	0.808	youtube	0	https://www.youtube.com/watch?v=sE2c9kCeK3E
1615	238wsgft	Martin Garrix - Tomorrowland Friendship Mix	8.648	5000	16	1.0	18	0.667	soundcloud	0	https://w.soundcloud.com/player/?url=https://api.soundcloud.com/tracks/794350090&show_artwork=true&color=%23ff5500&hide_related=true&show_comments=false&show_user=true&show_reposts=false&show_teaser=false&visual=true
1616	41yb74k	AFROJACK @ Ultra Music Festival Japan	8.648	25100	12	1.0	47	0.596	youtube	0	https://www.youtube.com/watch?v=7-RV3YahoYI
1617	26zc4xtt	AFROJACK @ Smash The House Stage, Tomorrowland Weekend 2, Belgium	8.647	20800	32	0.964	84	0.571	youtube	0	https://www.youtube.com/watch?v=HwQoPeCvBHw
1618	4q06uy9	Alesso @ Ushuaia Beach Club Ibiza, Spain	8.647	4100	3	1.0	15	0.867	soundcloud	0	https://w.soundcloud.com/player/?url=https://api.soundcloud.com/tracks/103849936&show_artwork=true&color=%23ff5500&hide_related=true&show_comments=false&show_user=true&show_reposts=false&show_teaser=false&visual=true
1619	78x7q59	deadmau5 & David Guetta @ BBC Radio 1 Essential Mix (Hackney Marshes, United Kin	8.647	8600	5	1.0	34	0.912	youtube	0	https://www.youtube.com/watch?v=5vl3-fr8Bhw
1620	1fscmj7k	Armin van Buuren - The Best Of Armin Only (Mini Mix)	8.646	3400	4	1.0	34	0.882	soundcloud	0	https://w.soundcloud.com/player/?url=https://api.soundcloud.com/tracks/322398678&show_artwork=true&color=%23ff5500&hide_related=true&show_comments=false&show_user=true&show_reposts=false&show_teaser=false&visual=true
1621	8dynl4t	Afrojack @ Ultra Music Festival Chile	8.646	6000	7	1.0	24	0.958	youtube	0	https://www.youtube.com/watch?v=NCsYE7F64j8
1622	28t999kk	Hardwell - Hardwell On Air 351	8.645	8600	33	1.0	18	0.722	youtube	0	https://www.youtube.com/watch?v=wQCrcLIKGUs
1623	7m48m3t	Dada Life @ Electric Zoo, United States	8.644	13900	7	0.972	38	0.553	soundcloud	0	https://w.soundcloud.com/player/?url=https://api.soundcloud.com/tracks/167132129&show_artwork=true&color=%23ff5500&hide_related=true&show_comments=false&show_user=true&show_reposts=false&show_teaser=false&visual=true
1624	u8tgbqt	Lost Kings @ Mainstage, Ultra Europe, Croatia	8.644	4800	2	1.0	58	0.862	soundcloud	0	https://w.soundcloud.com/player/?url=https://api.soundcloud.com/tracks/651538469&show_artwork=true&color=%23ff5500&hide_related=true&show_comments=false&show_user=true&show_reposts=false&show_teaser=false&visual=true
1625	2wbpfkd1	Afrojack @ Mainstage, Tomorrowland Weekend 2, Belgium	8.643	21600	10	1.0	73	0.644	youtube	0	https://www.youtube.com/watch?v=ql67eodsJF8
1626	5ryr2xt	Armin van Buuren @ SiriusXM Music Lounge, Miami Music Week, United States	8.643	3800	15	1.0	26	0.731	soundcloud	0	https://w.soundcloud.com/player/?url=https://api.soundcloud.com/tracks/197719285&show_artwork=true&color=%23ff5500&hide_related=true&show_comments=false&show_user=true&show_reposts=false&show_teaser=false&visual=true
1627	2ptfspr1	The Chainsmokers @ kineticFIELD, EDC Orlando, United States	8.641	8100	2	0.984	80	0.762	soundcloud	0	https://w.soundcloud.com/player/?url=https://api.soundcloud.com/tracks/291931302&show_artwork=true&color=%23ff5500&hide_related=true&show_comments=false&show_user=true&show_reposts=false&show_teaser=false&visual=true
1628	42jfl6k	Martin Garrix & Julian Jordan @ stage7, EDC Las Vegas, United States	8.641	9000	11	1.0	34	0.824	youtube	0	https://www.youtube.com/watch?v=KrD_-CYJWKE
1629	50mks9k	Madeon @ Troubadour Stage, Life Is Beautiful Festival Las Vegas, United States	8.641	6700	4	0.988	86	0.744	soundcloud	0	https://w.soundcloud.com/player/?url=https://api.soundcloud.com/tracks/226280098&show_artwork=true&color=%23ff5500&hide_related=true&show_comments=false&show_user=true&show_reposts=false&show_teaser=false&visual=true
1630	h0184tt	Hardwell - Hardwell On Air 269	8.641	21000	33	1.0	19	0.526	youtube	0	https://www.youtube.com/watch?v=SVXi0IfXkfA
1631	1frp2puk	R3HAB @ Mainstage, Tomorrowland, Belgium	8.64	11300	17	1.0	37	0.73	youtube	0	https://www.youtube.com/watch?v=YSiZKYZ5D44
1632	24hkzt91	Galantis @ KC Live, Kansas City, Missouri, United States	8.639	104	0	0.986	89	0.573	youtube	1	https://www.youtube.com/watch?v=uw8fst_kpnE
1633	qv6kl89	Martin Garrix @ Amsterdam Music Festival, Johan Cruijff ArenA, Amsterdam Dance E	8.639	24600	58	0.984	105	0.448	youtube	0	https://www.youtube.com/watch?v=M-mT5E7Ol2A
1634	20cyg891	Tiësto & The Chainsmokers - Club Life 500	8.638	12900	0	1.0	55	0.764	soundcloud	0	https://w.soundcloud.com/player/?url=https://api.soundcloud.com/tracks/290258265&show_artwork=true&color=%23ff5500&hide_related=true&show_comments=false&show_user=true&show_reposts=false&show_teaser=false&visual=true
1635	39qu0z9	Sander van Doorn & Martin Garrix @ Spinnin' Sessions 047 (Nikki Beach Miami, Mia	8.638	13400	9	1.0	45	0.756	youtube	0	https://www.youtube.com/watch?v=wfKWjjKT2zw
1636	5w8tw9k	Axwell @ Seven Vilamoura, Portugal	8.637	5200	3	1.0	79	0.81	soundcloud	0	https://w.soundcloud.com/player/?url=https://api.soundcloud.com/tracks/56859786&show_artwork=true&color=%23ff5500&hide_related=true&show_comments=false&show_user=true&show_reposts=false&show_teaser=false&visual=true
1637	1qjqx2lt	Chris Lake @ Fórum de Mundo Imperial Acapulco, Mexico	8.635	92	0	1.0	12	0.583	youtube	1	https://www.youtube.com/watch?v=LnT6oMuzqgY
1638	1x4h7nk	David Guetta @ Summerburst Festival Gothenburg, Sweden	8.633	9400	17	1.0	47	0.766	youtube	0	https://www.youtube.com/watch?v=xDarfhwZpeo
1639	440b371	Armin van Buuren @ kineticFIELD, EDC Chicago, United States	8.633	11700	9	1.0	46	0.783	youtube	0	https://www.youtube.com/watch?v=wOoT74jlnjU
1640	2286lbn1	ALOK @ Mainstage, Tomorrowland Weekend 2, Belgium	8.632	37600	12	1.0	50	0.5	youtube	0	https://www.youtube.com/watch?v=zn-HZoIU_Po
1641	1yybdlk1	Swedish House Mafia @ Mainstage, Tomorrowland Weekend 2, Belgium	8.63	23900	51	1.0	47	0.447	youtube	0	https://www.youtube.com/watch?v=AFC6wKUQKAI
1642	5m8g659	deadmau5 @ BBC Radio 1 Hackney Weekend (Hackney Marshes, United Kingdom)	8.63	5100	6	1.0	14	1.0	youtube	0	https://www.youtube.com/watch?v=5vl3-fr8Bhw
1643	8vsvcwt	Hardwell @ Hardwell & Friends, Six Flags Mexico	8.628	11200	19	1.0	63	0.714	youtube	0	https://www.youtube.com/watch?v=8MIFpkWYc1c
1644	twrpw9	Tiesto - Club Life 247	8.625	5500	3	1.0	24	0.792	soundcloud	0	https://w.soundcloud.com/player/?url=https://api.soundcloud.com/tracks/32609279&show_artwork=true&color=%23ff5500&hide_related=true&show_comments=false&show_user=true&show_reposts=false&show_teaser=false&visual=true
1645	52wbxj1	Nicky Romero @ 538 JingleBall, Ziggo Dome Amsterdam, Netherlands	8.623	9800	13	1.0	68	0.779	youtube	0	https://www.youtube.com/watch?v=vsL0NJ-JtqQ
1646	5hgvt1	Armin van Buuren - A State Of Trance 250 Classics Mix	8.622	5200	8	1.0	21	0.714	soundcloud	0	https://w.soundcloud.com/player/?url=https://api.soundcloud.com/tracks/3284568&show_artwork=true&color=%23ff5500&hide_related=true&show_comments=false&show_user=true&show_reposts=false&show_teaser=false&visual=true
1647	234wk2u1	Blasterjaxx @ Mainstage, Tomorrowland Brasil	8.621	35000	34	0.964	57	0.439	youtube	0	https://www.youtube.com/watch?v=wh5a3XoJsgI
1648	2c49b4k	Porter Robinson - Triple J (JJJ) Friday Arvo DJ Set	8.621	10200	4	1.0	19	0.632	soundcloud	0	https://w.soundcloud.com/player/?url=https://api.soundcloud.com/tracks/219616162&show_artwork=true&color=%23ff5500&hide_related=true&show_comments=false&show_user=true&show_reposts=false&show_teaser=false&visual=true
1649	2sw3p5f1	David Guetta @ Mainstage, Ultra Music Festival Miami, United States	8.621	16700	28	1.0	42	0.333	soundcloud	0	https://w.soundcloud.com/player/?url=https://api.soundcloud.com/tracks/1478269000&show_artwork=true&color=%23ff5500&hide_related=true&show_comments=false&show_user=true&show_reposts=false&show_teaser=false&visual=true
1650	2bydb99	Avicii @ Marquee Las Vegas, United States	8.619	6200	7	1.0	32	0.938	youtube	0	https://www.youtube.com/watch?v=ke9TKucyzoE
1651	1lqpp20t	Swedish House Mafia @ Jäger Stage, Kappa FuturFestival Turin, Italy	8.618	10800	17	1.0	46	0.478	soundcloud	0	https://w.soundcloud.com/player/?url=https://api.soundcloud.com/tracks/1563416302&show_artwork=true&color=%23ff5500&hide_related=true&show_comments=false&show_user=true&show_reposts=false&show_teaser=false&visual=true
1652	45dbjkt	Oliver Heldens @ Mainstage, Tomorrowland Brasil, Brazil	8.616	19300	8	1.0	34	0.676	youtube	0	https://www.youtube.com/watch?v=Y_uva2xbc4w
1653	6fhv119	The Chainsmokers @ NYE, Pier 94 New York, United States	8.616	10300	6	0.988	93	0.602	soundcloud	0	https://w.soundcloud.com/player/?url=https://api.soundcloud.com/tracks/248690118&show_artwork=true&color=%23ff5500&hide_related=true&show_comments=false&show_user=true&show_reposts=false&show_teaser=false&visual=true
1654	1p5z9nwt	Hardwell - Hardwell presents Revealed Vol. 7 Minimix	8.615	5000	15	1.0	35	0.657	soundcloud	0	https://w.soundcloud.com/player/?url=https://api.soundcloud.com/tracks/269655097&show_artwork=true&color=%23ff5500&hide_related=true&show_comments=false&show_user=true&show_reposts=false&show_teaser=false&visual=true
1655	11nzw1sk	Illenium @ The Other, Bonnaroo Music Festival Manchester, United States	8.613	3600	2	1.0	33	0.909	soundcloud	0	https://w.soundcloud.com/player/?url=https://api.soundcloud.com/tracks/327743207&show_artwork=true&color=%23ff5500&hide_related=true&show_comments=false&show_user=true&show_reposts=false&show_teaser=false&visual=true
1656	14j567t	Armin van Buuren @ A State Of Trance 600 The Expedition, Espaco Das Americas Sao	8.613	11500	11	1.0	41	0.756	youtube	0	https://www.youtube.com/watch?v=psOk0cn5dws
1657	2hb5m40k	Brooks - 1001Tracklists Exclusive Mix	8.613	7100	11	1.0	18	0.611	soundcloud	0	https://w.soundcloud.com/player/?url=https://api.soundcloud.com/tracks/440520552&show_artwork=true&color=%23ff5500&hide_related=true&show_comments=false&show_user=true&show_reposts=false&show_teaser=false&visual=true
1658	29tgwh3t	Diplo & Rhye @ Corona Sabbath 3, United States	8.61	904	3	0.778	27	0.148	youtube	1	https://www.youtube.com/watch?v=ZyhTHNSJpCA
1659	94sw0jk	Avicii @ Vanguard Los Angeles, United States	8.605	6600	24	1.0	58	0.793	youtube	0	https://www.youtube.com/watch?v=aN9Yvr5zNTo
1660	1mbhpfl1	Dimitri Vegas & Like Mike & Regi & NERVO + More @ Smash The House Stage, Tomorro	8.604	13000	17	0.912	39	0.769	youtube	0	https://www.youtube.com/watch?v=3UOtF4J9wpo
1661	t9uk4d1	Tiësto & Oliver Heldens - Club Life 589	8.604	5600	8	1.0	33	0.939	youtube	0	https://www.youtube.com/watch?v=9REi9xvstLE
1662	1zqc4kt	Hardwell - Hardwell On Air 139	8.603	9200	5	1.0	16	0.625	soundcloud	0	https://w.soundcloud.com/player/?url=https://api.soundcloud.com/tracks/117093934&show_artwork=true&color=%23ff5500&hide_related=true&show_comments=false&show_user=true&show_reposts=false&show_teaser=false&visual=true
1663	2k49m9jt	Martin Garrix @ Mainstage, Ultra Music Festival, Japan	8.603	12000	22	1.0	73	0.671	youtube	0	https://www.youtube.com/watch?v=jGJuM7-qRUs
1664	2p4js6ft	James Hype @ Get Closer, London, United Kingdom	8.603	16200	37	1.0	29	0.552	youtube	0	https://www.youtube.com/watch?v=oVOuXYtqi6I
1665	2vmy5r49	Armin van Buuren @ kineticFIELD, EDC Las Vegas, United States	8.603	8300	13	1.0	36	0.806	youtube	0	https://www.youtube.com/watch?v=UMRByNDEBW8
1666	2360uyk	DJ Snake @ Mainstage, Ultra Europe, Croatia	8.602	14300	12	0.959	53	0.736	youtube	0	https://www.youtube.com/watch?v=csdkKulQZzQ
1667	55cwu81	Two Friends & Astronaut - 2F Friendly Sessions Ep. 08	8.601	283	0	1.0	27	0.074	soundcloud	1	https://w.soundcloud.com/player/?url=https://api.soundcloud.com/tracks/134084300&show_artwork=true&color=%23ff5500&hide_related=true&show_comments=false&show_user=true&show_reposts=false&show_teaser=false&visual=true
1668	rfqq0v1	Green Velvet @ Groove Cruise, Mexico	8.6	35200	13	1.0	25	0.24	soundcloud	0	https://w.soundcloud.com/player/?url=https://api.soundcloud.com/tracks/346998956&show_artwork=true&color=%23ff5500&hide_related=true&show_comments=false&show_user=true&show_reposts=false&show_teaser=false&visual=true
1669	4nn6pfk	Steve Angello @ Mainstage, TomorrowWorld, United States	8.598	21100	14	1.0	54	0.593	youtube	0	https://www.youtube.com/watch?v=jKknSwdz0FY
1670	277dzgf1	Disco Lines - Good Good Radio 007	8.597	394	0	0.933	15	0.067	soundcloud	1	https://w.soundcloud.com/player/?url=https://api.soundcloud.com/tracks/1722532179&show_artwork=true&color=%23ff5500&hide_related=true&show_comments=false&show_user=true&show_reposts=false&show_teaser=false&visual=true
1671	29bmcuk	Steve Angello & Kryder & Tom Staar - Radio 1's Residency	8.597	26200	38	1.0	47	0.191	soundcloud	0	https://w.soundcloud.com/player/?url=https://api.soundcloud.com/tracks/176275575&show_artwork=true&color=%23ff5500&hide_related=true&show_comments=false&show_user=true&show_reposts=false&show_teaser=false&visual=true
1672	5lg0sgk	Martin Garrix @ Mainstage, TomorrowWorld, United States	8.596	18600	10	1.0	72	0.653	youtube	0	https://www.youtube.com/watch?v=hiZpVeUsdt0
1673	17b3bcv9	Martin Garrix @ Mainstage, Sziget Festival, Hungary	8.595	17300	16	1.0	58	0.621	youtube	0	https://www.youtube.com/watch?v=hg7GDe4iBhw
1674	6m2yfbt	Blasterjaxx @ Mainstage, Tomorrowland, Belgium	8.595	29000	18	0.974	44	0.523	youtube	0	https://www.youtube.com/watch?v=YYyZYoxwEAg
1675	u68l4g9	Mike Williams - On Track 003	8.593	4500	11	1.0	20	0.7	soundcloud	0	https://w.soundcloud.com/player/?url=https://api.soundcloud.com/tracks/304790293&show_artwork=true&color=%23ff5500&hide_related=true&show_comments=false&show_user=true&show_reposts=false&show_teaser=false&visual=true
1676	2djy2s29	Marshmello @ Mainstage, Ultra Europe, Croatia	8.592	14200	10	1.0	124	0.71	youtube	0	https://www.youtube.com/watch?v=9Ko9lAzFvrM
1677	2gqdddt9	Disco Lines - The Road To Elements Mix	8.59	154	0	1.0	15	0.2	soundcloud	1	https://w.soundcloud.com/player/?url=https://api.soundcloud.com/tracks/1791043621&show_artwork=true&color=%23ff5500&hide_related=true&show_comments=false&show_user=true&show_reposts=false&show_teaser=false&visual=true
1678	mlcsdk	Swedish House Mafia - Essential Selection	8.59	14700	6	1.0	56	0.5	soundcloud	0	https://w.soundcloud.com/player/?url=https://api.soundcloud.com/tracks/32132835&show_artwork=true&color=%23ff5500&hide_related=true&show_comments=false&show_user=true&show_reposts=false&show_teaser=false&visual=true
1679	2vq98wk	Tiesto - Club Life Vol. 4 New York City Minimix	8.589	3600	8	1.0	18	0.778	soundcloud	0	https://w.soundcloud.com/player/?url=https://api.soundcloud.com/tracks/206374259&show_artwork=true&color=%23ff5500&hide_related=true&show_comments=false&show_user=true&show_reposts=false&show_teaser=false&visual=true
1680	2qrl4fg1	Sam Feldt @ Heartfeldt Radio 064 (UMF Miami, United States)	8.588	6200	0	0.981	48	0.917	soundcloud	0	https://w.soundcloud.com/player/?url=https://api.soundcloud.com/tracks/315382350&show_artwork=true&color=%23ff5500&hide_related=true&show_comments=false&show_user=true&show_reposts=false&show_teaser=false&visual=true
1681	2sr9r8j1	RL Grime - Halloween IX	8.588	38100	34	0.977	57	0.14	soundcloud	0	https://w.soundcloud.com/player/?url=https://api.soundcloud.com/tracks/919423285&show_artwork=true&color=%23ff5500&hide_related=true&show_comments=false&show_user=true&show_reposts=false&show_teaser=false&visual=true
1682	628mcqt	Porter Robinson & Zedd @ GLOWfest WVU, United States	8.587	10500	7	0.985	73	0.822	youtube	0	https://www.youtube.com/watch?v=TShH5VrZ4dA
1683	2v3mts1	R3hab & Joel Fletcher - I Need R3hab 099	8.586	10200	8	1.0	20	0.55	soundcloud	0	https://w.soundcloud.com/player/?url=https://api.soundcloud.com/tracks/163635172&show_artwork=true&color=%23ff5500&hide_related=true&show_comments=false&show_user=true&show_reposts=false&show_teaser=false&visual=true
1684	x27n8nk	Armin van Buuren @ Mainstage, Tomorrowland Weekend 2, Belgium	8.585	11400	12	1.0	34	0.735	youtube	0	https://www.youtube.com/watch?v=18_3ZPK-hvU
1685	2r0n111	deadmau5 @ Sonos Studios Hollywood, United States	8.584	5400	7	1.0	20	0.7	soundcloud	0	https://w.soundcloud.com/player/?url=https://api.soundcloud.com/tracks/96915877&show_artwork=true&color=%23ff5500&hide_related=true&show_comments=false&show_user=true&show_reposts=false&show_teaser=false&visual=true
1686	lv39dl1	Armin van Buuren @ Virtual Audio, Ultra Music Festival Miami, United States	8.584	9300	16	1.0	16	0.5	soundcloud	0	https://w.soundcloud.com/player/?url=https://api.soundcloud.com/tracks/781525636&show_artwork=true&color=%23ff5500&hide_related=true&show_comments=false&show_user=true&show_reposts=false&show_teaser=false&visual=true
1687	1v158bpk	Armin van Buuren @ Mainstage, Tomorrowland Weekend 1, Belgium	8.583	12800	21	1.0	46	0.652	youtube	0	https://www.youtube.com/watch?v=hrPwWVz4odE
1688	1c9qstyk	David Guetta @ Mainstage, Ultra Music Festival Miami, United States	8.582	18400	22	1.0	44	0.318	soundcloud	0	https://w.soundcloud.com/player/?url=https://api.soundcloud.com/tracks/1782984723&show_artwork=true&color=%23ff5500&hide_related=true&show_comments=false&show_user=true&show_reposts=false&show_teaser=false&visual=true
1689	20766kt	Afrojack @ Mainstage, Tomorrowland, Belgium	8.582	20900	11	1.0	36	0.611	youtube	0	https://www.youtube.com/watch?v=4fb4Ro2xfsQ
1690	2nw7muft	Armin van Buuren @ Parking Stage, Sunrise Festival Kołobrzeg, Poland	8.58	9700	20	1.0	88	0.716	youtube	0	https://www.youtube.com/watch?v=u6iXZNVO9dg
1691	6xt89t	Swedish House Mafia @ Mainstage, Tomorrowland, Belgium	8.58	22100	9	1.0	34	0.618	youtube	0	https://www.youtube.com/watch?v=4yvUSknVYiM
1692	3jl3ngk	Armin van Buuren @ circuitGROUNDS, EDC New York, United States	8.579	9800	14	1.0	36	0.5	soundcloud	0	https://w.soundcloud.com/player/?url=https://api.soundcloud.com/tracks/206936358&show_artwork=true&color=%23ff5500&hide_related=true&show_comments=false&show_user=true&show_reposts=false&show_teaser=false&visual=true
1693	sbrhkqt	Hardwell @ kineticFIELD, EDC Mexico	8.579	10500	11	1.0	83	0.759	youtube	0	https://www.youtube.com/watch?v=lfRQRH7uIgk
1694	10y298f1	Alesso @ Mainstage, Ultra Music Festival Miami, United States	8.578	42600	33	1.0	41	0.341	youtube	0	https://www.youtube.com/watch?v=Sl0n6n_KzH4
1695	1t5w5y5t	Dom Dolla @ The Brooklyn Mirage New York, United States	8.578	11900	15	0.967	60	0.483	soundcloud	0	https://w.soundcloud.com/player/?url=https://api.soundcloud.com/tracks/1339688677&show_artwork=true&color=%23ff5500&hide_related=true&show_comments=false&show_user=true&show_reposts=false&show_teaser=false&visual=true
1696	17fxx739	Armin van Buuren @ A State Of Trance Festival 1000, Foro Sol, Mexico	8.576	10200	36	1.0	67	0.642	youtube	0	https://www.youtube.com/watch?v=7Lh2eCpe364
1697	7tsuzw1	Hardwell @ Main Stage, Ultra Music Festival Europe, Croatia	8.576	20600	13	0.97	72	0.625	youtube	0	https://www.youtube.com/watch?v=srvthlm2FRc
1698	2ffbk8x1	Hardwell - Hardwell On Air Year Mix 2016 Part 2	8.575	18700	26	1.0	46	0.543	youtube	0	https://www.youtube.com/watch?v=hOlzPeNmOuM
1699	2ld2y9u9	Steve Angello & Sebastian Ingrosso @ Mainstage, Tomorrowland Weekend 2, Belgium	8.575	12200	30	1.0	37	0.622	youtube	0	https://www.youtube.com/watch?v=jatRF_ANsNA
1700	qupbqbk	Armin van Buuren @ Mainstage, Ultra Europe, Croatia	8.575	17800	37	1.0	58	0.517	youtube	0	https://www.youtube.com/watch?v=8SfIdO_IlGk
1701	1d9xwk7k	Diplo @ Savaya Bali, Indonesia	8.574	635	2	0.842	23	0.174	youtube	1	https://www.youtube.com/watch?v=HipYU1-BR48
1702	75ur0fk	Tiesto @ SiriusXM Music Lounge, United States (WMC)	8.572	6100	6	1.0	22	0.682	soundcloud	0	https://w.soundcloud.com/player/?url=https://api.soundcloud.com/tracks/40769996&show_artwork=true&color=%23ff5500&hide_related=true&show_comments=false&show_user=true&show_reposts=false&show_teaser=false&visual=true
1703	bd5dnz9	Armin van Buuren @ Mainstage, Ultra Music Festival China	8.572	8000	13	0.963	53	0.585	soundcloud	0	https://w.soundcloud.com/player/?url=https://api.soundcloud.com/tracks/341731929&show_artwork=true&color=%23ff5500&hide_related=true&show_comments=false&show_user=true&show_reposts=false&show_teaser=false&visual=true
1704	ztqcp11	Armin van Buuren @ Main Stage, Ultra Music Festival, Mexico	8.572	14600	17	1.0	50	0.64	youtube	0	https://www.youtube.com/watch?v=npi8D3X4aj0
1705	6u0n2f1	Swedish House Mafia @ Phoenix Park Dublin, Ireland	8.567	9400	13	1.0	71	0.761	youtube	0	https://www.youtube.com/watch?v=-41FU-dQiKo
1706	rf40mp1	Oliver Heldens - Ibiza 77 Mixtape 001	8.567	5800	13	1.0	13	0.615	soundcloud	0	https://w.soundcloud.com/player/?url=https://api.soundcloud.com/tracks/323908877&show_artwork=true&color=%23ff5500&hide_related=true&show_comments=false&show_user=true&show_reposts=false&show_teaser=false&visual=true
1707	2n2ckq1	Swedish House Mafia @ Festhalle Messe Frankfurt, Germany	8.565	8800	11	1.0	62	0.79	youtube	0	https://www.youtube.com/watch?v=r93_fzEnKq0
1708	2ruf2z9t	Armin van Buuren - Armin's Weekend Kick-Off 100 (Extended Special) (One World Ra	8.565	1500	5	1.0	26	1.0	soundcloud	0	https://w.soundcloud.com/player/?url=https://api.soundcloud.com/tracks/1026491692&show_artwork=true&color=%23ff5500&hide_related=true&show_comments=false&show_user=true&show_reposts=false&show_teaser=false&visual=true
1709	3bh61x9	Tiësto @ Queen's Domain, Beyond Wonderland, United States	8.565	4300	7	1.0	50	0.74	soundcloud	0	https://w.soundcloud.com/player/?url=https://api.soundcloud.com/tracks/203052014&show_artwork=true&color=%23ff5500&hide_related=true&show_comments=false&show_user=true&show_reposts=false&show_teaser=false&visual=true
1710	280l8mq1	Tiësto @ Musical Freedom Stage, Creamfields, United Kingdom	8.564	11000	19	0.96	62	0.726	youtube	0	https://www.youtube.com/watch?v=WXylV699HKM
1711	273n7hxk	Diplo @ Goldrush Music Festival, United States	8.563	155	0	1.0	23	0.435	youtube	1	https://www.youtube.com/watch?v=Bqu0a2DkKgA
1712	2jf00tv1	Armin van Buuren @ A State Of Trance Festival 1000, Music Media Dome Moscow, Rus	8.561	9800	23	1.0	58	0.69	youtube	0	https://www.youtube.com/watch?v=E34UmmCpcy4
1713	2dcj5f9	RL Grime - Halloween III	8.56	20900	13	1.0	27	0.333	soundcloud	0	https://w.soundcloud.com/player/?url=https://api.soundcloud.com/tracks/174502088&show_artwork=true&color=%23ff5500&hide_related=true&show_comments=false&show_user=true&show_reposts=false&show_teaser=false&visual=true
1714	7h1x0w9	Swedish House Mafia @ One Last Tour, Pavilhao Atlantico Lisbon, Portugal	8.559	9300	21	1.0	62	0.71	youtube	0	https://www.youtube.com/watch?v=4ypGjNP6k_k
1715	nz8p3b1	Disco Lines - Good Good Radio 013	8.559	361	0	0.947	19	0.053	soundcloud	1	https://w.soundcloud.com/player/?url=https://api.soundcloud.com/tracks/1902325212&show_artwork=true&color=%23ff5500&hide_related=true&show_comments=false&show_user=true&show_reposts=false&show_teaser=false&visual=true
1716	2cpnhsk	David Guetta @ Dance Red Save Live 2, Stereosonic Sydney, Australia	8.558	12100	5	1.0	29	0.793	youtube	0	https://www.youtube.com/watch?v=L_IwkRPRxq8
1717	6v5pxpk	Alesso @ T In The Park, United Kingdom	8.558	11700	7	1.0	39	0.769	youtube	0	https://www.youtube.com/watch?v=u50LKV6rbIk
1718	1v15f8w1	Alesso @ Mainstage, Tomorrowland Weekend 1, Belgium	8.557	27200	33	1.0	35	0.429	youtube	0	https://www.youtube.com/watch?v=Ys0bwmXceZA
1719	6tjk6u9	Hardwell & FTampa - Hardwell On Air 253	8.557	8700	14	1.0	17	0.765	youtube	0	https://www.youtube.com/watch?v=qLKGcB4uE-g
1720	1jklft4t	Louis The Child & Big Gigantic & SLANDER + More @ Holy Ship!, United States	8.556	12600	8	0.944	99	0.545	soundcloud	0	https://w.soundcloud.com/player/?url=https://api.soundcloud.com/tracks/308261445&show_artwork=true&color=%23ff5500&hide_related=true&show_comments=false&show_user=true&show_reposts=false&show_teaser=false&visual=true
1721	cbw9j61	Tiësto & Deniz Koyu @ Club Life 592 (Tomorrowland, Belgium)	8.556	9300	11	1.0	63	0.524	soundcloud	0	https://w.soundcloud.com/player/?url=https://api.soundcloud.com/tracks/477878742&show_artwork=true&color=%23ff5500&hide_related=true&show_comments=false&show_user=true&show_reposts=false&show_teaser=false&visual=true
1722	14kxvd89	Dimitri Vegas & Like Mike @ Mainstage, Tomorrowland Around The World	8.555	10900	13	1.0	36	0.722	youtube	0	https://www.youtube.com/watch?v=OkHgE_MSM1A
1723	26bp9jm1	Armin van Buuren @ Mainstage, Tomorrowland Weekend 2, Belgium	8.555	20500	38	1.0	38	0.474	youtube	0	https://www.youtube.com/watch?v=o8cZPumXJsk
1724	2kc54r1	Axwell @ My Life Every Day, Valley View Casino Center San Diego, United States	8.555	8000	10	1.0	38	0.816	youtube	0	https://www.youtube.com/watch?v=WzuGRp7_2gU
1725	55ksd6k	Alesso @ Cavo Paradiso Mykonos, Greece	8.555	4900	1	1.0	21	0.857	soundcloud	0	https://w.soundcloud.com/player/?url=https://api.soundcloud.com/tracks/108089707&show_artwork=true&color=%23ff5500&hide_related=true&show_comments=false&show_user=true&show_reposts=false&show_teaser=false&visual=true
1726	7ffdqd1	DJ Snake @ We Are NRG, Bill Graham Civic Auditorium San Francisco, United States	8.555	6200	4	1.0	69	0.957	youtube	0	https://www.youtube.com/watch?v=H93lGtMLrno
1727	umcbc2t	Axwell @ Mainstage, Ultra Music Festival Miami, United States	8.555	18900	44	0.926	60	0.55	youtube	0	https://www.youtube.com/watch?v=0Yb2dzzaovo
1728	2lzu0sh9	Hardwell - Hardwell On Air 280	8.553	15700	23	1.0	18	0.333	soundcloud	0	https://w.soundcloud.com/player/?url=https://api.soundcloud.com/tracks/278024501&show_artwork=true&color=%23ff5500&hide_related=true&show_comments=false&show_user=true&show_reposts=false&show_teaser=false&visual=true
1729	55uvhn9	R3hab & KSHMR - I Need R3hab 115	8.553	9200	5	1.0	15	0.6	soundcloud	0	https://w.soundcloud.com/player/?url=https://api.soundcloud.com/tracks/180522300&show_artwork=true&color=%23ff5500&hide_related=true&show_comments=false&show_user=true&show_reposts=false&show_teaser=false&visual=true
1730	dmlxkut	Kygo @ World Tour, Royal Arena Copenhagen, Denmark	8.553	143	1	0.976	48	0.396	youtube	1	https://www.youtube.com/watch?v=jbt8K3Z5dEA
1731	3cmbxg9	Alesso @ Roxy Orlando, United States	8.552	6200	0	1.0	50	0.88	soundcloud	0	https://w.soundcloud.com/player/?url=https://api.soundcloud.com/tracks/36558522&show_artwork=true&color=%23ff5500&hide_related=true&show_comments=false&show_user=true&show_reposts=false&show_teaser=false&visual=true
1732	61377c1	Alesso @ kineticFIELD, EDC Las Vegas, United States	8.552	11600	10	1.0	30	0.733	youtube	0	https://www.youtube.com/watch?v=ejl5bhaivOI
1733	29s3ukct	Tiësto & Illenium - Club Life 614	8.55	8300	6	1.0	101	0.604	soundcloud	0	https://w.soundcloud.com/player/?url=https://api.soundcloud.com/tracks/547830657&show_artwork=true&color=%23ff5500&hide_related=true&show_comments=false&show_user=true&show_reposts=false&show_teaser=false&visual=true
1734	6637hz9	Steve Angello & Sebjak - BBC Radio 1 Residency	8.55	13000	17	1.0	47	0.404	soundcloud	0	https://w.soundcloud.com/player/?url=https://api.soundcloud.com/tracks/146322527&show_artwork=true&color=%23ff5500&hide_related=true&show_comments=false&show_user=true&show_reposts=false&show_teaser=false&visual=true
1735	92gwjs1	DJ Snake - 1LIVE Rocker	8.55	2600	3	1.0	24	0.917	soundcloud	0	https://w.soundcloud.com/player/?url=https://api.soundcloud.com/tracks/132542209&show_artwork=true&color=%23ff5500&hide_related=true&show_comments=false&show_user=true&show_reposts=false&show_teaser=false&visual=true
1736	1202p8k	Alesso @ O2 Academy Glasgow, United Kingdom	8.549	9500	5	1.0	44	0.841	youtube	0	https://www.youtube.com/watch?v=BgKd6r2xuDU
1737	6r0b5b1	Alesso @ kineticFIELD, EDC Las Vegas, United States	8.549	12500	6	1.0	34	0.765	youtube	0	https://www.youtube.com/watch?v=7JmtkapnC-Q
1738	2cp65r8t	Oliver Heldens @ Chill Nation Stage, Room Service Festival	8.548	6900	20	1.0	21	0.524	soundcloud	0	https://w.soundcloud.com/player/?url=https://api.soundcloud.com/tracks/808536796&show_artwork=true&color=%23ff5500&hide_related=true&show_comments=false&show_user=true&show_reposts=false&show_teaser=false&visual=true
1739	qkmzx2k	David Guetta @ Mainstage, Tomorrowland Weekend 2, Belgium	8.546	25500	32	0.963	44	0.477	youtube	0	https://www.youtube.com/watch?v=rbMv6o1_3gA
1740	25ykwmfk	KSHMR - We Rave You 500K Fans Mix	8.545	3700	8	1.0	20	0.75	soundcloud	0	https://w.soundcloud.com/player/?url=https://api.soundcloud.com/tracks/276967738&show_artwork=true&color=%23ff5500&hide_related=true&show_comments=false&show_user=true&show_reposts=false&show_teaser=false&visual=true
1741	2n0mcmx9	ZHU & Tchami @ HARD Stage, HARD Summer Festival, United States	8.545	11700	8	1.0	22	0.5	soundcloud	0	https://w.soundcloud.com/player/?url=https://api.soundcloud.com/tracks/709901875&show_artwork=true&color=%23ff5500&hide_related=true&show_comments=false&show_user=true&show_reposts=false&show_teaser=false&visual=true
1742	2vqqd1lt	Disco Lines @ Soma Tent, Outside Lands San Francisco, United States	8.545	350	0	0.95	20	0.3	youtube	1	https://www.youtube.com/watch?v=4w0mZ3-81tk
1743	250dtrh1	Zedd @ Palco Trident Stage, Lollapalooza Brazil Sao Paulo	8.544	3700	2	0.947	38	0.921	soundcloud	0	https://w.soundcloud.com/player/?url=https://api.soundcloud.com/tracks/251744689&show_artwork=true&color=%23ff5500&hide_related=true&show_comments=false&show_user=true&show_reposts=false&show_teaser=false&visual=true
1744	85b05ck	Hardwell - Hardwell On Air 201	8.544	8100	8	1.0	19	0.579	soundcloud	0	https://w.soundcloud.com/player/?url=https://api.soundcloud.com/tracks/188476856&show_artwork=true&color=%23ff5500&hide_related=true&show_comments=false&show_user=true&show_reposts=false&show_teaser=false&visual=true
1745	2vfhyt3t	Mike Williams @ Mainstage, Ultra Music Festival Miami, Miami Music Week, United 	8.543	12100	19	0.976	53	0.679	youtube	0	https://www.youtube.com/watch?v=tYJhW7dvLuA
1746	7ktcqj1	Skrillex & Zedd - Mothership	8.543	7200	3	1.0	13	0.692	soundcloud	0	https://w.soundcloud.com/player/?url=https://api.soundcloud.com/tracks/30855715&show_artwork=true&color=%23ff5500&hide_related=true&show_comments=false&show_user=true&show_reposts=false&show_teaser=false&visual=true
1747	7usnfht	Avicii @ Le7els Tour, O2 Arena London, United Kingdom	8.543	6500	12	0.962	32	0.875	youtube	0	https://www.youtube.com/watch?v=-Es2V6aWURg
1748	w1utgyt	Hardwell - Hardwell On Air 299	8.543	13900	27	1.0	17	0.588	youtube	0	https://www.youtube.com/watch?v=ObwXTI8We1E
1749	z1bj6u1	Diplo @ X-Games Minneapolis, The Armory Minneapolis, United States	8.543	87	0	1.0	71	0.549	youtube	1	https://www.youtube.com/watch?v=xXrLvxvWP4o
1750	1vyp1m39	Tiësto @ kineticFIELD, EDC Las Vegas, United States	8.541	15800	25	0.981	58	0.586	youtube	0	https://www.youtube.com/watch?v=3eKZ_xSr80g
1751	3vwx4ck	Armin van Buuren - A State Of Trance 677	8.541	5200	5	1.0	31	0.968	youtube	0	https://www.youtube.com/watch?v=9yAZhhmH3T8
1752	1rz57gpt	Hardwell - Hardwell On Air 258	8.54	10100	14	1.0	19	0.474	soundcloud	0	https://w.soundcloud.com/player/?url=https://api.soundcloud.com/tracks/251499718&show_artwork=true&color=%23ff5500&hide_related=true&show_comments=false&show_user=true&show_reposts=false&show_teaser=false&visual=true
1753	8yxmtk9	Dimitri Vegas & Like Mike - TomorrowWorld Promo Mix	8.54	13100	6	1.0	16	0.75	youtube	0	https://www.youtube.com/watch?v=K81-AuYPxCQ
1754	ktgz65k	Hardwell @ Mainstage, BigCityBeats World Club Dome, Germany	8.54	10300	19	1.0	93	0.688	youtube	0	https://www.youtube.com/watch?v=9xSrnKGlBZ4
1755	2lzznjft	Dimitri Vegas & Like Mike @ Amsterdam Music Festival, Amsterdam Dance Event, Net	8.539	8900	5	1.0	20	0.85	youtube	0	https://www.youtube.com/watch?v=mm1clUnqbnc
1756	1szfvku1	David Guetta & Dimitri Vegas & Like Mike @ Two Is One, Amsterdam Music Festival,	8.538	18400	11	0.971	62	0.645	youtube	0	https://www.youtube.com/watch?v=u9mdwy65lcg
1757	186un03k	Hardwell @ ARC Stage, Creamfields, United Kingdom	8.537	16100	22	1.0	94	0.574	youtube	0	https://www.youtube.com/watch?v=cgLFbkwgi2w
1758	184sgkb9	Don Diablo - Hexagon Radio 073	8.536	4200	0	1.0	46	0.957	soundcloud	0	https://w.soundcloud.com/player/?url=https://api.soundcloud.com/tracks/270350625&show_artwork=true&color=%23ff5500&hide_related=true&show_comments=false&show_user=true&show_reposts=false&show_teaser=false&visual=true
1759	25gztqk	Calvin Harris @ kineticFIELD, EDC Las Vegas, United States	8.536	25200	8	1.0	38	0.579	youtube	0	https://www.youtube.com/watch?v=aazS1C88djc
1760	8qbsdf9	Avicii @ Sepang International Circuit Kuala Lumpur, Malaysia	8.536	7800	8	1.0	78	0.833	youtube	0	https://www.youtube.com/watch?v=UhkL9uXbUSg
1761	w32qh71	Tchami & Malaa @ cosmicMEADOW, EDC Las Vegas, United States	8.536	10100	5	1.0	28	0.821	youtube	0	https://www.youtube.com/watch?v=h5mzy1912k8
1762	lw3bvzt	Diplo @ Darkwoods Dream Festival, Mexico	8.535	62	0	1.0	34	0.618	youtube	1	https://www.youtube.com/watch?v=2Ptc6hJ24QM
1763	15n1s4t	Alesso @ Webster Hall New York City, United States	8.534	10900	10	0.973	51	0.765	youtube	0	https://www.youtube.com/watch?v=MOv1oLEIPJU
1764	5n0lvt	Skrillex & Zedd - Mothership 2	8.534	8600	4	1.0	24	0.625	soundcloud	0	https://w.soundcloud.com/player/?url=https://api.soundcloud.com/tracks/30855715&show_artwork=true&color=%23ff5500&hide_related=true&show_comments=false&show_user=true&show_reposts=false&show_teaser=false&visual=true
1765	1phhpwdt	Tiësto @ kineticFIELD, EDC Mexico	8.532	7100	19	0.981	58	0.534	soundcloud	0	https://w.soundcloud.com/player/?url=https://api.soundcloud.com/tracks/1456533694&show_artwork=true&color=%23ff5500&hide_related=true&show_comments=false&show_user=true&show_reposts=false&show_teaser=false&visual=true
1766	dc7whgk	Diplo - MMXX Album Continuous Mix	8.532	621	2	1.0	12	0.0	youtube	1	https://www.youtube.com/watch?v=XOwN_TDMR6A
1767	3v2nhz1	Avicii @ Berns Salonger Stockholm, Sweden	8.531	6500	3	1.0	24	0.958	youtube	0	https://www.youtube.com/watch?v=UgKq8O_R2vc
1768	tcvsbf9	Diplo & Rhye @ Corona Sabbath, United States	8.531	758	3	0.9	40	0.025	youtube	1	https://www.youtube.com/watch?v=daD46-lxOgI
1769	yz2zcnt	Dimitri Vegas & Like Mike @ DJ Mag Top 100 DJs Virtual Festival	8.531	6900	14	0.969	36	0.833	youtube	0	https://www.youtube.com/watch?v=iQ-y-dGEa-8
1770	y0v3vs9	Diplo & Rhye @ Corona Sabbath, United States	8.53	860	1	0.861	36	0.111	youtube	1	https://www.youtube.com/watch?v=zmzJKqrs5nk
1771	1utn33k	Calvin Harris @ Lollapalooza Brazil	8.528	7400	7	1.0	58	0.603	soundcloud	0	https://w.soundcloud.com/player/?url=https://api.soundcloud.com/tracks/207373650&show_artwork=true&color=%23ff5500&hide_related=true&show_comments=false&show_user=true&show_reposts=false&show_teaser=false&visual=true
1772	w220v89	Brooks - 1001Tracklists Exclusive Mix	8.528	6700	7	1.0	24	0.625	soundcloud	0	https://w.soundcloud.com/player/?url=https://api.soundcloud.com/tracks/318621021&show_artwork=true&color=%23ff5500&hide_related=true&show_comments=false&show_user=true&show_reposts=false&show_teaser=false&visual=true
1773	2bp8m3p9	Nicky Romero @ Mainstage, Ultra Music Festival Singapore	8.527	6800	12	1.0	58	0.569	soundcloud	0	https://w.soundcloud.com/player/?url=https://api.soundcloud.com/tracks/458877252&show_artwork=true&color=%23ff5500&hide_related=true&show_comments=false&show_user=true&show_reposts=false&show_teaser=false&visual=true
1774	91tlglk	Avicii @ Super Glow, DC Armory Washington DC, United States	8.526	6600	12	1.0	57	0.825	youtube	0	https://www.youtube.com/watch?v=QXremP35IRM
1775	51tnk8t	Bassjackers @ circuitGROUNDS, EDC New York, United States	8.524	8600	6	1.0	30	0.833	youtube	0	https://www.youtube.com/watch?v=Gn03XBON8Tg
1776	1dvkpcw1	Armin van Buuren @ A State Of Trance Festival 850, Netherlands, Arena Gliwice, P	8.523	9900	17	1.0	30	0.7	youtube	0	https://www.youtube.com/watch?v=wkPCvGLT4hg
1777	2tx7rmyt	Kygo @ World Tour, WiZink Center Madrid, Spain	8.523	138	1	0.977	49	0.388	youtube	1	https://www.youtube.com/watch?v=_KJiGszREhM
1778	97jxjpk	Steve Aoki @ Tomorrowland, Belgium	8.523	37400	19	1.0	20	0.4	youtube	0	https://www.youtube.com/watch?v=KCIc8hPyYDI
1779	19btr6pk	John Summit - Winter Minimix	8.522	234	1	1.0	10	0.0	soundcloud	1	https://w.soundcloud.com/player/?url=https://api.soundcloud.com/tracks/375760871&show_artwork=true&color=%23ff5500&hide_related=true&show_comments=false&show_user=true&show_reposts=false&show_teaser=false&visual=true
1780	1mltp1n9	Martin Garrix @ Mainstage, Tomorrowland Weekend 2, Belgium	8.522	20100	31	1.0	60	0.483	youtube	0	https://www.youtube.com/watch?v=GdMtN5Ifm-I
1781	23533m4k	Armin van Buuren @ Mainstage, Ultra Music Festival Europe, Croatia	8.522	8800	8	1.0	25	0.8	youtube	0	https://www.youtube.com/watch?v=7CZDOT8aW4Y
1782	2wx1q81	Nicky Romero @ Electric Zoo, United States	8.522	12900	11	1.0	35	0.686	youtube	0	https://www.youtube.com/watch?v=VV1JvrkZOUw
1783	zn581t	Oliver Heldens @ SLAM!FM Studio (ADE)	8.522	6300	5	1.0	12	0.917	youtube	0	https://www.youtube.com/watch?v=RW9crfuPu2k
1784	1fxnr251	Tiësto @ Back To The Business Tour, Rawhide Event Center, United States	8.521	4000	10	0.983	81	0.716	soundcloud	0	https://w.soundcloud.com/player/?url=https://api.soundcloud.com/tracks/1088432995&show_artwork=true&color=%23ff5500&hide_related=true&show_comments=false&show_user=true&show_reposts=false&show_teaser=false&visual=true
1785	2nyy81ct	Armin van Buuren @ Mainstage (Warm-Up Set), A State Of Trance Festival 950, Jaar	8.521	16900	20	1.0	19	0.316	soundcloud	0	https://w.soundcloud.com/player/?url=https://api.soundcloud.com/tracks/761289073&show_artwork=true&color=%23ff5500&hide_related=true&show_comments=false&show_user=true&show_reposts=false&show_teaser=false&visual=true
1786	j7nm1nk	DJ Fuel & John Summit - The Party Life Radio Show EP536	8.521	543	0	1.0	14	0.143	youtube	1	https://www.youtube.com/watch?v=5dUODWS4feo
1787	pjlssdt	Armin van Buuren @ 538 Koningsdag Breda, Chasseveld Breda, Netherlands	8.521	6500	6	1.0	28	0.643	soundcloud	0	https://w.soundcloud.com/player/?url=https://api.soundcloud.com/tracks/261782860&show_artwork=true&color=%23ff5500&hide_related=true&show_comments=false&show_user=true&show_reposts=false&show_teaser=false&visual=true
1788	7pv7zh9	Steve Angello & Third ≡ Party - BBC Radio 1 Residency	8.52	17100	28	1.0	36	0.278	soundcloud	0	https://w.soundcloud.com/player/?url=https://api.soundcloud.com/tracks/150941690&show_artwork=true&color=%23ff5500&hide_related=true&show_comments=false&show_user=true&show_reposts=false&show_teaser=false&visual=true
1789	2j758kmk	Hardwell & Suyano - Hardwell On Air 323	8.519	8200	20	1.0	18	0.722	youtube	0	https://www.youtube.com/watch?v=Xh51usDnh6Q
1790	7py44q9	DJ Snake @ Main Stage, Spring Awakening Music Festival, United States	8.519	8800	6	0.957	23	0.87	youtube	0	https://www.youtube.com/watch?v=B1FygNbMBgE
1791	1tdcpj1	Armin van Buuren @ A State Of Trance 600 The Expedition, Sepang International Ci	8.517	13900	12	1.0	41	0.659	youtube	0	https://www.youtube.com/watch?v=GONHegdeZRE
1792	7fxp2r1	The Chainsmokers @ Super You&Me Stage, Tomorrowland, Belgium	8.517	20200	10	0.981	57	0.614	youtube	0	https://www.youtube.com/watch?v=Gm_PThzzlQE
1793	98204vk	Hardwell @ Creamfields UK, United Kingdom	8.516	13300	8	1.0	82	0.707	youtube	0	https://www.youtube.com/watch?v=j21s59X1Eew
1794	2mytsfht	Madeon @ Maya Music Festival, Thailand	8.515	4500	2	1.0	53	0.811	soundcloud	0	https://w.soundcloud.com/player/?url=https://api.soundcloud.com/tracks/367539182&show_artwork=true&color=%23ff5500&hide_related=true&show_comments=false&show_user=true&show_reposts=false&show_teaser=false&visual=true
1795	5kru0b1	Hardwell @ I Am Hardwell World Tour, The Forum Inglewood, United States	8.514	6500	6	1.0	97	0.639	soundcloud	0	https://w.soundcloud.com/player/?url=https://api.soundcloud.com/tracks/203741186&show_artwork=true&color=%23ff5500&hide_related=true&show_comments=false&show_user=true&show_reposts=false&show_teaser=false&visual=true
1796	7n01w4t	Dimitri Vegas & Like Mike @ Mainstage, TomorrowWorld, United States	8.514	17100	8	1.0	23	0.652	youtube	0	https://www.youtube.com/watch?v=Va3M0TAmGgc
1797	15smydv9	Lost Frequencies @ Kygo's World Tour, Estadio GNP Seguros, Mexico	8.513	727	1	0.955	22	0.045	youtube	1	https://www.youtube.com/watch?v=VkS1vXRCRJA
1798	169uq0x1	The Chainsmokers @ Perry's Stage, Lollapalooza Brazil	8.512	13900	10	1.0	89	0.674	youtube	0	https://www.youtube.com/watch?v=rlOVaWphqFI
1799	1jkh52l1	Lucas & Steve - Skyline Sessions 001	8.512	2500	2	1.0	16	0.938	soundcloud	0	https://w.soundcloud.com/player/?url=https://api.soundcloud.com/tracks/302502893&show_artwork=true&color=%23ff5500&hide_related=true&show_comments=false&show_user=true&show_reposts=false&show_teaser=false&visual=true
1800	4jg0p71	Baauer & RL Grime @ Buku New Orleans, United States	8.512	10300	3	0.986	73	0.863	youtube	0	https://www.youtube.com/watch?v=NNV3QIbdXeI
1801	9h83gut	Steve Angello @ Mainstage, Tomorrowland Weekend 2, Belgium	8.512	15900	18	1.0	41	0.585	youtube	0	https://www.youtube.com/watch?v=L3ZNg6zDAAo
1802	1jllu389	Blasterjaxx @ UMF Radio Stage, Ultra Music Festival Miami, Miami Music Week, Uni	8.511	15900	40	0.886	41	0.366	soundcloud	0	https://w.soundcloud.com/player/?url=https://api.soundcloud.com/tracks/421844316&show_artwork=true&color=%23ff5500&hide_related=true&show_comments=false&show_user=true&show_reposts=false&show_teaser=false&visual=true
1803	22pv7h81	it's murph @ Sunday MainStage, XS Nightclub Las Vegas, United States	8.511	620	3	0.75	48	0.208	youtube	1	https://www.youtube.com/watch?v=-pV9n5XojU8
1804	2uj1ql0t	Afrojack @ Mainstage, Tomorrowland Weekend 2, Belgium	8.511	26100	12	0.929	100	0.59	youtube	0	https://www.youtube.com/watch?v=PR6DEZXgf-o
1805	1nupd4k	Tiësto @ Club Life, LIV, Miami Music Week, United States	8.509	6400	19	1.0	95	0.526	soundcloud	0	https://w.soundcloud.com/player/?url=https://api.soundcloud.com/tracks/199339813&show_artwork=true&color=%23ff5500&hide_related=true&show_comments=false&show_user=true&show_reposts=false&show_teaser=false&visual=true
1806	28q0071	Martin Garrix - The Martin Garrix Show 007	8.509	12000	7	1.0	23	0.739	youtube	0	https://www.youtube.com/watch?v=tFtL1rbcKUA
1807	2utn92kk	AFROJACK @ Mainstage, Ultra Music Festival Miami, United States	8.509	21600	26	0.909	121	0.57	youtube	0	https://www.youtube.com/watch?v=5E-xBzy9cmg
1808	32scxpt	Axwell @ Sensation Czech Republic Sensation Innerspace, O2 Arena Prague, Czech R	8.509	7900	15	1.0	53	0.755	youtube	0	https://www.youtube.com/watch?v=cOWaW5t_nF8
1809	1jljk3b9	Tiësto @ kineticFIELD, EDC Mexico	8.508	7900	18	1.0	68	0.735	youtube	0	https://www.youtube.com/watch?v=Mzso5A_yu6g
1810	2l36v4uk	Armin van Buuren - A State Of Trance Year Mix 2017	8.508	4100	7	1.0	107	0.972	youtube	0	https://www.youtube.com/watch?v=lE_9u7sTiyw
1811	m6rdd1	Avicii - UMF Radio 116	8.508	5100	5	1.0	17	0.706	soundcloud	0	https://w.soundcloud.com/player/?url=https://api.soundcloud.com/tracks/12854103&show_artwork=true&color=%23ff5500&hide_related=true&show_comments=false&show_user=true&show_reposts=false&show_teaser=false&visual=true
1812	rdzy5uk	Vini Vici @ ASOT Stage, Ultra Music Festival Miami, Miami Music Week, United Sta	8.508	17600	13	1.0	29	0.345	soundcloud	0	https://w.soundcloud.com/player/?url=https://api.soundcloud.com/tracks/315444120&show_artwork=true&color=%23ff5500&hide_related=true&show_comments=false&show_user=true&show_reposts=false&show_teaser=false&visual=true
1813	1t5679tt	Dimitri Vegas & Like Mike - Tomorrowland Friendship Mix	8.507	1300	16	1.0	27	0.889	soundcloud	0	https://w.soundcloud.com/player/?url=https://api.soundcloud.com/tracks/1266263419&show_artwork=true&color=%23ff5500&hide_related=true&show_comments=false&show_user=true&show_reposts=false&show_teaser=false&visual=true
1814	20d3mgf9	Hardwell - Hardwell On Air 298	8.507	13700	30	1.0	16	0.562	youtube	0	https://www.youtube.com/watch?v=3QybAML9ohU
1815	2vst27k1	Kygo @ World Tour, MVM Dome Budapest, Hungary	8.505	108	2	0.977	49	0.388	youtube	1	https://www.youtube.com/watch?v=tog9QFpMunk
1816	zsj0hj1	Hardwell @ The Flying Dutch, Strijp-S Eindhoven, Netherlands	8.505	11400	17	1.0	50	0.66	youtube	0	https://www.youtube.com/watch?v=tFTYHRIvipY
1817	15u0y81k	Chris Lake @ Korea Blockchain Week Afterparty, Sevit Island Seoul, South Korea	8.504	1100	1	0.784	41	0.122	youtube	1	https://www.youtube.com/watch?v=f-iu1oQ19Os
1818	21ckvujt	Nicky Romero @ Main Stage, Ultra Music Festival Japan	8.504	15400	17	1.0	74	0.595	youtube	0	https://www.youtube.com/watch?v=OZCOngR0pGk
1819	jvss7qt	deadmau5 @ Mainstage, Ultra Europe, Croatia	8.503	8500	13	1.0	20	0.5	soundcloud	0	https://w.soundcloud.com/player/?url=https://api.soundcloud.com/tracks/274214191&show_artwork=true&color=%23ff5500&hide_related=true&show_comments=false&show_user=true&show_reposts=false&show_teaser=false&visual=true
1820	1n8ngxqt	Vicetone - End Of The Year Mix	8.502	57700	40	1.0	23	0.217	youtube	0	https://www.youtube.com/watch?v=7JqUfZ1LwI8
1821	5dglfhk	Armin van Buuren @ Ultra Music Festival Japan	8.502	15000	12	0.964	50	0.42	soundcloud	0	https://w.soundcloud.com/player/?url=https://api.soundcloud.com/tracks/224628941&show_artwork=true&color=%23ff5500&hide_related=true&show_comments=false&show_user=true&show_reposts=false&show_teaser=false&visual=true
1822	7dr768t	Tiësto - Radio 1's Essential Mix	8.502	39100	49	1.0	25	0.28	youtube	0	https://www.youtube.com/watch?v=vu2W2-hjcRs
1823	g2b229	Swedish House Mafia @ Ultra Music Festival Miami, Miami Winter Music Conference,	8.502	26100	9	1.0	35	0.543	youtube	0	https://www.youtube.com/watch?v=Ql2m4Djcdww
1824	14hg06n9	Timmy Trumpet @ Mainstage, Electric Love Festival, Austria	8.501	13400	5	0.986	86	0.756	youtube	0	https://www.youtube.com/watch?v=CbSF8sKgfOE
1825	2r1c2ll1	Disco Lines - Good Good Radio 003	8.501	408	0	0.833	18	0.111	soundcloud	1	https://w.soundcloud.com/player/?url=https://api.soundcloud.com/tracks/1615653693&show_artwork=true&color=%23ff5500&hide_related=true&show_comments=false&show_user=true&show_reposts=false&show_teaser=false&visual=true
1826	2bmjpsw1	DJ Snake @ Mainstage, ElectroBeach Festival France	8.5	6200	6	0.983	66	0.909	youtube	0	https://www.youtube.com/watch?v=kCg3bFfRcSk
1827	2urbhu1	Chris Lake - BBC Radio 1 Essential Mix	8.5	1000	0	1.0	22	0.0	youtube	1	https://www.youtube.com/watch?v=ByXnkjJYwgc
1828	2zxlyq9	Avicii - Radio City Music Hall New York, United States	8.498	7300	9	0.97	46	0.848	youtube	0	https://www.youtube.com/watch?v=ldhmrTkff68
1829	651f47k	Porter Robinson & Zedd @ Beatport Live (ustream.tv)	8.498	8200	4	0.982	63	0.635	soundcloud	0	https://w.soundcloud.com/player/?url=https://api.soundcloud.com/tracks/21708248&show_artwork=true&color=%23ff5500&hide_related=true&show_comments=false&show_user=true&show_reposts=false&show_teaser=false&visual=true
1830	1dwphpjk	Martin Garrix @ circuitGROUNDS, EDC Las Vegas, United States	8.497	14300	14	1.0	75	0.627	youtube	0	https://www.youtube.com/watch?v=VhIVSyuvGNk
1831	8c5khc9	Deadmau5 @ Meowingtons Hax 2k11 Tour, Rogers Center Toronto, Canada	8.496	3100	4	1.0	29	0.828	soundcloud	0	https://w.soundcloud.com/player/?url=https://api.soundcloud.com/tracks/56526804&show_artwork=true&color=%23ff5500&hide_related=true&show_comments=false&show_user=true&show_reposts=false&show_teaser=false&visual=true
1832	13jr9kp9	Bassjackers @ Mainstage, Tomorrowland Weekend 2, Belgium	8.495	14800	9	0.967	46	0.696	youtube	0	https://www.youtube.com/watch?v=6Hjm-dNZm00
1833	3sxtrq1	R3hab - I Need R3hab 100	8.495	6300	3	1.0	19	0.947	youtube	0	https://www.youtube.com/watch?v=obMB_WC7zwI
1834	260kggft	Illenium @ Mainstage, Electric Zoo, United States	8.494	7100	0	0.968	41	0.854	soundcloud	0	https://w.soundcloud.com/player/?url=https://api.soundcloud.com/tracks/497693349&show_artwork=true&color=%23ff5500&hide_related=true&show_comments=false&show_user=true&show_reposts=false&show_teaser=false&visual=true
1835	2uw6pujt	John Summit & Sean Maynard - Friday Dance Party 162	8.494	343	1	0.871	31	0.032	soundcloud	1	https://w.soundcloud.com/player/?url=https://api.soundcloud.com/tracks/2110663905&show_artwork=true&color=%23ff5500&hide_related=true&show_comments=false&show_user=true&show_reposts=false&show_teaser=false&visual=true
1836	86xubw9	Avicii @ NYE, XS Nightclub Las Vegas, United States	8.494	7400	9	1.0	32	0.812	youtube	0	https://www.youtube.com/watch?v=bF3JF1Hb5xI
1837	6vkuxx9	Milk N Cookies & Two Friends - 2F Friendly Sessions Ep. 02	8.493	229	0	1.0	19	0.316	youtube	1	https://www.youtube.com/watch?v=Z_fCjQlC-kc
1838	4gsvhr1	Tiesto & Oliver Heldens - Beats 1 Radio	8.492	5100	10	1.0	19	0.632	soundcloud	0	https://w.soundcloud.com/player/?url=https://api.soundcloud.com/tracks/232427068&show_artwork=true&color=%23ff5500&hide_related=true&show_comments=false&show_user=true&show_reposts=false&show_teaser=false&visual=true
1839	gfv4mt	Armin van Buuren @ A State Of Trance Festival 500, Brabanthallen Den Bosch, Neth	8.492	13500	8	1.0	26	0.692	youtube	0	https://www.youtube.com/watch?v=l7te6Tgsr9c
1840	yvrn5vt	DJ Snake @ Hard Stage, HARD Summer Festival, United States	8.492	9200	2	1.0	76	0.895	youtube	0	https://www.youtube.com/watch?v=ym5mxd91Jo8
1841	12xn40v1	John Summit @ Space Yacht Digital Transmission, United States	8.491	309	0	1.0	16	0.25	youtube	1	https://www.youtube.com/watch?v=i5r5AeLaUjw
1842	14vjyqvt	John Summit & Subtronics @ Stacks, Lightning In A Bottle Festival, United States	8.491	985	1	0.731	26	0.192	youtube	1	https://www.youtube.com/watch?v=yP4WrREEhKg
1843	d6rrk69	Armin van Buuren @ Main Stage, Balaton Sound Festival, Hungary	8.491	4400	7	1.0	53	0.698	soundcloud	0	https://w.soundcloud.com/player/?url=https://api.soundcloud.com/tracks/272947485&show_artwork=true&color=%23ff5500&hide_related=true&show_comments=false&show_user=true&show_reposts=false&show_teaser=false&visual=true
1844	1bu8gdk	Armin van Buuren @ W&W & Friends, Beat Club Amsterdam, Amsterdam Dance Event, Ne	8.49	5200	5	1.0	13	0.692	soundcloud	0	https://w.soundcloud.com/player/?url=https://api.soundcloud.com/tracks/115644724&show_artwork=true&color=%23ff5500&hide_related=true&show_comments=false&show_user=true&show_reposts=false&show_teaser=false&visual=true
1845	1ldh2rvt	Alesso @ Andes Arena, Santiago Chile, Chile	8.49	6500	7	1.0	51	0.863	youtube	0	https://www.youtube.com/watch?v=sXbBy7hiHD8
1846	vhr6lyt	Alesso @ Mainstage, Tomorrowland Weekend 1, Belgium	8.49	24600	35	1.0	39	0.41	youtube	0	https://www.youtube.com/watch?v=7ZCNipI13PA
1847	12pqt1zt	Diplo @ Corona Sabbath	8.489	1300	2	0.727	11	0.091	youtube	1	https://www.youtube.com/watch?v=q_Ug0FIpFIQ
1848	2k8m3j59	Ben Böhmer @ Hot Air Balloon over Cappadocia, Turkey (Cercle)	8.488	23500	45	1.0	14	0.143	soundcloud	0	https://w.soundcloud.com/player/?url=https://api.soundcloud.com/tracks/896923192&show_artwork=true&color=%23ff5500&hide_related=true&show_comments=false&show_user=true&show_reposts=false&show_teaser=false&visual=true
1849	1phw66y9	Mau P @ stereoBLOOM, EDC Las Vegas, United States	8.487	8200	18	1.0	15	0.467	soundcloud	0	https://w.soundcloud.com/player/?url=https://api.soundcloud.com/tracks/1524610999&show_artwork=true&color=%23ff5500&hide_related=true&show_comments=false&show_user=true&show_reposts=false&show_teaser=false&visual=true
1850	63yp0c1	Hardwell @ 538 Koningsdag, Chasseveld Breda, Netherlands	8.486	12400	13	1.0	47	0.66	youtube	0	https://www.youtube.com/watch?v=Dm99uirMvtc
1851	1jjz7qs9	Zedd @ cosmicMEADOW, EDC Las Vegas, United States	8.485	10300	6	0.975	40	0.8	youtube	0	https://www.youtube.com/watch?v=pvgMAK0UYcM
1852	27u7t109	The Chainsmokers @ Mainstage, Electric Zoo, United States	8.483	12300	2	0.986	88	0.841	youtube	0	https://www.youtube.com/watch?v=MEdNLadhtG8
1853	2w9rmtv1	Hardwell - Hardwell On Air 275	8.483	19000	38	1.0	22	0.455	youtube	0	https://www.youtube.com/watch?v=U2byk89lAbE
1854	6nl41xt	Avicii @ kineticFIELD, EDC UK, United Kingdom	8.483	6400	6	1.0	65	0.877	youtube	0	https://www.youtube.com/watch?v=dSKiE8zuzUA
1855	2sxr8bb9	Oliver Heldens @ Heldeep Radio 500 (Part 2) (Zamna Tulum, Mexico 2024-01-27)	8.481	10000	31	0.974	64	0.391	soundcloud	0	https://w.soundcloud.com/player/?url=https://api.soundcloud.com/tracks/1736702148&show_artwork=true&color=%23ff5500&hide_related=true&show_comments=false&show_user=true&show_reposts=false&show_teaser=false&visual=true
1856	29s3n869	Madeon @ Brownies & Lemonade, United States	8.48	9600	4	0.989	94	0.585	soundcloud	0	https://w.soundcloud.com/player/?url=https://api.soundcloud.com/tracks/553816272&show_artwork=true&color=%23ff5500&hide_related=true&show_comments=false&show_user=true&show_reposts=false&show_teaser=false&visual=true
1857	2nvrkfht	Baggi (Baggi Begovic) & Loud Luxury & MOGUAI - 1001Tracklists Exclusive Mix	8.48	13800	7	1.0	18	0.444	soundcloud	0	https://w.soundcloud.com/player/?url=https://api.soundcloud.com/tracks/299465112%3Fsecret_token%3Ds-etz2O&show_artwork=true&color=%23ff5500&hide_related=true&show_comments=false&show_user=true&show_reposts=false&show_teaser=false&visual=true
1858	60hxvhk	Blasterjaxx - Maxximize On Air 015 (Classics Edition)	8.48	3400	3	1.0	17	0.824	soundcloud	0	https://w.soundcloud.com/player/?url=https://api.soundcloud.com/tracks/167436409&show_artwork=true&color=%23ff5500&hide_related=true&show_comments=false&show_user=true&show_reposts=false&show_teaser=false&visual=true
1859	1g3y4vt1	Tiësto - Club Life 908	8.479	3000	15	1.0	20	0.7	soundcloud	0	https://w.soundcloud.com/player/?url=https://api.soundcloud.com/tracks/1902685414&show_artwork=true&color=%23ff5500&hide_related=true&show_comments=false&show_user=true&show_reposts=false&show_teaser=false&visual=true
1860	7hnk611	Afrojack @ Sunburn Festival Goa, India	8.479	13200	8	1.0	42	0.69	youtube	0	https://www.youtube.com/watch?v=HxtatXb-bLg
1861	16j3552t	Tiësto @ kineticFIELD, EDC Orlando, United States	8.478	5900	12	0.966	64	0.859	youtube	0	https://www.youtube.com/watch?v=jr1W5a59cFc
1862	1tv1s391	Hardwell @ RFM Somnii, Portugal	8.478	5100	14	1.0	44	0.841	youtube	0	https://www.youtube.com/watch?v=m1ssAFzaCsU
1863	1vxw17st	Tiësto - Club Life 771 (Most Supported Tracks Of 2021)	8.478	4900	14	1.0	20	0.6	soundcloud	0	https://w.soundcloud.com/player/?url=https://api.soundcloud.com/tracks/1193632822&show_artwork=true&color=%23ff5500&hide_related=true&show_comments=false&show_user=true&show_reposts=false&show_teaser=false&visual=true
1864	1rz9ddlt	The Chainsmokers - Nice Hair 022	8.477	16500	11	1.0	25	0.36	soundcloud	0	https://w.soundcloud.com/player/?url=https://api.soundcloud.com/tracks/262811672&show_artwork=true&color=%23ff5500&hide_related=true&show_comments=false&show_user=true&show_reposts=false&show_teaser=false&visual=true
1865	1v5gmp21	Axwell @ Mainstage, Tomorrowland Brasil	8.477	11100	23	1.0	58	0.621	youtube	0	https://www.youtube.com/watch?v=IeMP-v11pws
1866	2gldnwzk	Hardwell @ Mainstage, Ultra Music Festival Miami, United States	8.477	45500	180	1.0	21	0.095	youtube	0	https://www.youtube.com/watch?v=L2qDaJcSH_o
1867	7q6njjk	Don Diablo @ Protocol Recordings Reboot, Melkweg Amsterdam, Netherlands (ADE)	8.476	12400	11	0.976	46	0.696	youtube	0	https://www.youtube.com/watch?v=BeuNAln1DdM
1868	zu68s1k	Laidback Luke & Chuckie & Sunnery James & Ryan Marciano + More @ Mixmash Pool Pa	8.474	25700	15	1.0	52	0.481	youtube	0	https://www.youtube.com/watch?v=pHVWt9xbffs
1869	10q8l2n9	Hardwell - Hardwell On Air 268	8.473	22100	22	1.0	19	0.474	youtube	0	https://www.youtube.com/watch?v=gwGQvRtR0SQ
1870	2djw10kt	AFROJACK @ Mainstage, Ultra Music Festival Singapore	8.473	6900	4	1.0	123	0.642	soundcloud	0	https://w.soundcloud.com/player/?url=https://api.soundcloud.com/tracks/461312364&show_artwork=true&color=%23ff5500&hide_related=true&show_comments=false&show_user=true&show_reposts=false&show_teaser=false&visual=true
1871	2vu85g1	Martin Garrix @ Mainstage, Ultra Europe, Croatia	8.473	14900	8	1.0	65	0.662	youtube	0	https://www.youtube.com/watch?v=-NaAp7FS3Hs
1872	5cxhu8t	Armin van Buuren - DI Journeys 001	8.473	2100	1	1.0	18	1.0	soundcloud	0	https://w.soundcloud.com/player/?url=https://api.soundcloud.com/tracks/183531763&show_artwork=true&color=%23ff5500&hide_related=true&show_comments=false&show_user=true&show_reposts=false&show_teaser=false&visual=true
1873	ls9337k	Nicky Romero @ Mainstage, Tomorrowland Weekend 2, Belgium	8.473	20300	26	1.0	40	0.475	youtube	0	https://www.youtube.com/watch?v=klbfiqkdAqw
1874	1jfv2z1	Swedish House Mafia - Barclays Center New York, United States	8.472	9100	11	1.0	57	0.737	youtube	0	https://www.youtube.com/watch?v=_3K-oGI6Gtk
1875	1xyflxt	Tiësto @ Mainstage, Spring Awakening Music Festival, United States	8.472	7700	17	1.0	59	0.729	youtube	0	https://www.youtube.com/watch?v=khUQGqXZeiw
1876	28jnsr9	Hardwell - Hardwell On Air 128	8.472	10100	10	1.0	19	0.474	soundcloud	0	https://w.soundcloud.com/player/?url=https://api.soundcloud.com/tracks/104790629&show_artwork=true&color=%23ff5500&hide_related=true&show_comments=false&show_user=true&show_reposts=false&show_teaser=false&visual=true
1877	2r1zfwck	Tiësto - Club Life 875 (Most Supported Tracks Of 2023)	8.472	3600	16	1.0	20	0.65	soundcloud	0	https://w.soundcloud.com/player/?url=https://api.soundcloud.com/tracks/1709446809&show_artwork=true&color=%23ff5500&hide_related=true&show_comments=false&show_user=true&show_reposts=false&show_teaser=false&visual=true
1878	dgj1gr9	Armin van Buuren @ A State Of Trance Festival 1000, Banc of California Stadium L	8.471	8400	15	1.0	36	0.722	youtube	0	https://www.youtube.com/watch?v=qny4RnpMaMw
1879	kucuzq9	JAUZ @ cosmicMEADOW, EDC Las Vegas, United States	8.471	9400	6	0.952	79	0.835	youtube	0	https://www.youtube.com/watch?v=iY-L-k1filw
1880	2stqq51	Hardwell - Hardwell On Air 223	8.47	8500	14	1.0	21	0.476	soundcloud	0	https://w.soundcloud.com/player/?url=https://api.soundcloud.com/tracks/212195835&show_artwork=true&color=%23ff5500&hide_related=true&show_comments=false&show_user=true&show_reposts=false&show_teaser=false&visual=true
1881	1wrhzxh1	JAUZ @ Netsky & Friends Stage, Tomorrowland Weekend 1, Belgium	8.468	17200	11	0.983	75	0.613	youtube	0	https://www.youtube.com/watch?v=LYbu-9fN5Zg
1882	8khqqz9	Oliver Heldens - Spring Awakening Music Festival Exclusive Mix #5	8.468	3800	4	1.0	13	0.769	soundcloud	0	https://w.soundcloud.com/player/?url=https://api.soundcloud.com/tracks/206271504&show_artwork=true&color=%23ff5500&hide_related=true&show_comments=false&show_user=true&show_reposts=false&show_teaser=false&visual=true
1883	1gqfrrvt	Hardwell - 1001Tracklists Exclusive Mix	8.467	7100	16	1.0	10	0.5	soundcloud	0	https://w.soundcloud.com/player/?url=https://api.soundcloud.com/tracks/339846207&show_artwork=true&color=%23ff5500&hide_related=true&show_comments=false&show_user=true&show_reposts=false&show_teaser=false&visual=true
1884	1jlmb7vk	Tiësto & Deorro - Club Life 574	8.467	6100	9	1.0	44	0.591	soundcloud	0	https://w.soundcloud.com/player/?url=https://api.soundcloud.com/tracks/419269464&show_artwork=true&color=%23ff5500&hide_related=true&show_comments=false&show_user=true&show_reposts=false&show_teaser=false&visual=true
1885	27twvmct	AFROJACK @ Mainstage, Tomorrowland Brasil	8.467	21600	13	0.951	76	0.579	youtube	0	https://www.youtube.com/watch?v=QMT3VnPh6eQ
1886	5dh506t	Avicii - Stories Album Preview Mix	8.467	3500	6	1.0	14	1.0	youtube	0	https://www.youtube.com/watch?v=_MLFJb0lkzI
1887	14l2hfl1	Tiësto - Club Life 700	8.466	6300	14	1.0	19	0.789	youtube	0	https://www.youtube.com/watch?v=YVs1boTKZTU
1888	4zhsqq9	Tiesto @ BigCityBeats World Club Dome, Commerzbank Arena Frankfurt, Germany	8.466	7700	20	1.0	55	0.709	youtube	0	https://www.youtube.com/watch?v=ae4bJtSMM5Q
1889	1gt35r5k	Tiësto @ kineticFIELD, EDC Mexico	8.465	10700	14	0.985	103	0.689	youtube	0	https://www.youtube.com/watch?v=qi61nTXjpjE
1890	u7jvr1k	Tchami - Confessions #7	8.464	9200	5	1.0	18	0.556	soundcloud	0	https://w.soundcloud.com/player/?url=https://api.soundcloud.com/tracks/455134467&show_artwork=true&color=%23ff5500&hide_related=true&show_comments=false&show_user=true&show_reposts=false&show_teaser=false&visual=true
1891	jzn6gy1	Laidback Luke & Nicky Romero - Tomorrowland One World Radio Celebrate Avicii	8.463	2600	6	1.0	16	0.812	soundcloud	0	https://w.soundcloud.com/player/?url=https://api.soundcloud.com/tracks/804420709&show_artwork=true&color=%23ff5500&hide_related=true&show_comments=false&show_user=true&show_reposts=false&show_teaser=false&visual=true
1892	755xu99	RL Grime - Halloween IV	8.461	36200	28	0.971	35	0.114	soundcloud	0	https://w.soundcloud.com/player/?url=https://api.soundcloud.com/tracks/230795304&show_artwork=true&color=%23ff5500&hide_related=true&show_comments=false&show_user=true&show_reposts=false&show_teaser=false&visual=true
1893	20swqhk	Tiesto & Dzeko & Torres - Club Life 418	8.459	6000	6	1.0	116	0.879	youtube	0	https://www.youtube.com/watch?v=Nyv1YZAF0Xs
1894	2710ss1t	Martin Garrix @ MDLBEAST SOUNDSTORM Freqways, A'DAM Tower Amsterdam, Netherlands	8.459	9600	26	1.0	46	0.63	youtube	0	https://www.youtube.com/watch?v=ju2VZQ0r43Q
1895	rkqm3ck	FISHER @ Desert Club, Israel	8.459	243	0	1.0	21	0.286	youtube	1	https://www.youtube.com/watch?v=qqJcY9cgSPk
1896	1yyp04rt	Two Friends @ Big Bootie Land, Big Bootie Mix 26 Premiere, WaMu Theater Seattle	8.458	125	0	0.982	219	0.447	youtube	1	https://www.youtube.com/watch?v=tI9uafLWJDg
1897	2grkn8g1	Kygo @ World Tour, Lanxess Arena Cologne, Germany	8.457	126	1	0.976	48	0.375	youtube	1	https://www.youtube.com/watch?v=Nw7L1k39oHw
1898	3y5zndk	Madeon @ Creamfields, United Kingdom	8.457	9000	1	1.0	27	0.926	youtube	0	https://www.youtube.com/watch?v=DlQOPJ00n_E
1899	qwuf9lt	Hardwell @ Mainstage, Tomorrowland Weekend 2, Belgium	8.457	27300	55	0.931	51	0.392	youtube	0	https://www.youtube.com/watch?v=b3esC6cJ7RQ
1900	58why1t	Borgore & Jauz & Ookay & Dotcom @ Mixmag DJ Lab	8.456	33400	14	0.989	90	0.433	youtube	0	https://www.youtube.com/watch?v=Hw4bEK_VkLs
1901	1pdjnsz1	Armin van Buuren @ Horizon Stage, Creamfields UK, United Kingdom	8.455	5600	14	1.0	21	0.81	youtube	0	https://www.youtube.com/watch?v=MFp4OxeRMRY
1902	cp189x1	Hardwell @ Mainstage, Ultra Europe, Croatia	8.455	28200	35	0.977	101	0.386	youtube	0	https://www.youtube.com/watch?v=jIwjOqB_Qks
1903	176j2c9	Avicii @ Bill Graham Civic Auditorium San Francisco, United States	8.454	4500	3	1.0	18	1.0	youtube	0	https://www.youtube.com/watch?v=XJ2Y0QE6UW4
1904	z0km31	Dada Life - Podcast Best Of 2013 Mix	8.454	4500	3	1.0	16	0.75	soundcloud	0	https://w.soundcloud.com/player/?url=https://api.soundcloud.com/tracks/125614635&show_artwork=true&color=%23ff5500&hide_related=true&show_comments=false&show_user=true&show_reposts=false&show_teaser=false&visual=true
1905	154xlzk	Blasterjaxx @ Mixmash Pool Party, National Hotel Miami, Miami Music Week, United	8.453	5500	5	1.0	71	0.662	soundcloud	0	https://w.soundcloud.com/player/?url=https://api.soundcloud.com/tracks/142890288&show_artwork=true&color=%23ff5500&hide_related=true&show_comments=false&show_user=true&show_reposts=false&show_teaser=false&visual=true
1906	1mdh5659	Armin van Buuren - BBC Radio 1 Residency	8.453	4100	10	1.0	47	0.66	soundcloud	0	https://w.soundcloud.com/player/?url=https://api.soundcloud.com/tracks/493256799&show_artwork=true&color=%23ff5500&hide_related=true&show_comments=false&show_user=true&show_reposts=false&show_teaser=false&visual=true
1907	2m2rlu1k	AFROJACK @ Mainstage, Ultra Europe, Croatia	8.453	20200	8	1.0	135	0.585	youtube	0	https://www.youtube.com/watch?v=wuo8yWL_cAQ
1908	55cd701	Hardwell - Hardwell On Air 163	8.453	10900	16	1.0	15	0.4	soundcloud	0	https://w.soundcloud.com/player/?url=https://api.soundcloud.com/tracks/145442088&show_artwork=true&color=%23ff5500&hide_related=true&show_comments=false&show_user=true&show_reposts=false&show_teaser=false&visual=true
1909	vhcz22k	Armin van Buuren @ kineticFIELD, EDC Las Vegas, United States	8.453	18200	35	1.0	35	0.457	youtube	0	https://www.youtube.com/watch?v=fnK2CSAGRBQ
1910	2r0dy0c9	Armin van Buuren @ Reflexion Stage, A State Of Trance Festival 1000, Jaarbeurs U	8.452	10200	20	1.0	39	0.641	youtube	0	https://www.youtube.com/watch?v=ceU0IFbJVYQ
1911	2wx0g6t	Avicii @ Mysteryland, Netherlands	8.452	7200	10	0.958	35	0.829	youtube	0	https://www.youtube.com/watch?v=cAOS8gT23Qk
1912	52j2dyk	Tiësto @ A Town Called Paradise Special, SiriusXM Electric Aquarium New York, Ga	8.452	3400	10	1.0	20	0.7	soundcloud	0	https://w.soundcloud.com/player/?url=https://api.soundcloud.com/tracks/159181275&show_artwork=true&color=%23ff5500&hide_related=true&show_comments=false&show_user=true&show_reposts=false&show_teaser=false&visual=true
1913	ud94yf1	Tiësto @ Mainstage, Electric Zoo Supernaturals, United States	8.451	8900	17	0.982	61	0.705	youtube	0	https://www.youtube.com/watch?v=eWbT-UsQNVs
1914	52hzn2t	Dillon Francis @ Equinox Stage, Spring Awakening Music Festival, United States	8.45	4900	3	1.0	49	0.98	youtube	0	https://www.youtube.com/watch?v=0ZtOijw3lQQ
1915	1vttq461	RetroVision - 1001Tracklists Exclusive Mix	8.449	5700	11	1.0	26	0.577	soundcloud	0	https://w.soundcloud.com/player/?url=https://api.soundcloud.com/tracks/671103638&show_artwork=true&color=%23ff5500&hide_related=true&show_comments=false&show_user=true&show_reposts=false&show_teaser=false&visual=true
1916	2csh12ct	John Summit - Sunshine Live Mix Mission	8.449	151	0	0.933	15	0.2	soundcloud	1	https://w.soundcloud.com/player/?url=https://api.soundcloud.com/tracks/1280596084&show_artwork=true&color=%23ff5500&hide_related=true&show_comments=false&show_user=true&show_reposts=false&show_teaser=false&visual=true
1917	24x3r21	Armin van Buuren @ 550 Invasion Tour, A State Of Trance Festival, Blue Stage, Br	8.448	13400	10	1.0	20	0.65	youtube	0	https://www.youtube.com/watch?v=U1aQ9Ptz4MQ
1918	4847f9	Armin van Buuren @ Electric Zoo Festival, United States	8.448	6200	2	1.0	24	0.708	soundcloud	0	https://w.soundcloud.com/player/?url=https://api.soundcloud.com/tracks/225549868&show_artwork=true&color=%23ff5500&hide_related=true&show_comments=false&show_user=true&show_reposts=false&show_teaser=false&visual=true
1919	4f43l1k	Tiësto - Club Life 338 (90's Special)	8.448	7500	13	1.0	26	0.5	soundcloud	0	https://w.soundcloud.com/player/?url=https://api.soundcloud.com/tracks/112541392&show_artwork=true&color=%23ff5500&hide_related=true&show_comments=false&show_user=true&show_reposts=false&show_teaser=false&visual=true
1920	15snsksk	Dom Dolla & Solomun @ The Wool Store Melbourne, Australia	8.447	17800	37	0.976	44	0.227	soundcloud	0	https://w.soundcloud.com/player/?url=https://api.soundcloud.com/tracks/2031183592&show_artwork=true&color=%23ff5500&hide_related=true&show_comments=false&show_user=true&show_reposts=false&show_teaser=false&visual=true
1921	2bznfhs1	Armin van Buuren @ Mainstage, Parookaville, Germany	8.445	14300	24	1.0	55	0.545	youtube	0	https://www.youtube.com/watch?v=MzO7JaIRNPo
1922	18zk6nt	Armin van Buuren @ 538 Koningsdag, Chasseveld Breda, Netherlands	8.444	5100	8	1.0	27	0.63	soundcloud	0	https://w.soundcloud.com/player/?url=https://api.soundcloud.com/tracks/202803066&show_artwork=true&color=%23ff5500&hide_related=true&show_comments=false&show_user=true&show_reposts=false&show_teaser=false&visual=true
1923	1mrhwsb1	Disco Lines - Good Good Radio 017	8.444	194	0	1.0	13	0.077	soundcloud	1	https://w.soundcloud.com/player/?url=https://api.soundcloud.com/tracks/1987385663&show_artwork=true&color=%23ff5500&hide_related=true&show_comments=false&show_user=true&show_reposts=false&show_teaser=false&visual=true
1924	2hpqn5p9	Disco Lines - Good Good Radio 018	8.444	143	0	1.0	14	0.143	soundcloud	1	https://w.soundcloud.com/player/?url=https://api.soundcloud.com/tracks/1987387215&show_artwork=true&color=%23ff5500&hide_related=true&show_comments=false&show_user=true&show_reposts=false&show_teaser=false&visual=true
1925	4f0fjqk	Axwell @ Nova Era EDP Beach Party, Portugal	8.444	8300	15	1.0	52	0.712	youtube	0	https://www.youtube.com/watch?v=m5BikVFjQPw
1926	3zjgfut	Hardwell @ Main Stage, Spring Awakening Music Festival, United States	8.443	15200	13	0.972	74	0.622	youtube	0	https://www.youtube.com/watch?v=hMYFNZG8kGc
1927	6z09u41	Bassjackers @ Smash The House Stage, Tomorrowland, Belgium	8.443	12600	19	1.0	52	0.596	youtube	0	https://www.youtube.com/watch?v=J3cqEW6J7X8
1928	g6jdxr9	Dimitri Vegas & Like Mike - Tomorrowland Friendship Mix Around The World	8.442	3200	13	1.0	22	0.682	soundcloud	0	https://w.soundcloud.com/player/?url=https://api.soundcloud.com/tracks/842739940&show_artwork=true&color=%23ff5500&hide_related=true&show_comments=false&show_user=true&show_reposts=false&show_teaser=false&visual=true
1929	2486k01	Martin Garrix @ Escape Psycho Circus, NOS Events Center San Bernardino, United S	8.441	13000	7	1.0	64	0.688	youtube	0	https://www.youtube.com/watch?v=BmvSv_TTKMg
1930	2xt39w9	Dannic & Dyro & Hardwell @ UMF Radio Stage, Ultra Music Festival Miami, United S	8.441	22700	10	0.963	65	0.569	youtube	0	https://www.youtube.com/watch?v=OE9CQjEnYy0
1931	8fjrv89	Dillon Francis - Triple J (JJJ) Get Low Mix	8.441	5500	6	0.972	36	0.667	soundcloud	0	https://w.soundcloud.com/player/?url=https://api.soundcloud.com/tracks/133828704&show_artwork=true&color=%23ff5500&hide_related=true&show_comments=false&show_user=true&show_reposts=false&show_teaser=false&visual=true
1932	11b24c1	Axwell @ MTV Mobile Beats Festival Essen, Germany	8.44	5700	5	1.0	39	0.897	youtube	0	https://www.youtube.com/watch?v=LJmzu_HzCVQ
1933	2u6hrlk	Dimitri Vegas & Like Mike & Wolfpack @ Alive Music Festival Monterrey, Mexico	8.44	9000	14	0.938	71	0.761	youtube	0	https://www.youtube.com/watch?v=tUO99FnEmW4
1934	2lfgmvk	Hardwell - Stadium Live Moscow Radio Record Birthday Party	8.439	12800	15	0.972	70	0.643	youtube	0	https://www.youtube.com/watch?v=jPw7wETDcmg
1935	2n6dtth1	Martin Garrix @ DJ Mag Top 100 DJs Awards, The Empire State Building New York, U	8.439	18100	45	1.0	40	0.425	youtube	0	https://www.youtube.com/watch?v=3zNx1Cj1010
1936	7428ls9	Tiesto & Hardwell & Icona Pop & Many More @ A Town Called Paradise Album Release	8.439	6900	19	1.0	40	0.725	youtube	0	https://www.youtube.com/watch?v=iSxNFTN87YI
1937	20f6p3z1	Hardwell @ Main Stage 2, Lollapalooza Argentina	8.438	11300	26	1.0	77	0.584	youtube	0	https://www.youtube.com/watch?v=6x3biRXbQHg
1938	2fsdj7tk	Tiësto @ Mainstage, Ultra Music Festival Miami, United States	8.438	33300	64	1.0	55	0.255	youtube	0	https://www.youtube.com/watch?v=KO7cYLLFbLw
1939	2ggdbkp9	ZHU @ Hakuba Iwatake Mountain Resort, Japan (Cercle)	8.438	21300	31	1.0	28	0.179	soundcloud	0	https://w.soundcloud.com/player/?url=https://api.soundcloud.com/tracks/777596257&show_artwork=true&color=%23ff5500&hide_related=true&show_comments=false&show_user=true&show_reposts=false&show_teaser=false&visual=true
1940	1v00l2k	Nicky Romero @ Protocol Radio 150 (Live From Radio 538 Studio)	8.437	22400	34	1.0	27	0.407	youtube	0	https://www.youtube.com/watch?v=7wVmFjNcbZk
1941	21xj7rt	Afrojack @ Ultra Music Festival Miami, United States	8.437	16600	2	0.957	23	0.783	youtube	0	https://www.youtube.com/watch?v=5fWZvN8NWxs
1942	2m01utgk	Don Diablo - Hexagon Radio 095	8.437	7900	11	1.0	18	0.5	soundcloud	0	https://w.soundcloud.com/player/?url=https://api.soundcloud.com/tracks/294430534&show_artwork=true&color=%23ff5500&hide_related=true&show_comments=false&show_user=true&show_reposts=false&show_teaser=false&visual=true
1943	1t70rst	Steve Angello @ Source Of Light, Sensation Germany	8.436	5700	6	1.0	33	0.879	youtube	0	https://www.youtube.com/watch?v=qfh_2-rwlsg
1944	1w290zt	Swedish House Mafia @ Rock In Rio Madrid, Spain	8.433	6100	14	1.0	59	0.78	youtube	0	https://www.youtube.com/watch?v=nVhb7F0pXx0
1945	2nvbu95k	Hardwell - Hardwell On Air 276	8.433	18000	35	1.0	20	0.45	youtube	0	https://www.youtube.com/watch?v=faqDA1RppvA
1946	12p14fxt	Tchami & Malaa @ Lost Frequencies & Friends Stage, Tomorrowland Weekend 2, Belgi	8.432	10900	11	1.0	31	0.677	youtube	0	https://www.youtube.com/watch?v=4JHF1Z0ZT3k
1947	177xc4lk	Lucas & Steve @ Main Stage, Tomorrowland Weekend 1, Belgium	8.432	14000	9	1.0	56	0.643	youtube	0	https://www.youtube.com/watch?v=czN2R4WFhD8
1948	2k4mwmmk	Hardwell - Hardwell On Air 302	8.432	13200	32	1.0	19	0.526	youtube	0	https://www.youtube.com/watch?v=Xm9D3YhuXXw
1949	30wcqf9	Tiesto @ BBC Radio 1 Big Weekend Glasgow, United Kingdom	8.432	6200	11	1.0	25	0.8	youtube	0	https://www.youtube.com/watch?v=HuCR-FvO5o4
1950	vhr1179	Steve Angello & Sebastian Ingrosso @ Freedom Stage, Tomorrowland Weekend 1, Belg	8.432	13300	27	0.976	60	0.567	youtube	0	https://www.youtube.com/watch?v=iY17F6cBGGY
1951	qw4u6c9	deadmau5 @ Retro5pective DJ Set, Worldwide Stage, Ultra Music Festival Miami, Un	8.431	7500	24	1.0	21	0.429	soundcloud	0	https://w.soundcloud.com/player/?url=https://api.soundcloud.com/tracks/2067906924&show_artwork=true&color=%23ff5500&hide_related=true&show_comments=false&show_user=true&show_reposts=false&show_teaser=false&visual=true
1952	717nvrt	The Chainsmokers - Nice Hair 001	8.43	12800	6	1.0	20	0.45	soundcloud	0	https://w.soundcloud.com/player/?url=https://api.soundcloud.com/tracks/164708505&show_artwork=true&color=%23ff5500&hide_related=true&show_comments=false&show_user=true&show_reposts=false&show_teaser=false&visual=true
1953	yuwrprk	Oliver Heldens @ Heldeep Radio 116 (My House Stage, Tomorrowland, Belgium)	8.43	15500	11	1.0	65	0.6	youtube	0	https://www.youtube.com/watch?v=qvtC7u7qNnA
1954	6hw98bt	Tiesto @ Radio 538 De Avondploeg	8.429	3000	7	1.0	10	1.0	youtube	0	https://www.youtube.com/watch?v=DewJx7kvpvg
1955	clmbuwk	Dom Dolla @ Red Rocks Amphitheatre, United States	8.429	11200	15	0.972	36	0.417	soundcloud	0	https://w.soundcloud.com/player/?url=https://api.soundcloud.com/tracks/1491932335&show_artwork=true&color=%23ff5500&hide_related=true&show_comments=false&show_user=true&show_reposts=false&show_teaser=false&visual=true
1956	yujs69	Tiësto @ Electric Zoo, United States	8.429	16700	13	0.967	45	0.6	youtube	0	https://www.youtube.com/watch?v=pJ3g1absnFA
1957	1fupwsk	deadmau5 @ HARD Day Of The Dead Los Angeles, United States	8.428	7900	7	1.0	19	0.789	youtube	0	https://www.youtube.com/watch?v=1mI_-_IRuI0
1958	1nhf5gzk	John Summit - SLAM! MixMarathon	8.428	131	0	0.923	13	0.231	soundcloud	1	https://w.soundcloud.com/player/?url=https://api.soundcloud.com/tracks/1280596084&show_artwork=true&color=%23ff5500&hide_related=true&show_comments=false&show_user=true&show_reposts=false&show_teaser=false&visual=true
1959	20dvk99	Sander van Doorn & Oliver Heldens - THIS Mix	8.428	7900	19	1.0	25	0.44	soundcloud	0	https://w.soundcloud.com/player/?url=https://api.soundcloud.com/tracks/171162265&show_artwork=true&color=%23ff5500&hide_related=true&show_comments=false&show_user=true&show_reposts=false&show_teaser=false&visual=true
1960	828y9p9	Hardwell - Hardwell On Air Yearmix 2014 Part 2	8.428	13400	14	1.0	61	0.607	youtube	0	https://www.youtube.com/watch?v=Tst_Mbo04N0
1961	1rd7bp8t	John Summit & Sean Maynard - Dance Anthems Radio Show 017	8.427	52	0	1.0	37	0.351	soundcloud	1	https://w.soundcloud.com/player/?url=https://api.soundcloud.com/tracks/868400389&show_artwork=true&color=%23ff5500&hide_related=true&show_comments=false&show_user=true&show_reposts=false&show_teaser=false&visual=true
1962	w1htj8k	Hardwell - Hardwell On Air 281	8.427	17100	27	1.0	17	0.235	soundcloud	0	https://w.soundcloud.com/player/?url=https://api.soundcloud.com/tracks/279027504&show_artwork=true&color=%23ff5500&hide_related=true&show_comments=false&show_user=true&show_reposts=false&show_teaser=false&visual=true
1963	h1b64r9	RL Grime - Halloween VI	8.426	32700	20	1.0	48	0.125	soundcloud	0	https://w.soundcloud.com/player/?url=https://api.soundcloud.com/tracks/348867878&show_artwork=true&color=%23ff5500&hide_related=true&show_comments=false&show_user=true&show_reposts=false&show_teaser=false&visual=true
1964	2pvz2gkt	Alesso - Night Owl Radio 196	8.425	3900	5	1.0	36	0.722	soundcloud	0	https://w.soundcloud.com/player/?url=https://api.soundcloud.com/tracks/622932312&show_artwork=true&color=%23ff5500&hide_related=true&show_comments=false&show_user=true&show_reposts=false&show_teaser=false&visual=true
1965	103vqmfk	Armin van Buuren @ Mainstage, Untold Festival Dubai, United Arab Emirates	8.424	17300	39	0.95	65	0.492	youtube	0	https://www.youtube.com/watch?v=LmWQyeaME2k
1966	2k7krz11	Tiësto - Club Life 663 (Best of AFTR:HRS)	8.424	6200	10	1.0	18	0.556	soundcloud	0	https://w.soundcloud.com/player/?url=https://api.soundcloud.com/tracks/730536139&show_artwork=true&color=%23ff5500&hide_related=true&show_comments=false&show_user=true&show_reposts=false&show_teaser=false&visual=true
1967	82m9l9	Swedish House Mafia @ Radio 1's Essential Mix Ibiza Special (Cream, Amnesia Ibiz	8.424	16900	26	1.0	25	0.24	soundcloud	0	https://w.soundcloud.com/player/?url=https://api.soundcloud.com/tracks/217233342&show_artwork=true&color=%23ff5500&hide_related=true&show_comments=false&show_user=true&show_reposts=false&show_teaser=false&visual=true
1968	3u1ydd9	Valentino Khan @ Owsla Stage, HARD Day Of The Dead, United States	8.423	4900	7	1.0	64	0.891	youtube	0	https://www.youtube.com/watch?v=JLGhnauWFmI
1969	10s30qzk	KSHMR @ circuitGROUNDS, EDC Las Vegas, United States	8.422	8700	14	0.952	47	0.745	youtube	0	https://www.youtube.com/watch?v=yliadvN3UrQ
1970	2c807tt	Tiësto @ Staples Center Los Angeles, United States	8.422	9400	16	1.0	57	0.667	youtube	0	https://www.youtube.com/watch?v=7t3ix1RrHDw
1971	44qpnpt	Steve Aoki @ circuitGROUNDS, EDC Las Vegas, United States	8.421	9300	2	1.0	21	0.857	youtube	0	https://www.youtube.com/watch?v=HybxjfnhQCc
1972	yy19kf9	Tiësto - Club Life 653 (Hits Of Summer Special)	8.42	8000	14	1.0	21	0.714	youtube	0	https://www.youtube.com/watch?v=5cu4uBQF2A8
1973	ztdnqut	KSHMR @ Live Stage, Ultra Music Festival Korea, South Korea	8.419	4100	5	1.0	24	0.958	youtube	0	https://www.youtube.com/watch?v=R45r4crZS3w
1974	169jp97k	Hardwell - Hardwell On Air 293	8.418	15100	29	1.0	18	0.5	youtube	0	https://www.youtube.com/watch?v=nwKkm_IILdI
1975	243dfw39	CID - 1001Tracklists Exclusive Mix	8.418	7100	9	1.0	15	0.533	soundcloud	0	https://w.soundcloud.com/player/?url=https://api.soundcloud.com/tracks/305958357%3Fsecret_token%3Ds-wT90X&show_artwork=true&color=%23ff5500&hide_related=true&show_comments=false&show_user=true&show_reposts=false&show_teaser=false&visual=true
1976	15flgx2k	Oliver Heldens @ SLAM! Mix Marathon XXL (Amsterdam Dance Event Special, Netherla	8.415	5100	14	1.0	21	0.81	youtube	0	https://www.youtube.com/watch?v=PADTZo7037k
1977	18vm1k9	Tiësto @ kineticFIELD, EDC Mexico	8.415	8300	14	1.0	54	0.704	youtube	0	https://www.youtube.com/watch?v=IvarRqEfGPk
1978	2p4fgnk	Dimitri Vegas & Like Mike - Smash The House 069	8.415	7600	4	1.0	57	0.842	youtube	0	https://www.youtube.com/watch?v=xg7sptEx0Ms
1979	fgq5p71	Alesso @ Mainstage, Tomorrowland Weekend 1, Belgium	8.415	23900	30	1.0	43	0.395	youtube	0	https://www.youtube.com/watch?v=I01UakJjElk
1980	zc4711	Oliver Heldens - Heldeep Radio 001	8.414	9800	9	1.0	26	0.462	soundcloud	0	https://w.soundcloud.com/player/?url=https://api.soundcloud.com/tracks/153710533&show_artwork=true&color=%23ff5500&hide_related=true&show_comments=false&show_user=true&show_reposts=false&show_teaser=false&visual=true
1981	2kfydskt	James Hype @ kineticFIELD, EDC Las Vegas, United States	8.413	6200	12	1.0	47	0.532	soundcloud	0	https://w.soundcloud.com/player/?url=https://api.soundcloud.com/tracks/1520285452&show_artwork=true&color=%23ff5500&hide_related=true&show_comments=false&show_user=true&show_reposts=false&show_teaser=false&visual=true
1982	1s02j969	Tchami @ Perry's Stage, Lollapalooza Brazil	8.412	7300	8	1.0	42	0.786	youtube	0	https://www.youtube.com/watch?v=jZJH6Lhs4Uo
1983	238wyht9	Armin van Buuren @ KISS FM KISSFest	8.411	3200	7	1.0	11	0.727	soundcloud	0	https://w.soundcloud.com/player/?url=https://api.soundcloud.com/tracks/795864211&show_artwork=true&color=%23ff5500&hide_related=true&show_comments=false&show_user=true&show_reposts=false&show_teaser=false&visual=true
1984	14hsymjt	Martin Garrix @ ANIMA (18+ Show), RAI, Amsterdam Dance Event	8.41	14600	12	1.0	69	0.594	youtube	0	https://www.youtube.com/watch?v=CwE-haZR2fc
1985	6vz0xu9	Tiësto @ Ultra Music Festival Europe, Croatia	8.41	7100	10	1.0	26	0.769	youtube	0	https://www.youtube.com/watch?v=y0vHOJ9ScKg
1986	81u6869	Martin Garrix @ BBC Radio 1 Big Weekend Glasgow, United Kingdom	8.41	7700	3	1.0	36	0.861	youtube	0	https://www.youtube.com/watch?v=E6rjrDgqv-Q
1987	16gtq38k	Jax Jones & Amine Edge & DANCE & FISHER - House Work Radio	8.409	467	2	1.0	20	0.0	youtube	1	https://www.youtube.com/watch?v=e7wyEs1I5Hg
1988	18gdj4pt	Armin van Buuren @ ASOT Stage, Ultra Music Festival Miami, United States	8.408	9900	23	1.0	36	0.611	youtube	0	https://www.youtube.com/watch?v=M2gWbMJ9rQk
1989	1jsqwz51	DJ Snake @ Mainstage, Ultra Music Festival Miami, United States	8.408	10400	17	1.0	57	0.632	youtube	0	https://www.youtube.com/watch?v=KvvVvECaw7g
1990	30utkxk	Tchami - All Gone Pete Tong Radio Show Guestmix	8.408	9200	3	1.0	14	0.571	soundcloud	0	https://w.soundcloud.com/player/?url=https://api.soundcloud.com/tracks/147258949&show_artwork=true&color=%23ff5500&hide_related=true&show_comments=false&show_user=true&show_reposts=false&show_teaser=false&visual=true
1991	1klq5759	Blasterjaxx @ SLAM! MixMarathon Quarantine Festival, Rotterdam The Hague Airport	8.407	4100	7	1.0	38	0.921	youtube	0	https://www.youtube.com/watch?v=sE1clF4dcoQ
1992	2l2l8gqk	KSHMR - Welcome to KSHMR Vol. 8	8.407	10100	20	1.0	29	0.621	youtube	0	https://www.youtube.com/watch?v=Ccr2Zm4KT-o
1993	lrbtjvt	Hardwell - Hardwell On Air 274	8.405	19300	38	1.0	17	0.412	youtube	0	https://www.youtube.com/watch?v=wT1eFmtTYBM
1994	2n9jm02t	VIZE & John Summit - N-JOY Radio Residents	8.404	151	0	1.0	36	0.111	soundcloud	1	https://w.soundcloud.com/player/?url=https://api.soundcloud.com/tracks/1769373375&show_artwork=true&color=%23ff5500&hide_related=true&show_comments=false&show_user=true&show_reposts=false&show_teaser=false&visual=true
1995	1f25m2jt	Armin van Buuren @ Mainstage, Tomorrowland Weekend 2, Belgium	8.403	8900	22	1.0	44	0.636	youtube	0	https://www.youtube.com/watch?v=v7PJqCTX5ZE
1996	2pv08ujk	Lucas & Steve @ Mainstage, Tomorrowland Weekend 1, Belgium	8.403	11900	15	0.97	56	0.643	youtube	0	https://www.youtube.com/watch?v=pMUWmlSdcRI
1997	sbbzym9	Don Diablo @ SLAM! Bij Igmar, Netherlands	8.403	4500	4	1.0	20	0.95	youtube	0	https://www.youtube.com/watch?v=tkWvhFhJo9k
1998	xwx4hv9	Martin Garrix @ Mainstage, Ultra Music Festival Korea, South Korea	8.403	9600	9	1.0	38	0.711	youtube	0	https://www.youtube.com/watch?v=K9toptGQRUY
1999	3860h9	Armin van Buuren @ Sensation, Netherlands	8.399	9200	15	1.0	12	0.417	soundcloud	0	https://w.soundcloud.com/player/?url=https://api.soundcloud.com/tracks/198736418&show_artwork=true&color=%23ff5500&hide_related=true&show_comments=false&show_user=true&show_reposts=false&show_teaser=false&visual=true
2000	17g33p8t	Tiësto - Club Life 768	8.398	3400	0	1.0	30	0.933	soundcloud	0	https://w.soundcloud.com/player/?url=https://api.soundcloud.com/tracks/1179570067&show_artwork=true&color=%23ff5500&hide_related=true&show_comments=false&show_user=true&show_reposts=false&show_teaser=false&visual=true
